company_name,domain
24/7 PRO DRAIN ROOTER PLUMBING SERVICE AND REPAIR.,
24H Mold Inspection of Palos Verdes,24hmoldinspection.com
3rd Coast Rentals,3rdcoastrental.com
406 Mobility Rentals LLC,406mobility.com
4Rent Renta De Maquinaria Y Equipo,maquinaria4rent.com
"4X4, LLC CRANE SERVICES",
513 Crane,513crane.com
777 Rentals | Equipment and Trailer Rentals in Dallas,777-rentals.com
7S Crane Service,7scraneservice.com
808 Crane Rentals And Sales INC,808crane.com
A-1 Crane,sacramentocraneservice.com
A-1 Crane Service,a-1crane.com
A-1 Crane Service Inc,a1craneserviceinc.com
A-1 Crane Services,
A-1 Forklifts,a1forkliftsrc.com
A&A Crane & Rigging,smallcraneservicenewyork.com
A & A Equipment Rental,
A&A Event Rentals,aaevent-rentals.com
A&B Party Rentals,
A C Crane Service,
A.G.K Chair & Party Rentals,
A&G party rental,partyrentalag.com
"A.L.'s BIG Air, LLC",alsbigair.com
A & S Party Rental LLC.,asplayzone.com
A Superior Crane,superiorcrane.info
A Trio Rentals & Balloons,thesignaturebar.my.canva.site
A~Z Crane Service,
A1 Skid Steer Service,a1skidsteerservice.com
Above All Equipment,aboveallequipmentsales.com
Above All Rentals,aboveallrentalsut.com
AC Power Production,acpowerproduction.com
Accurate One Construction,coachellavalleywaterheaterrepair.com
Ace Services LLC,aceserviceswv.com
ACF Rentals,acfrental.com
Advance Solutions,advancesolutions.co.in
Advanced Equipment Group,aegheavyequipment.com
Aerial Lifts Rental,
AET PRO'S,aetpros.com
Affordable Crane Service,affordablecrane.com
Affordable Heavy Equipment LLC,
Air Bounce Moonwalk Rentals,
Air Performance Heating & Cooling,airperformanceheating.net
Air Swing Golf,airswinggolf.com
Albatross Crane,albatrosscrane.com
Albert Equipment Sales,albertequipmentsales.com
All about bounce inflatables inc.,allaboutbounceinflatables.com
All About Fun Rentals,allaboutfunrentals.com
All County Rentals & Hauling,allcountyrentalshauling.com
All Crane Service LLC,allcraneservice.com
All In Rentals (AIR),airattleboro.com
All Med Equipment,allmedequipment.com
All Occasions Party Rentals,
All Pro Rigging,allprorigging.com
ALL Seasons Tree Services,allseasonstreellc.com
"All Valley Crane, Inc.",allvalleycranesvc.com
Alley Cat Crane Service,alleycatcrane.com
Alliance Crane Service,alliancecraneservice.com
Alliance Tool Rentals,alliancetoolrentals.com
Allied Equipment Rentals,alliedequipmentllc.com
Allingham Corporation,allinghamcorp.com
Allseasonrentals559,allseasonrentals559.com
Alpha Axes TX,alphaaxestx.com
Alpha Crane,alpha-crane.com
Alpha Trailer and Equipment Rental,
Alpine crane service,
Alpine West Cranes,
Alta Event Rental,altaeventrental.com
AM Equipment LLC,
Aman Construction Equipment,amanequipment.com
AMD Trailer Rental,amdtrailerrental.com
American Aerial Services Inc,americanaerialservices.com
American Crane Services,americancraneservices.com
American Equipment Rentals,americanrentals.org
"American Forklift Company, LLC",amliftco.com
American Lifting Crane Service,bookamericanlifting.com
American Lifts USA,americanliftsusa.com
American Machinery Liquidators,americanmachinery.com
American Pride Crane,commercialcraneslongmont.com
AmPro Tool Rentals LLC,amprorentals.com
"Amstaff Crane, Inc.",
Anchai Repair Solutions — Mobile Equipment and Auto Repair,anchairepairs.com
Anda Trailer Rentals,andatrailerrentals.com
Anderson Crane Service,
"Andy's Tractor Repair, LLC",andystractorrepair.com
Anerican Forklift Scale,americanforkliftscale.com
Angeles Party Rentals,angelespartyrentals.com
Angelitos Jumpers Party and Events Rentals,angelitosjumpers.com
Anil Rana core cutting slab cutting service,coreconcretecutting.in
Ann Arbor Excavating Company,excavatingannarbor.com
APEX CRANE Boom Truck Service LLC,apexcranefl.wixsite.com
APEX Crane Service LLC,apexcraneservicellc.com
Apex Crane Services LLC,apexcraneserviceswi.com
"Apex Forklift Solutions, LLC",apexforkliftsolutions.com
Arch Rental Solutions LLC,
Arctic AC Rentals,arcticsacrentals.com
Arctic Machinery,
Arena Crane and Rigging,arenacrane.com
"Arizona Construction Equipment, Inc.",azce.com
Arizona Crane,
Arizona Tractor Sales,arizonatractorsales.com
"Arrow Crane & Rigging, LLC",wisconsincraneservices.com
Art's Party Rentals,artspartyrentals.com
Asap Mobile Diesel & Auto Repair and Roadside Service,asapmobilediesel.com
ATL AV Rentals,
Atlanta Dehumidifier Rental,
Atlantic Rental,
Atlas On-Site Welding & Mechanical,atlasonsitewelding.com
AV Group,avgroupny.com
AVC Bounce Rentals,
"AZ Tractor Works, LLC",aztractorworks.com
B & B Lift Truck Service,bnblifttruck.com
B&B Services of Florida,b-bsfl.com
B. East Grading Services LLC,beastgrading.com
B W Strayhorn Co Inc,bwstrayhorn.com
Baby's Away - Chicago,babysaway.com
"Babyquip Baby Gear Rental, Mayden Coloma",babyquip.com
Backyard Aces,backyardaces.com
Baker & Baker Crane Service,towing-woodburn.com
Bash and Bounce-Reno/Tahoe Modern Bounce Houses,bashandbounce.com
Battlefield Equipment Rentals,battlefieldequipment.ca
Bay Area Moving Co,bayareamove.com
Bay Machine Works,baymachineworks.com
BBi Material Handling & Office Solutions (BIG Boi Installations & Services),bbi4work.com
BCM Crane Services,bcmcraneservices.com
Beaverton Trailer Rentals,beavertontrailerrentals.com
Beckett AVL Production LLC,
Bellingham Grip,bellinghamgrip.com
Ben's Crane Service LLC.,benscraneservice.com
"Bender Rents, LLC - Bellingham Excavator Rental",benderrents.com
Benson Crane,bensoncrane.net
Berg Equipment,bergequipment.ca
Berkeley Scaffolding Rental,berkeleyscaffolding.com
Best Crane & Rigging Inc,bestcraneinc.com
Best Crane Service Inc,bestcranesvc.com
Best in Tents,bestintents.com
Best Rentals NWA,bestrentalsnwa.com
Bethel Crane,bethelcrane.com
Big Daddy Cranes,
Big Fella’s crane,bfcrane.com
Big Iron Intl,bigironintl.com
Big Stuff Equipment Sales,bigstuffequipmentsales.com
BiTS Cctv Camera Shop,
BL Equipment Rental and Supplies,
Black Falcon Rentals,blackfalconrentals.com
Blaine's Crane Service,
Blaster Bash Party Rentals LLC,blasterbashpartyrentals.com
Blue Crane LLC,bluecrane.us
Blue Dog Equipment,bluedogga.com
Blue Line Crane LLC,bluelinecrane.com
Blue Oceans Equipment And Rentals,blueoceansequipment.com
Blueprint Rentals,blueprintrentals.net
BlueRayne Rentals - Portable Air and Spot Cooling,blueraynerentals.com
Blues City Bounce,bluescitybounce.com
BMZ Equipment Rentals,rentbmzequipment.com
Bob Hegarty's North Jersey Crane Services LLC,hegartycrane.com
Bobcat of Windsor,oakenequipment.ca
Bobo & Bia’s Party Rentals LLC,boboandbiaspartyrentals.com
Bonafide Truck and Heavy Equipment Repair,bonafidetruckandheavyequipmentrepair.com
Boom Daddy Crane Service,boomdaddycraneservice.com
Boom Lift Rental,boomliftrental.org
"Bordelon’s Crane Service & Tree Removal, LLC",
Boulder Dam Crane Co LLC,
Bounce Empire LLC,bouncempirellc.com
Bounce House Captains,bouncehousecaptains.com
Bounce House Kingz,bouncehousekingz.com
Bounce House Mission Viejo,bouncehousemissionviejo.com
Bounce Kraze Party Rentals LLC,bouncekrazemiami.com
BounceMania Rental,bouncemaniarental.com
Bouncey House Rentals,bounceyhouserentals.com
Boxed Events For Rent,boxedeventsforrent.com
Boxi Inc,
Brewer Crane & Rigging,brewercrane.com
Broad Reach Crane And Tree Service,brcraneandtree.com
"Broome County Rental, LLC",broomecountyrental.com
Brothers Crane Service LLC,brotherscraneservice.com
Bruce Equipment Rentals,bruceequipmentrentals.com
Bucket Truck NY,buckettruckny.com
Buddin's Construction,buddinsconstruction.com
Budget Dumpster (Newark),budgetdumpster.com
Bukitt Enterprise,
Burn Debris LLC,burndebris.com
Butch's Crane Services,butchscraneservices.com
BW Crane Service,
C&C Equipment Solutions LLC.,
C&C Inflatables Of Middle Georgia LLC,ccinflatablesofmiddlegallc.com
C.E.N.A CRANE SERVICES CORP.,cenacraneservices.com
C G Enterprises,
C&M Equipment Rental,
CABANA-MAN LLC,
Cal Equipment,cal-equipment.com
CALEXIC PLUMBING REPAIR SERVICES RESIDENTIAL AND COMMERCIAL.,veritableremodelingcontractor.com
California Equipment Company,californiaequipment.com
Callahan Mechanical Services,callahanmechanicals.com
Calumet Crane Service LLC,
Cambridge Farm Machinery,cambridgefarmmachinery.co.uk
Cammie's Lil Gear Rentals,lilgearrentals.com
Campanoli Crane Service,campanoli.com
Campbell Crane Services,
Can-Pick Crane Rental,canpickcranerental.com
Cana Party Rentals,
Canon Image Square,imagesquare.in.canon
Capitol Trailer Leasing,capitol.storage
Card My Yard - Northwest Arkansas,cardmyyard.com
Carlson Brothers Machining and Excavating llc,
"Carlson Crane Co., Inc.",
"Caster's Tow & Transport LLC - Roadside Assistance, Emergency Auto Towing & Recovery Service Independence MO",casterstowmo.com
Catamount Crane Company,
CDA Kids Rental and Play,cdakid.com
CDA South Equipment Rental,cdasouth.net
Cedarwood equipment rental,
CenTex Crane Service,cen-texcraneservice.com
Central Crane,carolinacentralcrane.com
Central Valley Crane,
Certified Forklift Repair,
Chambers Lawn & Power Product Inc,
Champion Crane - A Division Of Economy Sign Inc.,championcrane.biz
Charlie Cranes,
Charlie Cranes Inc,
Charlie Walkrich Event AV + Video Production,charliewalkrich.com
CHAT RENTALS AND EQUIPMENT LLC,
Chateau Bounce & Balloons,chateaubounce.com
Cheeseball Man Productions,cheeseball-man-productions.square.site
Chesapeake Equipment Services LLC,
Chicago Baby Gear Rental LLC,chicagobabygearrental.com
Chicopee Jump and Bounce House Rentals,chicopeemabouncehouserentals.com
Choice Party Rentals of Miami LLC,choicepartyrentalsofmiami.com
Cipully Crane Service LLC,cipullycrane.com
City 2 City Industrial Repair,city2cityindustrialrepair.com
CJ's Bounce Party Rental,cjbounceparty.com
Clicks Camera Store,
Co-Pilot A/C Rentals LLC,copilotaz.com
"Coastal Crane & Equipment, Inc.",
Coastal Excavation & Construction Inc,coastalex.com
Coldfoot Crane Service,coldfoot.co
Cole & Equipment,coleandequipment.com
Collierville Yard Greetings,colliervilleyardgreetings.com
Colorado Crane Services LLC,
"Colton Crane Service, LLC",coltoncraneservice.com
Commercial Truck Buyer,
Como Farm Equipment,agdealer.com
Construction Equipment Texas,constructionequipmenttexas.com
Cool Cubes Rentals LLC,rentcoolcubes.com
Cooper Equipment Rentals,cooperequipment.ca
Coragui Rental,coraguirental.com
CORTEZ ENTERTAINMENT,
Cotti Equipment,cottiequipment.com
Cowboys Cranes,cowboyscranes.com
CP PLUS Galaxy Zip Zap Computers,stores.cpplusworld.com
Crainco,craincoinc.com
Crane Property Services and Steel LLC,
Crane Rental Houston Pros,
Crane Rental Service,
"Crane Safe, LLC.",cranesafellc.com
Crane Technologies of Alaska LLC,cranetechalaska.com
Craneable inc.,craneableinc.com
Cranes Cooling Heating And Plumbing,cranescoolingdaytona.com
Crazy Monkey Jumps,crazymonkeyjumps.com
Crest Capital,crestcapital.com
CT Water Slide - Bounce House rental,bestbouncearound.com
CW Equipment & Rentals,cwequipment.supply
D & J Equipment Forklift Buyer,
D&J Equipment Rentals,dj-equipmentrentals.com
D&M Forklift Service,
D&P Crane Works LLC,dpcraneworks.com
D’ Party Rental,dpartyrental.com
D Yamada LLC,yamadallc808.com
DaeJin Machinery,
Dale's Excavating,dalesexcavating.com
Dallas Equipment Rentals,dallasequipmentrentals.net
Danilo's Rentals,
DCS Equipment Rental LLC,
Deleon Party Rentals,
"Demag Riggers & Crane Service, Inc.",
Dependable Lift Rentals,dependableliftrentals.com
Desert Cooler Specialist,desertcoolerspecialist.com
Desert Crane Services,desertcranelv.com
Desert Fun Party Rentals,desertfunpartyrentals.com
Desert Sun Crane,desertsuncrane.com
"Designated Trailer Friend (DTF) Rental Services, LLC",rentdtf.com
DFW Moonwalks,dfwmoonwalks.com
DH3 Equipment Co,dh3equipment.com
Direct Crane,directcrane.com
Dirty Dezert Equipment Rentals,
DMR Rentals LLC,dmrrentals.com
DMS Crane Services - On time Guaranteed!,dmscrane.com
"Doc's Crane & Rigging, Inc.",
Doncha Rentals,doncharentals.com
Doral Concrete Works,doralconcreteworks.com
Down & Dumping Trailers LLC,downdumpingtrailersllc.com
Downey Scaffolding Rental,downeyscaffoldingrental.com
"Downing Crane & Industrial Services, LLC",downingcraneandindustrialservi.godaddysites.com
Drivin2U,drivin2u.com
DRY OUT Rentals,dryoutrentals.com
Duct Care Services Pros,ductcareservices.com
Duke City Crane Co,
Dumpsters.com Detroit,dumpsters.com
Dunbar Equipment,dunbarequipment.com
Dylan’s Towing,
Dynamic Crane and Rigging,
E-Quip Rentals & Repairs Ltd,equiprentals.ca
E9 Equipment Rentals LLC,
Eagle Concrete Construction and Excavation,
"Eagle Crane, LLC",
Eagle Crane Services,
Eagle Crane Services LLC,
Eagle River Crane Service,eaglerivercrane.com
Eagle Smith Boom Service LLC,eaglesmithboomservice.com
Easy Rental Tools,
Eaton Equipment,eatonequipment.com
Ed's Cranes LLC,
Effects4Events,effects4events.com
EHI Rentals,equiptrentalsmn.com
"Elegant Crane Services, LLC",
Elevated Equipment Rental LLC,
Elevated Events,
Elite Crane Services,elitecraneaugusta.com
Elite Diesel Repair LLC,
Elite Rentals,eliterentals406.com
Elite Truck & Equipment Services,elitetruckequipmentservices.com
Emmanuel Crane Services,
EMPIRE CRANE SERVICES,
"Enchanted Playtime Rentals, LLC",enchantedplaytime.my.canva.site
Enchanted Rental,enchantedrental.com
Entourage Party Buses,entouragepartybuses.com
Enzo's Castles,enzoscastles.com
Equipment Direct Inc,eqdirect.com
Equipment Rental Dallas,equipmentrentaldfw.com
Equipment Rental Solutions,
Equipment Service Rental,
"Equipment Services of NC, LLC",esofnc.com
EquipmentMarketTrade,equipmentmarkettrade.com
Erin Crane Rental,erincranes.com
Evans Materials Handling,
Exodus Equipment,exodusequip.com
ExperiRents,experirents.com
Exterra Construction Inc,exterraconstructioninc.com
EZ Scissor Lifts,ezscissorlifts.com
Fairlane Event Rental,fairlaneeventrental.com
Falcon Crane Service,
Fantasy View,ftyview.com
Farm Boys Equipment Rental,farmboysfl.com
Farm Equipment Service Inc,
FBi Fun Bounce inflatables,fbinflatables.com
FCI Equipment Division,fciequipment.com
Find HVAC Dealer,
Finishing Touch Restroom Rentals,finishingtouchrestrooms.com
"Fletcher Event Rentals, LLC",fletchereventrentals.com
Flores Crane Services,
Florida Crane & Tree Surgeons,flcraneandtreesuregons.com
florida sunshine party rentals,
FoamyGiggles Foam Party Austin,foamygiggles.com
Force Equipment Rentals LLC,forceequipmentrentals.com
Forgotten Coast Crane Service Inc,crawfordvillecranerental.com
Forklift Parts & Supplies Of El Paso LLC,forkliftparts915.com
Forklift Service Center,forkliftservicecenter.net
Foundation Rentals,foundationrental.com
Fowler's Equipment Rental,
Frank Berlin Crane LLC,sarasotacraneservice.com
Freddy's Lux Rentals,freddysluxrentals.com
Frequency3 Event and Party Rentals,frequency3-event-and-party-rentals.booqableshop.com
Fresh Air Inflatables,freshairinflatables.com
Front Range Equipment Rentals,frontrangeequipmentrentals.com
Fruge Equipment Rentals LLC,
Fuggedaboutit Dumpsters Inc.,fuggedaboutitfl.com
Fun Palace Event Rentals,funpalaceinc.com
Funjump408,funjump408.com
FunTyme Party Rentals,app.acuityscheduling.com
Furnace Repair,socalphac.com
G & D and Sons Plumbing and Drain Services,
Galaxy Crane Services,galaxycranes.com
Gate City Industrial services,gatecitiesindustryservices.org
Gather Rentals LLC,gather-rentals.com
Gentek Power LLC,gentekpower.com
Gentry Forklift Services,gentryforkliftservices.com
George's Equipment Rental Inc.,
Get Hooked Crane Service,gethookedcrane.com
Giant Courtyard Material,
Gilchrist Equipment Rental,gilchristequipmentrental.com
Gilder Forklift Services,
Gilroy Bounce House,
Glam Bounce Party Rentals,glambouncepartyrentals.com
Global Computers,
Golden Scaffold,goldenscaffold.com
Golden Security Solution,goldensecuritysolutions.com
Gonzales Crane,gonzalescrane.com
Gonzalez Crane Service,gonzalezcrane.com
Good Bros Heavy Equipment Rentals,
Goodyear Event Rentals,goodyeareventrentals.com
Gorge Gear Co.,gorgegearco.com
Grúas El Profesional,
Grand Rapids Crane Rental,grandrapidscranerental.com
Gravity Power Solutions - UPS & Battery Dealers,gravitypowersolutions.com
Gray's Tree & Crane LLC,graystreecrane.com
GreatLakesEquipmentCo.,
Green Bin® kathy ireland® New Hampshire & Massachusetts,nh-ma.rentgreenbin.com
Greenhead Recycle LLC,greenheadrecycle.com
Greenway Florida Group,
"Grimes Crane & Equipment Services, LLC.",grimesces.com
Grindstone Used Equipment,grindstoneequip.com
Groove Merchant Northwest llc,groovemerchantnorthwest.com
"Gryphon Crane | Hoists, Parts, Service & More",gryphoncrane.com
GS DISTRIBUTING,gs-dist.com
Gulf Coast Crane Rental Company,gulfcoastcranerental.com
Gutierrez Crane LLC,
H&S Equipment Rentals,hsequipmentrentals.com
Hall Bros. Enterprises Ltd,hallbrosenterprises.com
Handy Rental LLC,handyrentalllc.net
Hansen Tractor & Equipment Repair LLC,
Happy Times Rentals,happytimesrentals.com
"Happyland Party Rental, Clarksville TN.",happylandpartyrentals.com
HardKnox Rentals LLC,hardknoxrentals.com
Harlingen Party Rentals,harlingenpartyrentals.net
Harrison Crane & Hauling,
Harvest Crane Rental,hcr.com
Harward Equipment Rental Inc.,harwardequipmentrental.com
HayZ Entertainment,hayzentertainment.com
HCH Excavating,hchexcavating.com
HD Fun Zone,hdfunzone.com
Heartland Crane and Rigging,
Heartwood Tree & Land Care,heartwoodtreeandland.com
Heave Ho Crane Company,heavehocranecompany.com
Heave Ho! Crane & Rigging,getheaveho.com
Heavy Bull Equipment Rentals,heavy-bull-equipment-rentals.square.site
Heavy Equipment Deals,heavyequipdeals.com
Heavy Equipment Parts LLC,heavy-equip.com
Heavy Industrial Machinery Services Inc,
"Heavy Industrial Tool Services Co., Inc.",
Heavy Machinery & Equipment,
Heavy Machinery Recycling Systems LLC.,
Heavy Metal Recycling Inc. ♻️,getheavymetalrecycling.com
Heavys Cash for Cars,heavyscashforcars.com
Henry Covera CAA Pros,henrycorvera.com
Hi Lift Crane Co.,hiliftcraneco.com
"Hickey Rentals, LLC",hickeytrailerrentals.com
Higgins Tool & Machinery,higginstool.com
"High Country Excavation, LLC - Landscape Excavator Service & Demolition Excavation Contractor",highcountryexcavation.com
High Lift Crane,highliftcrane.com
HighCountry Jumpers,highcountryjumpers.com
Hill Country Forklift LLC,hillcountryforklift.com
Hoist & Crane Services,hoistandcraneservices.com
Hoists,hoists.com
Holcomb Crane Service,holcombcrane.com
Hometown Forklift,
Hones-T Automotive and Heavy Equipment,
Hoppr Party Rentals,hoprental.com
Horst Equipment,
Hour Equipment LLC,hourequipment.com
Houston Equipment Rental,houstonmachinerentals.com
Howard Crane Service,howardcraneserviceca.com
Hughie Crane Rental,hughiecrane.com
Huntington Beach Scaffolding Rental,huntingtonbeachscaffolding.com
Hydrofix Plumber Chapel Hill,hydrofixplumber.com
Hylan Crane,hylancrane.com
I GOT THIS DIY TOOL RENTAL,
Idaho Equipment Rentals,idahoequipmentrentals.com
Incredible Jumpers Party Rentals,incrediblejumpers.com
Industrial Equipment Buyers,powerhouseequipmentbuyers.com
Industrial Training Service - onsite forklift operator certification,forkliftcertificate.net
Inflata-Fun (Inflatable) Rentals,inflatafunrentals.com
Inflatable Parties LLC/Bounce House Rental,inflatable-parties.com
Innovative Reach,innovativereach.com
Inspectra Crane Services LLC,inspectracraneservices.com
Intercoastal Cranes,
Iron Coast Equipment,ironcoastequipment.com
Iron Exchange Equipment Solutions LLC,ironexchange.net
"Iron Tech, LLC",irontechri.com
Ironfinders Heavy Equipment Rental Inc.,ironfindersrental.com
IronHaul LLC,ironhaulrental.com
IronMobile Crane Rental Los Angeles,ironmobilecranerentals.com
IronRoad Trailer Rentals LLC,ironroadtrailers.com
IV Rentals,
Ivan’s cranes,
J.A.M. Inflatables,jaminflatableok.com
J & J Crane Services,jjcraneservices.com
J&J's Crane Service,jjscrane.com
JA Equipment Rentals,jaequipmentrentals.com
JAC FORKLIFT USA LLC,jacforkliftusa.com
Jake Kubota Realtor,jakekubota.com
JAM Rentals,jamrentalsmi.com
JB Excavation Services LLC,jbe144.wixsite.com
JBA Equipment Rentals,jbaequipmentllc.com
JBoessen Crane and Rigging,jboessencrane.com
JBSRUSS Equipment services / rental,
JC & 4NS Cranes LLC,jc4nscranes.com
JC Rigging,jcrigging.co
JCB Diesel & Forklift Repair,
JD Truckn' Machinery,jdtrucknmachinery.com
Jerry Riggers Crane and Tree,jerryriggerscraneandtree.com
Jessie's Forklift Service,
JIMENEZ PARTY RENTALS,
JKJ Mechanical,
"JLMV Equipment, Hauling, and Rentals",jlmvequipment.com
JNP WATER TRUCKS - SERVICE WMBE,jnpwatertrucks.com
JNR Equipment,jnrequip.com
John Deere | Agebsa Matamoros,agebsa.com.mx
Johnny Crane Services,
Jones Rentals & Hauling,jonesrentalsandhauling.com
JT Crane Service,jtcraneservice.com
JT Equipment,jtequipmentrental.com
JT's Tree and Crane,jtstreeservice.com
Juanitos Toritos - Mechanical Bull Rentals | Jumper Rental Service I Party Equipment Rental | Party Rentals West Covina CA,juanitostoritos-ca.com
Julian Crane Rental,juliancranerental.com
Jumbo Jump Rental,jumbojumprental.com
Jump Around Rentals,jumparoundwi.com
Jump & Jam Party Rentals,jumpjamparty.com
Jump to the Stars Party Rentals,jumptothestars.com
JumpHouse Rentals – Party & Bounce House Rentals,jumphouse-rentals.com
Jumping Around Party Rentals,jumpingaroundtricities.com
Jumping Jenny's Rentals,jumpingjennysrentals.com
Justice Crane & Services,
JZ Mechanical Mobile Small Engine Repair,jzmechanicalinc.com
K&P Party Studio,
K&S Equipment Services Corp.,knsequipment.net
Kastle Kings Rentals Fitchburg,kastlekingsrentals.com
KBsforkliftrepair,
KD Trailer Rentals,kdtrailerrentals.com
Ken's Forklifts & Equipment,
Kimball Sales Company,kimballsales.com
King Crane Service,kingcraneservice.com
King Lift Services | Crane Service Orlando,kingliftservices.com
King Services Crane,305cranes.com
Kinser Crane Service,kinsercrane.com
KO Machinery,
Kofford Crane,koffordcranellc.com
Koto equipment trailer rental,
KraneWorks,kraneworksinc.com
KRF Trailers & Co.,krftrailersco.com
Kuz-n construction,kuz-n.com
"L R Associates, Inc.",larryrazza.com
L Romero's Rentals,
Labor Enterprise,laborenterprise.com
Ladd Crane Svc,
Land & Lift Platinum Services,landliftservices.com
Larson Equipment,
Las Vegas Crane Rental,cranerentallasvegas.com
Laviolette Crane Service,laviolettecraneservice.com
Lawn Fellows LLC,lawnfellows.com
Laxton Equipment,laxtonequipment.com
Left Coast Trailers LLC,leftcoasttrailers.net
Legacy Party Pros of Arkansas,legacyofarkansas.com
Lenovo Exclusive Store - Global Systems,store.lenovo.com
Level Up Amusements and Rentals,lvluprentals.com
Leveled Up Tree & Crane,leveleduptree.com
Lever Aerial Rentals Co,
Lewis Crane and Tree LLC,
Lewis Leverage,
Leyva Party Rentals,
LG Crane Company,lgcranecompany.com
LG Crane Service,lgcranesvc.com
"Lia’s Party Rentals- jumpers for rent in Moreno Valley, Tables Chairs",liaspartyrentals.com
"LIFT INSTALLERS, ALL SHOP EQUIPMENT",bayareacarlift.com
Lift Rental,liftrental.mx
Liftoff Crane Services,liftoffcranes.com
"Liftworx, Inc.",liftworxinc.com
Little Burro Equipment Rentals,littleburroequipmentrentals.com
Little Luxe Party NJ,
Lively Game Company,livelygamecompany.com
LLORENS HEAVY EQUIPMENT LLC,llorensheavy.com
LN Equipment,lnequipment.com
Load Up Solutions,loadupma.com
Loaders Inc,
LoadStar Dumpsters,loadstardumpsters.com
Lobbo Crane Rental LLC - SWFL Crane Service,lobbocranerental.com
Lone Peak Welding Rentals,lonepeakrental.com
Lonestar Crane Inspection,
Lorenzo Towing of PB INC,lorenzotowingpbinc.com
LS Tractor USA,lstractorsacramento.com
Lussi Trailer Rentals,lussitrailerrentals.com
Lutkers Crane LLC,lutkerscrane.com
M.C. Gomez Exporters LLC,mcgomezexporters.com
"M & M Machinery Moving, Inc.",mmmachinerymoving.com
M2 Bounce & Party Rentals LLC,m2partyrentals.com
Mad Moose Equipment Rentals and Sales,madmooseequipment.com
"Mad Pelican Equipment & Rentals, LLC",mad-pelican.com
Main Event Grills - Catering Equipment Rentals,maineventgrills.com
Mandex LED Displays,
Manley Crane,manleycrane.com
Manny's Party Rentals - Monrovia,mannyspartyrentals.com
Maple Leaf Tractors and Equipment Inc.,mltractors.com
Marchand Environmental,marchandenvironmental.com
Marco Industrial Cranes,marcoindustrialcranes.com
Martinez Rental,martinezrental.com
Marysville Equipment Rental,marysvillerental.com
"Massachusetts Equipment Rental, LLC",massequipmentrental.com
McGrath Municipal Equipment,mcgrathmuni.net
MCL Crane,
MDM Transports,mdmtransports.com
Melvin's Forklift Services,
Mendoza Equipment and Trailers Rentals,
Mercy Fiesta Jumper in CA,mercypartyrentals.com
Metal Trading USA,
MH Rental equipment LLC,
Middle Georgia Inflatables LLC,middlegeorgiainflatablesllc.com
Midnight Crane,midnightcrane.com
Midnight Margarita Rentals,midnightmargaritarentals.com
Midsouth Trailer Rental,midsouthtrailerrental.com
Midwest Crane and Rigging,
Mike's Industrial Forklift,
MO Construction Rentals inc,moconstructionrentals.com
Mobile Coolers Co.,mobilecoolersco.com
Mobile Equipment Repair NJ,mobileequipment.repair
Mobility City,detroitmi.mobilitycity.com
Modern Crane Rental,moderncrane.ca
Moeller Equipment Rentals,moellerequipment.com
Moir Crane Service Ltd,moircrane.com
Monadnock Lift Truck Service,
Montgomery Equipment,montgomery-equipment.com
Moonwalk Inflatables Tents and Party Rentals,moonwalkparty.com
Morales Trailer Rental LLC,moralestrailerrental.com
Moran Equipment Rentals LLC,moran-rentals.com
Morris Equipment Repair,morrisrepair.com
Motor City Dumpster,motorcitydumpster.com
Mountain View Hauling,
Mountainside Crane Service,mountainsidecrane.com
Mr. J Crane Services,
Mr. Moonbounce LLC.,mistermoonbounce.com
MS Crane Services LLC.,mscraneservice.com
Muskego Equipment Rental,
Muthoot Finance Gold Loan,branches.muthootfinance.com
MVP Rentals Treasure Coast LLC,mvprentalstc.com
Myers Equipment Rental,myersheavyrental.com
N E Crane Services,
Naranjo Crane Service,naranjocraneservice.com
National Concrete Equipment & Consulting,nationalconcreteequipment.com
National Equipment Wholesale,nationalequip-us.com
Network Crane & Rigging Company,networkcrane.com
Nevada Industrial Trucks,nevadaindustrialtrucks.com
"New Era Party Rentals,LLC",newerapartyrentals.com
New Jersey Crane,newjerseycrane.com
"Newman Backhoe Service, INC.",newmanbackhoe.com
Newswanger Crane Rental,sekconstruction.net
NexAer Rentals,nexaerrentals.com
Next Level Party Rentals,nextlevelpartyrentals.co
NextGen Crane Service LLC,nextgencrane.com
Niagara Crane Rental,niagaracrane.ca
Nickel Containers LLC,nickelcontainersllc.com
Niehaus Equipment,niehausequip.com
North Point Forklift LLC,northpointforklift.com
"North Shore Productions, Inc.",
"North West Excavation & Trucking, LLC",northwestexcavation.com
"Northland Crane Service, Inc",
Northwest Tractor Services,nwtractorservices.com
NWA Kitchen Equipment Rentals,nwakitchenrentals.com
OC Crane Company,occrane.com
OCA Party Rentals,partyintheoca.com
Ocean Work Cranes,oceanworkcranes.com
Odessa Equipment Rentals,oerents.com
OhanaMac Rentals LLC,ohanamacrentals.com
Ohio Crane Service,ohiocraneservice.com
Ohio Valley Operations,ohiovalleyops.com
Olsen Equipment Services,olsenequipmentservices.com
Olympic Crane Service,
Omega Equipment Rentals,omegarentals.us
On Point Cranes,onpointcranes.com
One Touch Rigging LLC,onetouchrigging.com
Ontario Forklift,
Optimum Dumpsters,
Orange County Services,seadoos949.lovable.app
Oregon City Crane,oregoncitycrane.com
Oregon Tractor Daddy,oregontractordaddy.com
Osceola Crane Service,osceolacranes.com
OwnOp,ownop.biz
OX Land Solutions,oxlandsolutions.com
"P.C. Skid Steer Services, LLC",pcskidsteer.com
Pacific Dirtworx inc.,
Pacific West Water Works,pacific-west-waterworks-llc.ueniweb.com
Pacific206trading,
PALFINGER Inc,palfinger.com
"Palladium Crane Services, LLC",pd46.net
Palm Beach Material Handling LLC,palmbeachmaterialhandling.com
Palm Valley Party Rentals,palmvalleypartyrentals.com
Paper Crane Tutoring,
"Parks Crane Service, Inc.",parkscrane.com
"Parsley Equipment, LLC",parsleyequipment.com
Party Decor Supply,
Party Hats Entertainment,partyhatsnj.com
Party Lux Rentals,partyluxrental.com
Party Rental 2u,partyrental2u.com
Party Time Rentals,partytimerentals.biz
Patio Glow Heat Supply,patioglowheatsupply.com
Pato’s Party Rentals,
Patriot Containers,patriotcontainers.com
"Patriot Rentals, LLC.",per-usa.com
"Patriot Trucks & Equipment, LLC",patriottrucks.com
Peak Equipment Rentals,peakequipmentco.com
Pennelly Trailer & Equipment Rental,
Phatfridge Mobile Refrigeration,phatfridge.com
PHL Lift Services,
Phoenix Crane,phoenixequip.ca
Pick N Roll - Vehicle & Party Rentals,picknroll.us
Pinpoint Diagnostics: Mobile Hydraulic and Forklift Repair Service,pinpoint-diagnostics.com
PIRTEK,pirtekusa.com
"Pitt Equipment Rentals, LLC",pittequipmentrentals.com
Port City Machinery,portcitymachinery.com
Porta Pro Rentals,portaprorentals.com
Poway Equipment Rentals,
Power House Construction & Rental,
Precision Crane LLC,precisioncranellc.com
Precision Crane Works,precisioncraneworks.com
Precision Excavation and Demolition,wedigndemo.com
Precision Trailer Rentals,ptrentalsnwa.com
Premier Equipment Rentals and Excavation,milfordsitecontractors.com
Premiere Equipment Rental,premiereindustrial.com
Premium Crane Service SW LLC,
"Prime Lift Solutions, LLC",dot.cards
Pro-Dig Rentals,prodigrentals.com
Project Air,raysean3xofficial.wixsite.com
Prolift Rental,proliftrental.com
ProTools Entertainment,protoolsent.com
Purple Crane Services,purplecraneservicesinc.com
Quality Crane,
Quickrent Equipment LLC,quickrentequipment.com
Quipli | Equipment Rental Software,quipli.com
R&H Equipment Rentals LLC,randhequipmentrentals.com
r:home • residential smart tech + commercial automations - Winnetka,rhome.co
R & M Forklift Repair,
R&R recycle,
R & S Hauling and Excavating Inc.,randshaulingandexcavating.com
R&S Rentals,randsrental.com
Rain or Shine Rentals,rainorshinerentals.com
Ramos Equipment Repairs,gearscut.com
Rannsak,
Rapture XD,
Raymond Handling Concepts Salem,
Razzy's Rentals,razzysrentals.com
Reach Lift Rental,reachliftrentals.com
Ready To Roll Trailer Rentals LLC,readytorolltrailerrentals.com
ReadyRent Equipment,readyrentequipment.com
Rebco Crane and Rigging - Riverside Crane Rental,rebcocraneandrigging.com
Red Line Excavating,santaferedline.com
Rejoice Party Rentals In Beaumont,
Reliable Equipment Rentals,reliableequipment.ca
Renegade Crane Rental Inc.,renegadecrane.ca
"Rent A Party, LLC",rentapartyct.com
Rent A Vet Services LLC™,
Rent It Equipment Rental,rentitequipment.com
Rent ME Equipment,rentmeequipment.com
Rent My Machines,
Rent & Revel,rentandrevel.store
Rental World of Central Florida,
Rents For Events LLC,rentsforeventsohio.com
Rents4Baby,rents4baby.com
Republic of Texas Rentals LLC,republicoftexasrentals.com
Reyes & Sons Forklift Service,
RFS Forklift Equipment Parts & Tires,
Richie's Rentals,
Richmond equipment rental LLC,richmondequipmentrental.com
Rick's Crane Service Inc.,rickscranememphis.net
Ridgeline Landscaping LLC,ridgelinepros.com
RiggingForce,riggingforce.com
Ritchie Rentals,
Ritzy Rentals Co.,ritzyrentalsco.com
Rivera's Party Rentals,riveraspartyrentals.com
Riverside Equipment Rental,riversideequipmentrental.com
RJT Excavating,rjtexcavating.com
RMB Crane LLC,rmbcranes.com
Rocklin Bounce House Rentals,rocklinbouncehouserentals.com
Rocky Mountain Forks,rockymountainforks.com
"Rocky’s Forklift Repair, LLC",
"Rodco Lift Service, Inc.",rodcoliftservice.com
Rogue Crane Services,roguecraneservices.com
Roll Up Rentals-Storage Containers-Mobile offices-Dumpsters,rolluprentals.com
Royalty Equipment Services,royaltyequipment.com
RPG Equipment,rpgequipment.com
RT Equipment Rentals,rtrents.com
"RTT Equipment Rental, LLC",rttequipmentrental.com
Rustic Rental Market,rusticrentalmarket.com
RVI Crane Services LLC,
Ryan's Rentals,ryanstrailerrentallubbock.com
Ryans Party Rentals LLC,ryanspartyrental.com
S&D Equipment Sales Inc,sdequipmentsales.com
Sab Rentals LLC,sabrentalsllc.com
SafeStreets Home Security Los Angeles,safestreets.com
Safety 1st Medical Transport,safety1stmedicaltransport.com
Salazar Equipment Rentals,salazarequipmentrentals.com
Same Day Cool Rentals,samedaycoolrentals.com
Sandy Andy's Rentals,sandyandys.com
SandyLand Outdoor Entertainment,
Santa Cruz Cabana Company,santacruzcabanacompany.com
Scar Equipment-Crane services,scarequipment-craneservices.com
scissor lifts of columbia,
Scorp Air Systems LLC,dev-app.rntr.com
Scorpion crane,
Scranton Party Rental,
SCV - Santa Clarita Bounce Company,scvbounce.com
SD Heavy,sdheavy.com
Sea Breeze Bouncers,seabreezebouncers.com
Seattle Material Handling,seattlematerialhandling.com
Secure T.A.P. Rentals,securetapnow.com
Selco Equipment Sales Ltd,selcoequipment.com
Select Total Service,selectaerials.com
Seminole Forklift LLC,
Sewing Machine Sales and Service,
Sgt Casey's Outdoor Recreation and Equipment Rentals,
Shadowfax Audio LLC,shadowfaxaudio.com
Shamrock Crane Services Inc,shamrockcrane.com
Shaylas Party Rental,shaylaspartyrental.com
SHEPS Crane Service,shepscrane.ca
Shivam Infosys India,
Show-Me Soirees Party & Event Rentals,showmesoirees.com
Shu's Event Rentals,shuseventrentals.com
Sigala Party Rentals,sigala-party-rentals-preview.webbify.build
Sign Gypsies McKinney/East Frisco,signgypsies.com
Signature Trailer Rentals,signaturetrailerrentals.org
Silverado Equipment,silveradoequipment.com
Simon machinery group llc,
Simonds Machinery Co. Central Valley California,simondsmachinery.com
Sinley Rentals,sinleyrentals.com
SiteReady Equipment LLC,sitereadysfl.com
SJW Northland Rentals,sjwnorthlandrentals.com
Ski Freaks Jetski Rentals,
Skid Mark Equipment Rentals LLC,
Skid Steer Nation,skidsteernation.com
Skid Steers Direct,skidsteersdirect.com
Sky Crane,skycraneutah.com
Skyline Cranes,skylinecranesnv.com
Skyway Equipment Rental,skywayequipmentrental.com
Slide South TX,
Small Equipment Supply,smallequipmentsupply.com
"Smith Brothers Crane Rental, Inc.",smithbrotherscrane.com
Smith Crane Inc,smithcraneincorporated.com
Smithrock Crane LLC,oregoncranes.com
"Smitty's Rental Services, LLC",smittysrentalservicesllc.com
Snowy Creek,snowycreekservices.com
"So Cal Blade Rental, Inc.",
Socal Emergency Plumbing Rancho Santa Margarita,socalemergencyplumbingranchosantamargarita.com
SoFlo Crane Services LLC,
Soft Play Rental Chicago,softplayrentalchicago.com
Solano Mobility & Accessibility tm,solanoma.com
Sound Rental NY,soundrentalny.com
SoundMN LLC,soundmn.com
South Bend Excavation,southbendexcavation.com
South East Side Rentals LLC,
South Shore Bounce Houses & Party Rentals,southshorerentals.org
South Texas Crane & Rigging LLC,southtexascraneandrigging.godaddysites.com
Space Coast Forklift LLC,spacecoastforklift.com
Spartan Site Services,spartansiteservices.com
"Speedy Dumps, Inc",speedydumpsinc.com
Speer’s Crane Service LLC,speerscraneservice.com
SR Auto Group,srautogroupma.com
St. George Dumpster Rentals,stgeorgedumpsterrentals.com
Stage Harbour,stageharbour.com
Stallion Equipment,stallionequipment.com
"State Crane Services, Inc",statecraneservice.com
Stateline Equipment Rental LLC,
"Statewide TLC Transportation, Logistics, & Crane",statewidetlc.com
Stensen Equipment,stensenequipment.com
Stephenson's Rental Services,stephensons.ca
Stewart's Crane & Rigging,stewartscraneandrigging.com
Stl Party Rentals,stlpartyrentals.com
Streamline Crane Service,streamlinecrane.com
Sugar Sweet Bounce House Rentals,sugarsweetparties.com
Summit Tractors LLC,summittractors.com
Sun Equipment,sunequipment.com
Sun & Shade FL,sunandshadefl.com
Sunrise Equipment Rental & Sales,sunriseequipment.ca
Sunrise Party Rental,sunrisepartyrental.com
Super Game Trailer LLC Mobile Game Truck,supergametrailer.com
Superior Crane LLC,
Superior Mobile Repair,superiormobilerepair.com
Supple Tek Industries Pvt. Ltd.,suppletek.in
Supreme Diamond Tools LLC,
Surge Equipment,surgeequipment.com
Sussex Crane,sussexcrane.com
Suzi’s Bounce House Rentals,suzibouncepartyrentals.com
Swan Lavs,swanlavs.com
Sweet Little Details Specialty Rentals,
Swiftset Structures,swiftsetstructures.com
Swishbox,swishboxllc.com
Symmetry Construction Corp.,symmetrybuild.com
T and D Rentals,tanddrentals.com
T&D Jackson's Equipment & Excavation,jacksonsequipment.com
T&K Builders LLC,tkbuildco.com
Table and Chair Rentals Westchester,tableandchairrentalswestchester.weebly.com
Taggabox Equipment Rental & Sales,taggabox.com
Take It Away Dumpster Rentals and Junk Removal,takeitawayutah.com
Taylor Rental Center,
Taylor's Trailers,renttaylorstrailers.com
Temple Heavy Equipment,templehe.com
Texas Fleet And Heavy Equipment,
Texas Party Jumps,texaspartyjumps.com
Texas SkyTrak Rentals,texasskytrakrental.com
Texas Workforce Rentals : Construction Rentals,
TGA Equipment Co,tgaequipment.com
The Boulder Lift - Party Bus Rentals,theboulderlift.com
The Dearborn Excavating Company,excavatingcontractordearborn.com
The Forklift Guy,theforkliftguy.net
The Hay Boys,thehayboys.com
The Mobile Throne,themobilethrone.com
The Party & Event Rental Services,eventrentalfranklin.com
The Rochester Hills Excavating Company,excavatingcompanyrochesterhills.com
The Soleau Group,soleaugroup.com
The Used Forklift Network,used-forklifts.net
The Warren Excavating Company,excavatingcontractorwarren.com
The Xchange,xtr-global.com
"Thetechforyou,inc",thetechforyou.com
Third Coast Cranes and Equipment Services LLC,thirdcoastcranes.com
Thompson Equipment Co. LLC,thompsonequipco.com
Three Rivers Jump,threeriversjump.com
Three Sisters Event Rentals LLC,threesistersrentals.com
Thunder Mountain Solutions LLC.,tmsequipment.com
Tiny Tots Rentals,tinytotsrentals.com
Titan Crane Services,
Too Much Fun Rentals,toomuchfunrentals.com
Tool Hound Rentals,toolhoundrentals.com
Tool Rental and Heavy Equipment LLC,equipmentrentalfl.com
Tool Rental at The Home Depot,stores.homedepot.ca
Tool Time Equipment Rentals LLC,ttequipmentrentals.com
Tool Time Rental LLC,tooltimerentalwi.com
ToolDash Rental,tooldashrental.com
Toolifi,toolifi.com
Top Flight Tree Service LLC,topflighttreeservice.com
Toros Azteca,torosaztecapartyrentals.com
Toucan crane,
Tractor Innovations,tractorinnovations.com
TRACTORS & PARTS / LEWA GROUP,tractorsandparts.com
TrailerGo,trailergorentals.com
Tri-State Crane Service LLC,tristatecraneservice.com
"Triangle Crane, Inc",trianglecrane.com
Tristate Log Splitters,tristatelogsplitters.com
Tropical Bay Rentals,tropicalbayrentals.com
Truck And Equipment Post,truckandequipmentpost.com
True Rentals Bloomington,truerentalsbtown.com
TufPro Services LLC,tennessenassoc.com
Twelve Cities Equipment Rental Inc. - Niagara Tool Rentals,twelvecitiesequipmentrental.ca
Twin Rivers Equipment,twinriversequipment.com
Twist and Bounce LLC,twistandbounce.net
Two Sisters Party Rental,twosisterspartyrental.com
Tyler's Crane Service,tylerscraneservice.com
UGOLF Entertainment,ugolfentertainment.com
Ultra Bash LLC,ultrabashrentals.carrd.co
ULTRA Heavy Equipment Rental and Sales,
UNIQUE PARTY TENT RENTALS,sunrisepartytentrental.com
Uniquips,uniquips.com
"United Disposal, LLC",disposalunited.wixsite.com
Universal Bobcat & Hauling Inc.,
"US American Cranes, LLC",usamericancranesllc.com
USA Inflatables and Events,usainflatables.com
Used Fitness Sales,usedfitnesssales.com
Utility Equipment Technology Inc,utilityequipmenttechnology.com
Vacay Vibe Supply Rentals LLC,vacayviberentals.com
Valentine's Family Fun Entertainment,valentinesfamilyfunentertainment.com
Valley United Rentals - Visalia Bounce House Rentals,
Vals Crane & Equipment Co.,valscranes.com
Vancouver Machinery LLC,vancouvermachinery.com
Vortex Equipment LLC,
VYKIN Crushers - Concrete Jaw Crushers for Sale,vykin.com
Walker Crane | Crane Service Las Vegas,walkercranenv.com
Walnut Creek Scaffolding Rental,
"Ward Companies, LLC",wardcoeventservices.com
Warrior rental,
Wasatch Bounce Rentals,
Wasatch Iron and Equipment,wasatchiron.com
Washington Inflatables,bouncinbinstricities.com
Weekend Warrior Rentals,wwr.thegranchaleks.com
Wellington Party Rental,wellingtontentrental.com
Wellmann Rentals LLC,
West Fork Material Handling,
Western Materials,westernmaterials.net
Westside Equipment Rentals,westsideequipmentrentals.com
White crane services LLC,
White Oak Event Rentals,whiteoakeventrental.com
"Wiedrick's Crane Service, Inc.",
WILD MAN IRON LLC,
Wild West Rentals,wildwestrents.com
Williams International,williamsintllc.com
Wilson Crane Service Inc,wilsoncraneservice.com
Winner Inflatables LLC,winnerinflatables.com
Wise Heavy Equipment Repair LLC.,
WJ LAMBERT & SONS,lambertequipment.ca
Work N Play Transports & Rentals,wprentals307.com
Wrenchline Plumber of Chapel Hill,wrenchlineplumbernc.com
Wyoming Crane and Rigging,wyomingcrane.com
XFL Rentals,xflrentals.com
"XL Crane & Rigging, LLC",xl-crane.com
Yard Crusaders Party Rentals,
Yeet'em Jumpers Water Slides Bounce House Jumpers Mechanical Bull,yeetemjumpers.com
Young Truck & Equipment,
"Your Home Safety, ADT Authorized Dealer",yourhomesafetyusa.com
Yucca Crane,yuccacrane.com
Zamora Crane,zamoracrane.com
Zenith Equipment Rental,zenithequipmentrental.com
Zental Rental,
Zepeda many towing,wa.me
Zia Jumpers,ziajumpers.com
ZR Equipment Rental,zrrents.com
ABC Rentals LLC,abcrentalsalaska.com
Alaska Crane,alaskacrane.net
Alaska Crane Consultants,
Alaska Farm Supply,akfarmsupply.com
Alaska Hay & Feed,alaskahayfeedsupply.com
Alaska Mill Feed & Garden Center,alaskamillandfeed.com
Alaska Outdoor Gear Rental,alaskaoutdoorgearrental.com
Alaska Overhead,alaskaoverhead.com
Alaska Pacific Leasing,akpacific.net
Alaska Specialty Equipment • Bailey's Rent All Inc.,ase-baileys.com
All Pro Alaska,allproak.com
Allen & Sons Equipment Rental,frostlineak.com
"American Bureau of Crane Inspection, Inc.",
Anchorage Suzuki Arctic Cat,amealaska.com
"B&J Forklift Services, Inc.",bjlift.com
Big Lake Rent-All,
Bobcat of Juneau,bobcatofjuneau.com
Construction Machinery Industrial,cmiak.com
Craig Taylor Equipment - Wasilla,craigtaylorequipment.com
"Dakota Diggers, LLC",dakotadiggers.com
Dave's Tractor,davestractor.biz
E Z Rents Inc,e-zrentinc.com
Equipment Alaska,equipmentalaska.com
Equipment Source Inc,esialaska.com
GT EQUIPMENT & SERVICES,907gte.com
Independent Lift Truck Of Alaska,iltalaska.com
"Industrial Hoists, LLC",industrialhoists.com
Jewell Equipment Rental,jewellequipment.com
"Loken Crane, Rigging and Transport",lokencrane.com
Moosehorn Equipment Rental,moosehornequipmentrental.com
North Pole Equipment Rentals,northpoleequipment.com
North Star Equipment Services,northstarak.com
Orion Crane LLC.,orioncranellc.com
Pioneer Equipment Inc,pioneerequipment.net
Precision Cranes Inc,precisioncraneak.com
Rental Zone,airportequipmentrentals.com
Rotating Services,rotatingservices.com
SMS Equipment Inc.,smsequipment.com
South Central Equipment,southcentralequipment.com
"Southcentral Equipment Rental, LLC",southcentralequipmentrentals.com
Sterling Tool & Equipment Rental,
Totem Rentals Inc,toteminc.com
Tuel's Equipment Repair LLC,tuelsequipment.com
Washington Crane & Hoist,washingtoncrane.com
Western Construction & Equipment,wce-ak.com
White Spruce Trailer Sales - North Pole,whitespruce.com
"Willow Equipment Rental, LLC",willowequipmentrental.com
Yukon Equipment Inc,yukoneq.com
280 Trailers LLC,
Aabco Rents - Party Goods,aabcorents.com
AAM Equipment LLC,aamequipmentllc.net
Abbott Rentals Inc,abbottrentalsinc.com
ABZ Rent-All,abzrent-all.com
Action Buildings - Phenix City,actionbuildings.com
Active Tractor & Equipment,active-tractor.keeq.io
"Advanced Heavy Equipment, Truck, Diesel repair",
Affordable Jump,affordable-jump.com
AK Rentals,akrentalscullman.com
"Alabama Forklift Repair, Inc.",alabamaforkliftrepair.com
Alabama Machinery & Supply Co.,ams-co.com
Alabama Rentals,alabama-rentals.com
"Alabama Rock, LLC",alabamarocktrailers.com
Alabama Tractor- Lincoln,alabamatractor.com
All Needz Rental Center Inc,allneedzrental.com
American Drilling Crane Division,americandrillingal.com
American Power Equipment,americanpowerequip.com
Artec Tractor and Equipment,artectractor.com
Atlantic & Southern Equipment,atlanticandsouthern.com
Auburn Crane Inc.,auburncranes.com
Auburn Inflatables,gobounceauburn.com
Auburn Portable Toilet Rentals,
"Auburn Rental & Associates - Auburn, Alabama",aurents.com
B&G Equipment and Supply,bgequipmentsupply.com
B w Capps Inc,bwcapps.com
BakerCorp Decatur,bakercorp.com
Bannister Tractor,bantrac.com
Bates Farm Equipment,
Bertie and Laurie Party Castles,party-castles.com
Beshears Tractor & Equipment - #1 Dealer for Kubota Tractor Packages,beshearskubota.com
Big Red Rental,bigredrental.com
Big Stick Crane Services LLC,
Birmingham Crane Service - 40+ Years in Business,birminghamcraneservice.com
Black Warrior Equipment,blackwarriorequipment.com
Bob's Power Equipment,bobspowerequipment.com
Bobby Park Truck & Equipment,bobbypark.com
Bobcat of Huntsville,bobcatofhuntsville.com
Bobcat of The Shoals,bobcatoftheshoals.com
Briggs Equipment,briggsequipment.com
Broadhead Equipment,broadheadequipment.com
Bryant's Outdoor Equipment,bryantsoutdoorequipment.com
Burton Farm & Construction Equipment,burtonauction.com
Burwell Material Handling,burwellmh.com
Cahaba Tractor Co.,cahabatractor.com
"Capital Tractor, Inc. - Montgomery",capitaltractor.com
CASE Power & Equipment Alabama,casepowerequipal.com
City Diesel Inc,citydiesel.net
CJ Rentals,cjrentalsal.com
Clanton Tractor & Equipment,clantontractor.com
Coblentz Equipment & Parts,coblentzep.com
Conn Equipment Rental Inc,connequipment.com
Covington Heavy Duty Parts Inc.,covingtonhd.com
Cowin Equipment Company,cowin.com
Crane America Services Inc,
Crane Title Inc,
"Crane U, Inc.",craneu.com
CraneWorks,craneworks.com
CRL CRANE,crlcraneopelikaauburn.com
CTE Outdoor Power,cteoutdoorpower.com
Dan's Hardware,
Davis Concrete Products Inc.,
Davis Outdoor Power Equipment,davisoutdoorpower.com
Decatur Portable Toilet Rentals,
Ditch Witch Of Alabama,ditchwitchal.com
Dixie Horse & Mule Co.- Tractor Store,dhmco.com
Dobbs Equipment Co,exmark.com
Dothan Portable Toilet Rentals,
Dothan Trailer and Equipment Rentals and Sales,dothantrailerandequipment.com
Doug Young Crane Services,
Dyna-Lift,dyna-lift.com
Dynamic Equipment Group,dynamicequipmentdothanal.com
E a Nelson Co,eanelson.com
East Alabama Tractor Trailer & Equipment,eastalabamatractor.com
Edwards Equipment Sales Inc,edwardsequipment.com
Elm Equipment Rental,elmequipmentrental.com
EMI Cranes & Rigging Inc.,emicranesandrigging.com
Empire Crane & Rigging Service,
Equipment Air conditioning Service Co,
Extreme Jump Rentals,extremejumprentals.com
Farm Equipment Sales,
Finney Equipment & Parts,finneyparts.us
First Equipment Company,fecrent.com
Five Star Forklift Repair LLC,
Foothills Tractor & Equipment,foothillstractor.com
Forklift Hunter LLC,forklifthunterllc.com
Fredricks Equipment,fredricksequipment.com
Fredricks Outdoor,fredricksoutdoor.com
Fun Factory,funfactoryfun.com
G&R Crane Rental Services,cranes.grplantmaint.com
"GC Crane, Inc.",gccraneinc.com
General Machinery,generalmachinery.com
Godwin Landscape Equipment,godwinequipment.com
Grainger Industrial Supply,grainger.com
Green Mountain Rental,greenmtnrental.com
Greenhill Equipment Sales,greenhillequipmentsales.com
Griner Equipment LLC,
"Gulf Coast Truck & Equipment Co., Inc.-Mobile",gulfcoasttruck.com
H&H Truck and Outdoor - Pelham AL,hhtruckaccessories.com
Haney Equipment Company - Vinemont Location,haneyequipment.com
Hardy Machinery,
Harris Machine & Tool Inc,
Heart of Dixie Parts and Equipment,heartofdixieequipment.com
Heavy Equipment Xchange LLC,heavyequipxchange.com
Heavy Machines,heavymachinesllc.com
HGM Forklift Parts,store.hgmforkliftparts.com
Holland MFG Crane Services,hollandmfgcrane.com
Huntsville Tractor & Equipment,huntsvilletractor.com
Hydraulic Crane Specialists,hydrauliccranespecialists.com
Inflatable Playgrounds & Party Rentals,inflatablepg.com
Ingram Equipment Company (Headquarters),ingramequipment.net
Irby Tractors & Equipment,irbytractors.com
JBT Power,jbtpower.com
Joiner Equipment Services,
K & S Equipment Sales,kandsequipment.com
KCI Crane Service,
"Kershaw Equipment, LLC",kershaw.com
Key Parts Company Inc.,keypartsco.com
KOAM Maintenance TBC Logistics,koamllc.com
Large Lift Trucks Alabama,largeliftrentalsinc.com
Lewis Lawn Equipment,
Lithium Lift,lithiumlift.com
Loader Services,loaderservices.com
Logan Machine Works,
Long-Lewis Rentals of Hoover,longlewisauto.com
Lyle Rents of Mobile,lylerents.com
Madison Portable Toilet Rentals,
Mahindra of Mobile,mahindraofmobile.com
Max Snell Farm Equipment,snellequipment.com
"Maynard Equipment, Inc.",maynardequipment.net
McLendon Trailers,mclendontrailers.net
MES,mes.us
Methvin Crane & Rigging Service,methvinequipment.com
Middlebrooks Truck & Equipment,middlebrookstruck.com
Mobile Fixture & Equipment Co,mobilefixture.com
Mobility Central,mobilitycentralinc.com
"Montgomery Farm & Garden, LLC",montgomeryfarmandgarden.com
Moose Trading and Machinery Services,moosetrading.com
Mountain Lakes Event Rentals,mountainlakesrentals.com
"Noble Crane Service and Rigging, LLC",noblecraneandrigging.com
North Alabama Equipment,northalabamaequipment.com
North Western Machinery,northwesternmachinery.com
OAKLEY EQUIPMENT,oakleyequipment.com
OnTime Service,ontime59.com
Orbis JCB,orbisjcb.com
"Overhead Crane & Hoist, LLC",overheadcraneandhoist.net
Peek Equipment,peekequipment.com
Peterbilt of Huntsville,fitzgeraldpeterbilt.com
Phenix Heavy Equipment Rentals,
Pike Equipment Rental,pikeequipmentrental.com
Pittman Tractor Company Inc,pittmantractor.com
Port City Industrial,portcitymobile.com
Porta Potty Rentals Dothan,
Power Crane & Rigging,
Premier Craneworks LLC,
PSC Equipment & Farm Supply,pscequipment.com
R&M Equipment,rmequipment.net
Radar Rentals LLC.,
Raul Gonzales R & M Equipment Rentals,na.develon-ce.com
Rent Ready Equipment - Americ Equipment Rental,rentreadyequipment.com
Rental Men,therentalmen.com
Rental Solutions LLC,rentalsolutions.pro
Rental World,rentalworlddecatur.com
"Richards Equipment, LLC",richardsequipmentllc.com
Robin Rents,robinrents.com
Rural King,ruralking.com
Sansom Equipment Company - Mobile,secequip.com
Service First Equipment - Rental Equipment,sfealabama.com
Sevilla Boom Lift Rental,
Sibley Equipment Company,sibleyeq.com
Singleton Skidsteer Rental,
Skid Steer Attachment Depot,skidsteerattachmentdepot.com
Snead Equipment Sales & Services,sneadequip.com
"Snead Tractor, LLC",sneadtractor.com
SOHO Event Rentals,sohoeventsandrentals.com
Solley Crane Service,solley.com
South Alabama Crane Specialists,southalcs.com
South Rentals,southrentals.com
Southeast Crane & Hoist,southeastcraneandhoistal.com
Southern Equipment Solutions LLC,southernequipmentsolutions.org
Southern Farm Equipment,southernfarmequipmentimports.com
Southern Lift Forklift Trucks,southernlift.com
Southland Tractor & Outdoors,sltractor.com
Speaks Trailer Sales and Service,speakstrailersales.com
StahlCo Equipment Rentals,stahlcorentals.com
Steel City Equipment Repair,steelcityequipmentrepair.com
Steel City Inc,steelcitycrane.com
Steel City Rents,
Stewart Construction Equipment Rentals,
Stone Equipment Co.,stoneequipmentco.com
Stone Forge Machinery,
Summer Fun Party Rentals,summerfunentertainment.com
Sunsouth LLC,sunsouth.com
"T.R. Truck & Equipment, Inc.",
TEC Used Parts Center,
"Terry Equipment Company, LLC",terryequipmentcompany.com
Terrys Terramites,terrysterramites.com
The Falls and Woods of Hoover Apartments,livebh.com
The Joy Collective Video Production Birmingham,thejoycollectivemedia.com
The Lilly Company,lillyforklifts.com
Thompson Parts Solutions (Birmingham),thompsonpartssolutions.com
Thompson Power Systems - Birmingham,thompsonpowersystems.com
Thompson Tractor Company - Birmingham,thompsontractor.com
TMH Lifts Inc,tmhlifts.com
Tractor & Equipment Co Hangar,
Tractor & Equipment Company,tec1943.com
Tractor Parts To Go,tractorpartstogo.com
"Trammell Equipment Company, Inc.",trammellequipment.com
Traxx Equipment Source,traxxequipmentsource.tapgoods.com
TriTex Services,tritex-services.com
"Truck Equipment Sales, Inc",truckequipmentsales.com
"Truckworx Kenworth - Montgomery, AL",truckworx.com
Tuscaloosa Portable Toilet Rentals,
"Tuscaloosa Tractor, Inc",tuscaloosatractoral.com
Tuskaloosa Lawn Equipment,tuskaloosalawnequipment.com
Universal Fleet Services,
Valley Equipment Rental,valleyequipmentrents.com
Vasquez Inflatables LLC,vasquezinflatables.com
Warrior Tractor & Equipment,
Warrior Tractor & Equipment,warriortractor.com
Weathers Rental Center,weathersrentalcenter.com
West Alabama Equipment Inc,
Whitworth Farm Equipment and Trailer Sales,
"Wholesale Equipment Sales, Inc.",
Wilson Dismukes Parts & Equipment (Midtown Mobile),wilsondismukes.com
Workforce Equipment Rentals,workforceequipmentrentals.com
Worley Crane Rentals LLC,
Young Farm Equipment,
3 B's Trailer Rentals,
3W Equipment,3wsales.com
479 Equipment Co.,479equipment.com
48forty Solutions,48forty.com
AAA U-Rent-It Inc,aaaurent.com
ABC Block & Equipment,abcblock.com
ABC Equipment,abcequip.com
ABF Used Equipment,arcb.com
Aerial Rigging Specialists/ ISA Certified Arborist,
Affordable Inflatables of NWA,moonbouncenwa.com
Affordable Small Engine & Repair,affordablesmallengine.com
Alchemy Event Rentals,alchemy-event-rentals.com
Alliance Ag Equipment,allianceeq.com
"Alma Tractor & Equipment, Inc.",almatractor.com
American Crane Inc,rentcrane.com
Arkansas Automotive Equipment,
Arkansas Construction Supply,
Arkansas Equipment,
Arkansas Industrial Machinery,aimcompanies.com
Arkansas Tractor Parts & Supply Co.,arkansas-tractor.com
Back’s Equipment Rentals LLC,backsrentals.com
Barbee Equipment Inc,
Beggs Equipment,beggsequipment.com
Benchmark Equipment,benchmark.equipment
Bentonville Portable Toilet Rentals,
Bentonwheel,
Big Bounce NWA,bigbouncenwa.com
Billingsley Tractor Services,
Birch Comfort Group Bentonville,birchcomfortgroupbentonville.site
BIT Tires - Best Industrial Tires,bittires.com
Bobcat of Little Rock (located in Hugg & Hall),hugghallbobcat.com
Bomgaars,bomgaars.com
Braswell & Son Conway,store.shopbraswell.com
Bruno's Farm and Lawn LLC,brunosfarmandlawn.com
Bush Machine & Tractor CO.,bushtractor.com
Bush-Whacker,bush-whacker.com
CAM Rentals,cam-rentals.com
CAPITOL EQUIPMENT,prntscr.com
Case Automotive Machine Shop,
Central Arkansas Mahindra,centralarkansasmahindra.com
Central Rental & Supply,centralrentalandsupply.com
Certified Rental,certifiedrental.com
Chastain Construction-Rentals,
Clark Farm Equipment,
Clark Machinery Company,clarkmachinerycompany.com
Construction Equipment Specialties,
Conway Equipment Rental,conwayequipmentrental.com
"Conway Farm & Home Supply, Inc.",conwayfarmandhome.com
Conway Industrial Supply,conwayindustrial.com
Conway Manufacturing Group,conwaymfggroup.com
Conway Portable Toilet Rentals,
Cooper Skidsteer Rentals,
Cox Implement Highland,coximplement.com
Crane-Trained Inc,
Crossover Hardware & Rental,crossoverhardware.com
Custom Equipment Co.,customequip.com
Darragh Contractor Supply,darraghcompany.com
Diamond Jack Machinery Inc,diamondjackmachinery.com
Diamond Rock Rental & Equipment,diamondrockrental.com
Dino Equipment & Outdoors Searcy,dinooutdoors.com
Ditch Witch Of Arkansas,dwopg.com
Duncan Outdoors Inc,duncanoutdoors.com
Elite Rental and Outdoors,eliterentalandoutdoors.com
Elmo's Crane Service,
Evcon Rentals,evconrentals.com
Events Rental and Floral,eventsrentalandfloral.com
Everest Railcar Services,everestrailcar.com
Farmers' Association- Little Rock,farmersassociation.com
Foodservice Equipment Brokers,febcorp.com
Foshee Equipment Company,fosheeequipment.com
Foster Motor Company,fostermotorcompany.com
Greenway Equipment,gogreenway.com
GTR Sound Equipment Rental Srevices,gatheringguide.com
H & K Equipment,hkequipmentsupply.com
H&M Equipment Solutions,hmequipmentsolutions.com
HEART of Arkansas Towing & U-Haul,hinessc.com
Heartland Equipment Inc,heartlandfarmequipment.com
HeavyRig,heavyrig.com
Henard Foothills Equipment,henardfoothills.com
hix equipment rental,hixequipmentrentals.com
Hoco Turf Outdoor Equipment Sales & Service,hocoturf.com
"Holmes Erection, Inc.",holmeserection.com
Hugg & Hall Equipment Co.,hugghall.com
Hum's Hardware & Rental,humsnlr.com
Integrity Equipment Solutions,integrityequipmentsolutions.com
Jackson Equipment Rentals & Supplies LLC,jacksonequiprental.com
Jay Gipson Crane Services,gipsoncrane.com
Jesse truck and trailer,
Jim's Crane Rental Service,
jk farm equipment,
Jones Feed Store,
Jonesboro Tractor Sales,
K.C Treasures Bounce House Rentals,kctreasures.net
K.C. Treasures Event Rentals,fortsmitheventrentals.com
Lee Sales,lanceleesales.com
Lift Truck Service Center,lifttruckservicecenterinc.com
Little Rock Equipment Sales,
LPS Material Handling,lps-mhe.com
M2 Equipment and Rentals,
Main Street Tractor-Implement,
Major A Yard Games & Inflatables,majorayardgames.com
Maple Cooling Systems Rogers,maplecoolingsystemsrogers.site
Mark's Machinery & More,marksmachinery.net
McCormick Equipment Rental,mccormickequipmentrentals.com
Midwest Equipment NWA Of Harrison,midwestequipmentnwa.com
Miller Equipment & Truck Sales LLC,millerequipmentsales.com
Mitchell Equipment Sales and Rental,mitchellsequipmentsales.com
Moody Equipment,moodyeq.com
Mooney Crane Rental,mooneycrane.com
"Multi-Craft Contractors, Inc.",multi-craft.net
Nabholz,nabholz.com
Nabholz Cranes & Riggings,
Natural State Inflatables (Bounce House Rentals in NWA),naturalstateinflatables.com
North-Ark Crane Service,
North Harbor Air Works,northharborairworks.site
NWA Crane,nwacrane.com
NWA Equipment Rentals,nwaequipmentrental.com
NWA Tractor & Turf,nwatractor.com
Parker Construction Equipment Rental,
Partners Outdoor Equipment,partnersoutdoorequipment.com
Perrin & Gray Tractor,graybrotherskubota.com
Pine Bluff Portable Toilet Rentals,
Pine Bluff Truck & Trailer,pineblufftruckandtrailer.com
Pratt Skidsteer Rentals,
Price Ag,priceag.com
"PRO-Link, INC",pro-link.us
Proline Equipment,vezosarkansas.com
Quality Farm Supply,qualityfarmsupply.com
R & R Farm Equipment Inc.,rrfarmequipment.com
Ranalli Farms & Equipment,ranallifarms.com
Reed's Outdoor,reeds-outdoor.com
Rent One,shoprentone.com
Rick's Service Company,
Ridge Point Air Systems,ridgepointairsystems.site
"Riggs Cat Equipment - New, Used, Rental, Parts, Service",riggscat.com
Riggs Cat Rentals,riggsrents.com
River Valley Tractor,rivervalleytractor.com
Roadside Services Towing of NWA,roadsideservicestowing.com
Robbie's Equipment Sales & Rental,robbiesequip.com
Routh Sales and Rental,routhsalesandrental.com
Sanders Equipment Company,
Scott Equipment Company,scottcompanies.com
Sharp Equipment,sharpequip.com
Sherwood Tractor,sherwoodtractorinc.com
Smileys Services LLC,smileysservicesllc.com
Sophia&tony party rentals,
Sound Money Exchange,soundmoneyexchange.com
Springdale Tractor Co,kubotacenter.com
Stuebe Excavation & Equipment Rentals,stuebeexcavationandrentals.net
Summit Equipment Rental,summitequipmentmh.com
Superior Sales,superiorsalesnwa.com
Swift Forklift,forkliftpartsworld.com
TAG Truck Center Jonesboro,tntxtruck.com
Tatum Motor Company,tatummotor.com
TDS Erectors & Crane Service,tdscrane.com
Tedder Equipment,tedderequipment.com
The Hardware Store,ths5.com
"Tim Jordan Company, inc.",tjcinc.net
Tipton Equipment Restaurant Supply,tiptonequipment.com
TLC Wholesale Forklifts,tlcwholesaleforklifts.com
Trip H Sales and Rentals LLC,front.triphrentals.customers.kabba.ai
Triple C Sales & Service,triplecsales.com
TRS Equipment LLC,trsequipmentllc.com
United Hoist & Crane Inc.,unitedhoistandcrane.com
US Truck and Equipment,ustae.net
Williams Tractors,williamstarctor.com
WT Equipment of Springdale,wtequip.com
24/7 Crane Service,
A&G Towing,agtowinginc.com
"A & G Turf Equipment, Inc. (Mesa Location)",agturf.com
A&H Material Handling,
A To Z Equipment Repair,
AAA Fort Storage,aaafortstorage.com
ABEL Equipment Rentals,abelrentstucson.com
Able Saw LLC,ablesaw.com
Above All Forklift Repair,
Above Water Rentals,abovewaterrentals.com
Accurate Excavation of Arizona,accurateexcavation.com
Acme Lift Company,acmelift.com
Action Crane Services Inc,
Action Material Handling,actionmh.com
Action Rentz,actionrentz.com
Advantage Rigging,advantagerigging.com
AERO Outdoor Power,aeroeq.com
Afterhours Services,
All American Rentals,allamericanrentalsaz.com
"All Pro Lift and Equipment, LLC",allprolift.com
"All Star Storage & Container Sales, LLC",allstarstoragecontainers.com
Alliance Material Handling,alliance-ind.com
Anderson AZ West,andersonazwestallsports.com
Apache Equipment Rentals,apacherentals.com
APC Equipment and Trailers,apctrailers.com
Arizona Building Supply,azbuildingsupply.com
Arizona Business Equipment Inc.,arizonabusinessequipment.com
Arizona Commercial Equipment,arizonacommercialequipment.com
Arizona Crane & Rigging,
Arizona Feeds Country Store,afcountrystore.com
Arizona Forklift Parts,azforkliftparts.com
"Arizona Forklift Parts of Tucson, LLC.",arizonaforklift.com
Arizona Forklift Services,
Arizona Hi Lift,azhilift.com
Arizona mobile machinery,
Arizona Refurbished Forklifts,arizonarefurbishedforklifts.com
"Arizonas Best Equipment, Inc.",arizonasbestequipment.com
Arnold Machinery Company,arnoldmachinery.com
Arrow Machinery,arrowmachineryco.com
ASA Party Rentals & Supplies,asapartyrentals.com
Ashley's Party Supplies,ashleysjumpers.com
Asphalt Paving & Supply Inc,asphaltpavingandsupply.com
At The Bridge Rentals,atthebridgerentals.com
AU Equipment LLC,auequipment.com
Axis Portable Air - Phoenix,axisair.com
Az Crane & Grapple,arizonacraneandgrapple.com
AZ Desert Lifts,azdesertlifts.com
AZ MediQuip - Prescott Valley,azmediquip.com
AZ Party Express,azpartyexpress.com
AZ Pro party rentals LLC,azpropartyrentals.com
AZ Tractor & Equipment Sales (Show Low),lstractorshowlow.com
AZ Wholesale Lift Truck Parts,
Bada Bing Bounce Houses,badabingbounce.com
Badarak industrial LLC,badarakindustrial.wixsite.com
Bahamas Jet Ski Rental,bullheadjetski.com
Baker Rigging,bakerrigging.com
Balar Equipment,balar.com
Bales Hay Farm & Ranch Feed Store,baleshay.com
Beach Shack Rentals,beachshackrentalslhc.com
Best Equipment Sales,bestequipsales.com
Big Ass Equipment Rentals,bigassequipmentrentals.com
Big Lift Material Handling,bigliftmh.com
"Big Red Crane, L.l.c.",
"Big W Sales - Yuma, AZ",bigwsales.com
Bingham Equipment Company,binghamequipment.com
"BLT Companies - Ready Mix Concrete, Gila Ridge Plant, Yuma, AZ",bltcompanies.com
Blue Rock Equipment,bluerockequipment.com
Boodle Bouncers,boodlebouncers.com
Boom Boys Crane,boomboyscrane.com
Boomworks,
Border Equipment LLC,bordereq.com
Border Trailer & Equipment,border-equipment.com
Bragg Crane Service,braggcompanies.com
Branco Machinery,brancomachinery.com
Buckeye Rentals AZ,buckeyerentalsaz.com
Buddy's Welding & RV Inc,
Bush Rentals,bushrentals.com
BuyFillRite,
Celtic Forklift,celticforklift.com
Central Arizona Supply,centralazsupply.com
Champion Rentals,championrentals.com
Chino Rentals,chinorentalsonline.com
CJ Equipment Rental LLC,
Clark Quality Crane Services and Training,
Cliff Co Heavy Equipment Repair & Machining,cliffcorepair.com
Cochise Motorsports,cochisemotorsports.com
Cochise Tech and Development,cochisetech.net
Compass Equipment Crane Rental,compassequipment.com
Concrete Grinder Rentals,rentconcretegrinder.com
Construction Equipment Parts,cepimixers.com
Construction Trucks & Equipment,cotreq.com
Copper Sky,maricopa-az.gov
Copper Sky Regional Park,
Copper State Lift,copperstatelift.com
Crane Harvesting & Trucking,
"Crane Machine & Pump Service, Inc.",
"Crane Rental Service, Inc",cranerentalserviceaz.com
Creco Rental,crecorental.com
Crown Trucking LLC,crowntrucking.net
Crownridge Porta Potties,
CSC of Yuma,cscofsalinas.com
CTL Equipment Rentals,ctlrentals.com
Cuco's Crane Service,cucoscraneservice.com
D'Cario Crane Rental,
D. Lamoreaux Farms,
D & O Crane,dandocrane.com
Daniels Aerial Equipment Rental,
Desert Bounce Houses LLC,desertbouncehouses.com
Desert West Equipment & Tractor,
Diamond Event Rentals,diamondeventrentals.biz
DirtPro Skidsteer Rental,
Discount Dumpster Rentals Phoenix,
Discount Forklift Phoenix,discountforkliftphoenix.com
Ditch Witch West,ditchwitchwest.com
Diversified Truck & Trailer,diversifiedtrucks.com
Dutton's Dumpsters,duttonsdumpsters.com
Dykstra Machinery,dykstramachinery.com
Easy Lift Crane Service,
Ecco Heavy Equipment Rental,eccoequipment.com
Ed Morse Chevrolet,edmorsechevroletgmcsierravista.com
EEL Economic / Used Restaurant Equipment,economicequipmentlocator.com
Element Rentals,elementtoolbox.com
Empire Agriculture,empireag.com
Empire Cat,empire-cat.com
Empire Truck & Trailer,empire-tnt.com
"Endura Steel, Inc. Fort Mohave",endura-steel.com
"ER Material Handling, Corp. Forklift Service",ermaterialhandling.com
ERS Forklifts. By appointment only!!!,allbrandforklifts.com
Excalibur Equipment & Diesel,
EZ AZ Trailer Rentals,ezaztrailerrentals.com
Flagstaff Equipment,flagequip.com
Flagstaff Equipment Rentals,rent.flagequip.com
Flagstaff Portable Toilet Rentals,
FleetPride,branches.fleetpride.com
Forklift Exchange Inc,forkliftexchange.com
Forklift Service Center,forkliftservicecenter.com
Forrest Equipment Rentals,m.forrestequipmentrentals.com
FST Rentals LLC,fstrentals.com
G Equipment LLC,gequipment.us
Garden Canyon U-Store-It,gardencanyonustoreit.com
George Equipment LLC,georgeequipmentllc.com
Gilbert Technical Services,gilberttechnicalservices.com
Global Lift Equipment Surprise,usedforkliftssurprise.com
Global Lift Used Forklifts Tucson,usedforkliftstucson.com
Goodfellow Corporation,goodfellowcorp.com
Goodyear Porta Potty Rentals,
Goodyear Portable Toilet Rentals,
Gorbel,gorbel.com
GoTrailer Rolloffs,gotrailer.us
Granite Mountain Rentals,granitemtnrentals.com
"GT Skidsteers, Tucson Land Grading, Leveling, Marana Excavation Contractors | Brick Pavers Contractors Installation.",gtskidsteers.com
Gunnar Forklift Sales,gunnarforkliftsales.com
HAAS Medical Supply,haasmedsupply.com
Haulinit.com LLC,haulinit.com
Havasu Adventure Company,havasuadventurecompany.com
Havasu Mobility Scooters LLC,mobilityscootersaz.com
HAVASU RENTALS,watercrafthavasurentals.com
Hay Plus Farms,hayplusfarmsaz.com
HCW Mobile Services LLC,hcw-mobileservices.com
Heavy Equipment Machinery Inc,hempartsservice.com
"High Five Party Rentals, LLC",highfivepartyrentals.com
High Jump Party Rentals,highjumppartyrentals.com
Hitchin' Post Iron & Welding Supplies,hitchinpostiron.com
Hodge Equipment Rental Rental,
Hook Crane Services - Crane Rental,hookcrane.com
House of Bounce Party Rentals | Bounce House & Water Slide Rentals Surprise AZ,houseofbouncepartyrentalsllc.com
Huffman Aerial Equipment Rental,
Hughes Supply,hughessupplysurprise.com
Icon Equipment,icon-equip.com
Industrial Forklifts,industrialforklifts.com
Iron Base Crane Services,ironbasecranes.com
"Iron Mike's Auto & Equipment Sales is located in Phoenix, Az",ironmikeenterprises.com
Ivan's Crane Inc,ivanscrane.com
J and L Rentals,jlrentals.com
Jackson Bro's Rentals,jacksonbrosrentals.com
Jet Rent,jetrentutv.com
JET RENTAL,
JMJ Equipment Transport Inc,safer.fmcsa.dot.gov
John Deere Construction Equipment,
Johnny's Party Co LLC,johnnyspartyco.com
JR Motors RV & Marine,jrmotorsales.com
K5 Rental LLC,k5rental.com
Kam Jet Ski Rentals LLC,kamjetskirentalllc.com
Karsten's Ace Hardware,maricopaace.com
KC Forklift Service Company,kcflsc.com
KD Machinery,kdmachinery.com
KE&G Construction,kegtus.com
"King Repair - Forklift, Docks Repair & Parts",kingrepair.com
Komatsu Mining Corp.,info.komatsu.com
Lackey Rentals equipment rentals white mountain rental center,lackeyrentals.com
Leading Edge Mobile Forklift Repair LLC,leadingedgeforkliftrepair.com
Leavitt Machinery - formerly Reliable Forklift Sales,leavittmachinery.com
Lift Equipment USA,liftequipmentusa.com
Lift It Forklift Sales and Service,liftitforkliftsalesandservice.com
Lift Parts Express Mesa,forkliftpartsmesa.com
Lift Parts Express Tucson,forkliftpartstucson.com
Lift Right,liftright.com
Lil Bub’s Bounce House & Party Rentals – Avondale AZ,lilbubsbh.com
Little Rincon Rentals and Nursery,littlerinconrentals.com
LMK Bounce & Rent,lmkbounceandrent.com
Lower River Ranch,
Lutz Machinery Corporation,lutzmachinery.com
M & M Lift Truck Salvage,usedforkliftpartsaz.com
M & S Equipment Inc,msequipment.com
Maddock Machinery Corporation,maddockmachinery.com
MAK EQUIPMENT,mak-industries.com
Marco Crane & Rigging Co,marcocrane.com
Maverick Equipment/ Dohrn Trucks LLC,dohrntrucks.com
May Machinery Heavy Equipment Rental & Repair Services,maymachinery.com
Mc Cormick Construction Co,mccormickconstructionarizona.com
Mertens Heavy Equipment Repair / Bobcat of Kingman,mertensequipment.com
Mesa Crane Inc,
Mesa Forklift Sales & Rentals,mesaforklift.com
Mex-Ari Sales,
Mid-America Construction Equipment,midamericaconstructionequipment.com
Midco Sales,midcosales.com
Midstate Machinery,midstatemach.com
Mobile Forklift service,
"Modern Lift, Inc.",modernlift.com
Mohave Equipment Rentals LLC,mohaveequipmentrentals.com
Mohawks Transport,
Moore Events and Rents,moorepartyrentals.com
Mountain Top Crane,mountaintopcrane.com
Mow Power,mowpoweraz.com
"Mr. Shed, Inc.",mrshed.net
MWR Rents,huachuca.armymwr.com
Naumann/Hobbs Material Handling,naumannhobbs.com
Nautical Watersports,nauticalwatersports.com
Nescon LLC,xbroom.com
New Western Rentals,
NexGen Mobile Auto & Equipment Repair,
Next level crane services llc,
NG Equipment Rental & Sales,ngequipmentsales.com
Norwall PowerSystems,norwall.com
OK Feed & Supply,okfeedaz.com
Olsen's Grain,olsensgrain.com
ORBIT industrial service & maintenance,orbit-industrial.com
Outdoor Sports,outdoorsportsaz.com
Outfront Crane Service,outfrontcraneservice.com
P&M Trailer Sales,pmtrailers.com
Pacwest Rentals,pacwestrentals.com
Padilla Aerial Lift Rentals,
Palo Verde Rentals,
Pape Material Handling,pape.com
Paradise Wild Wave Boat Rentals,paradisewildwaveboatrentals.com
Party Central Inflatables,partycentralflagstaff.com
Payne Equipment Sales LLC,payneequipmentsalesaz.com
Peoria Portable Toilets,
Peterson Machinery Sales,petersonmachinery.com
Phoenix Industries,phoenixindustries.com
Phoenix Used Restaurant Equipment,newrestaurantequipment.com
Phoenix Welding Supply,phxwelding.com
PHX Forklift Sales & Rentals,phxforklift.com
Pinal Crane Services,
Pioneer Mountain Rentals,
Portal Peak Builders LLC,portalpeakbuilders.com
Power Commercial Truck & Equipment LLC,powercommercialtruck.com
Precise Forklift Service & Repair,preciseforklift.com
Precision Tool & Construction Supply,thetoolladies.com
Preferred Crane Services,preferredcraneservicesllc.com
"Premier Backhoe, Inc.",
Premier Crane LLC,premiercrane.wix.com
Premier Crane LLC,premiercrane.wixsite.com
Premium Restroom Rentals,premiumrestrooms.com
Prescott Equipment Rental and Sales,prescottequipmentrentals.com
Prescott Off Road Adventure Rentals,prescottoffroadadventurerentals.com
Prescott Party Rental,prescottpartyrental.com
Prescott Portable Toilet Rentals,
Prescott Small Engine Services,
Prescott Steel & Welding Supplies,prescott-steel.com
Prescott True Value Hardware,prescotttruevalue.com
Prestige Events Rental & Custom,
Pro Equipment Rentals,jointhepro.com
ProWater Irrigation Supply,prowaterirrigation.com
"QUESCO - Quality Equipment Services Co, Inc",quesco.com
R & K Parts,rkparts.com
Raiden Machinery,
Rainbow Rentals,rainbowrentalsaz.com
Rainier Machinery,rainiermachinery.com
Rattlesnake Rentals,rattlesnakerentals.com
Raymond West,raymondwest.com
Rayne Water Conditioning,raynewater.com
RCG Diesel and Equipment Repair,rcgdiesel.com
Reliable Crane Service,reliablecraneservice.com
Reliable Heavy Equipment Rental Inc,
Rent A Can Site Services,rentacanaz.com
Rent A Lift,rentaliftaz.com
Rent my Bouncers,rentmybouncers.com
Rent N' Go Trailers LLC,
Rentals of Flagstaff,rentalsofflagstaff.com
Renteria Rentals,renteriarentals.com
Resto Rentals,restorentals.com
"RHD Equipment, Inc.",rhdequipmentinc.com
Richardson Motor Company,richardsonmotorcompany.com
River Rat Motorsports,riverratmotorsports.com
River Rentals,riverrentalsandsales.com
River Star Rentals,
Roc Equipment,rocequipment.com
Ron’s Used Tractors,
Rooly’s Party Rentals,roolyspartyrentals.com
Ryan's Crane Service,
Sage Equipment Rentals,sageequipmentrentals.com
Salinas Aerial Equipment Rental,
San Tan Rentals inc,santanrentals.net
Sandbar Powersports,sandbarwatersports.com
Sanderson Truck Equipment,sandersontruckequip.com
Schlig Equipment Sales,schligequipment.com
Scorpion Rental,scissorliftrentalinphoenix.com
Scottsdale Tractor,scottsdaletractor.com
Scotty's Lawnmower,scottyslawnmower.com
Sellers Crane Services,sellerscrane.com
Shoppers Supply,shopperssupplyaz.com
"Short Equipment, Inc",shortequipment.com
Sierra Vista Ace Hardware,sierravistaace.com
Sierra Vista Builders Supply,
Sierra Vista Portable Toilet Rentals,
Sierra Vista Shed Company,
Simpson Norton Corporation,simpsonnorton.com
SITECH Southwest,sitechsw.com
Sky High Crane & Rigging,
Skyhook Cranes,skyhookcranes.com
Skyline Crane Services,
Slide N Jump AZ LLC.,
Smiley Crane Service,smileycrane.com
"Snake Head Rentals & Service, LLC",towlos.com
Snow Mountain River (SMR),snowmountainriver.com
Source Parts and Equipment,sourcepe.com
Southeast Valley Rentals,southeastvalleyrental.com
Southern Current Rentals LLC,
Southwest Forklift Battery,forkliftbattery.us
Southwest Home and Hearth Inc,southwesthomeandhearth.com
Southwest Industrial Inc,
Southwest Industrial Rigging,swirusa.com
Southwest Tractor,swequipmentaj.com
Southwest Tractor & Equipment,swequipment.com
Sports Division,sierravistaaz.gov
Stafford Crane Group,staffordcranegroup.com
Stonehaven Rentals,
Stotz Equipment,stotzequipment.com
Stronghold Construction,strongholdconstruction-az.com
Summit Rentals,summitrentalsaz.com
"Sun Country Marine Group, Lake Havasu City, AZ",suncountrymarinegroup.com
Sun Rental & Sales,sunrentalyuma.com
Sunbelt Rentals,sunbeltrentals.com
Sunrise Crane Services,sunrisecrane.com
Superior Equipment Inc,superiorequipmentinc.com
Supreme Forklift & Equipment,supreme-lift.com
Surelift Crane & Rigging,sureliftcrane.com
Surprise Porta Potty Rentals - Portable Toilet,
Surprise Portable Toilet Rentals,
Surprise Rental,
"Sutton Agricultural Enterprises, Inc.",suttonag.com
Swift Rentalz,swiftrentalz.com
T&T Equipment Rentals,tandtrents.com
Taylor Equipment and Event Rental,taylorrentalsuperstore.com
Team Tractor & Equipment,teamtractor.com
Tempe Crane & Rigging,tempecrane.com
Tempe Power Equipment LLC,tempepowerequipment.com
Thatchers Equipment Repair,
The Hay Barn,thehaybarn.net
The Machine Shop,
Titan Formwork Systems,titanformwork.com
TNT Equipment,
TNT Tractor Rentals,tntequiprentals.com
Todd Equipment Inc,towtrx.com
Tom Donaldson Equipment Sales,tomdonaldsonequipment.com
TopDog Heavy Equipment Parts,topdogparts.com
Torque Truck Source,torquetrucksource.com
Torres Equipment Rental,
Total Grand Rental,totalgrandrental.com
Toyotalift of Arizona,toyotaliftinc.com
Tractor Ranch,tractor-ranch.com
Tractor Sunshades,tractorsunshade.com
Tractor sunshades - Thunderbird Arizona Products LLC,thunderbirdaz.com
Trails West Tractor,trailswesttractor.com
Trammel Crane Service,
"Transcat Phoenix, Arizona - Test Equipment Rentals",transcat.com
Tri-State A/C Hero,tristateachero.com
Tri-State Equipment Rentals,tristateequipmentrentals.com
Tri State Machine Shop Bullhead City,tristateengines.com
Triple L Feed & Supply,triplelfeed.com
Trivium Equipment,triviumequipment.com
TRS Equipment Rental,toolrentshop.com
Tuc Town Forklift,tuctownforklift.com
Tucson Equipment Rentals,tucsonequipmentrentals.com
Tucson Tractor Repair,tucsontractorrepair.com
Tucson Trux & Equipment Sales,tucsontrux.com
Turf Equipment Source,turfequipmentsource.com
Unicoa Industrial Supply,unicoa.com
"Universal Lift Systems, LLC",universalliftsystems.com
"Utility Crane & Equipment, INC.",utilityce.com
Vail Equipment Rentals,vailequipmentrentals.com
ValleTech-Leica Geosystems Dealer,valletechsw.com
Valley Bliss Party Rentals,valleyblisspartyrentals.com
Valley Crane Service LLC,
Vanguard Truck Centers,vanguardtrucks.com
Vaquero Feed & Livestock Supply,vaquerofeed.com
Verde Valley Rentals,verdevalleyrentals.com
Vern Lewis Welding Supply,vernlewis.com
Veteran Crane Construction LLC,veterancrane.com
Wacker Neuson Corporation,
Ward's Lawn Power Equipment,wardslawnpower.com
Warm Surprise AC Repair LLC,
Wave and Ridge Adventure Rentals,waveandridge.com
West Valley Machinery,
"West Valley Machinery, LLC",
Western Construction Components,westernconstructioncomponents.com
Western Rental - Equipment & Tools,westernrental.com
Westway Power Equipment,
Whipa Equipment Rentals,whipaequipmentrentals.com
Wright Crane Service,wrightcraneservice.com
Yavapai Fleet & Industrial Warehouse,yavapaifleet.com
Yuma Farm & Home Supply,
Ziglift Material Handling,ziglift.com
1 Source Material Handling,1smh.com
101 Equipment Rentals,101equipmentrentals.com
1320 bounce house,
1ST CHOICE FERTILIZER - GROW SOME! Naturally,1stchoicefertilizer.com
1st Vanguard Rentals,1stvg.com
24/7 Cinema & Photo Gear Rentals,sharegrid.com
24/7 Towing,towinglapuente.com
24 Hour Fitness,24hourfitness.com
27401 La Paz Rd Tool Rental,
275 Rentals,275rentals.com
27952 Hillcrest Tool Rental,
3 V Feed & Garden Supply Inc,3vfeed.com
3040 E Slauson Ave Tool Rental,
316 Rentals & Sales,316salescenter.com
360 aerial rental Valencia,
3B Resources Inc.,3bresources.com
"3J Rentals, Inc.",3jrentals.com
4 Seasons Party Rentals,4seasonpartyrental.com
4Wall Los Angeles,4wall.com
5 Star Bouncers LLC,5starbouncers.com
5631 Lone Tree Plaza Dr Tool Rental,
626 Rentals,626rentals.com
707 Party Rentals,707partyrentals.com
7121 Firestone Blvd Tool Rental,
760 PRIME CONSTRUCTION,
777 Tractor Sales,777tractorsales.com
8801 S La Cienega Blvd Tool Rental,
88844motor Truck & Construction Equipment Repair,88844motor.com
909 Jumpers and Party Rentals,909jumpers.com
963 W Badillo St Tool Rental,
A-1 Equipment Rental Center,a-1rentalcenter.com
A-1 Forklift,forkliftcertify.com
A-1 Hydraulic Service,a-1hydraulicservice.com
A-1 On Site Truck & Trailer,
A-1 Party Rentals,
A-1 Power Equipment - Lawnmower Sales Repair and Service,
A-1 Saw & Mower,
A &A Building Material Co,arcadiabuildingmaterials.com
A & A Crane Service Inc,
A A Spectrum Crane Inc,spectrumcraneservice.com
A & A Truck And Trailer Supply,myaatts.com
A & A Truck Sales,aatrucksalesca.com
A Absolutely Best Container,
A & B Lawnmower Shop,
A Better Valley Crane LLC,abettercrane.com
A Good Cause LLC | Camera & Lighting Rental Services,agoodcause.xyz
A Grand Affair,agrandaffairrental.com
A Grande Affair Party & Event Rentals,agarents.com
"A & H Forklift, Inc.",
A J & B Building Supply,
A&J Party Center,ajparty.com
A-J Party Rental,
A L Lease Wholesale Plumbing,alleasecompany.com
A La Fiesta Party Rental,alafiestarentals.com
A-Line Crane Rental Services,alinecranes.com
A-OK Power Equipment,
A-OK Power Equipment,aokpower.com
A&P Crane Solutions Corp.,apcranesolutionscorp.com
"A Party Center, Easy Rentals and Sales",apartycenter.net
A Party Place,apartyplace.com
"A Place To Go, Restroom Trailer Rentals",aplacetogoca.com
A Tool Shed Equipment Rentals,santaclara.atoolshed.com
A Tool Shed Equipment Rentals,campbell.atoolshed.com
A Tool Shed Equipment Rentals,morganhill.atoolshed.com
A Tool Shed Equipment Rentals,hollister.atoolshed.com
A Tool Shed Equipment Rentals,salinas.atoolshed.com
A Tool Shed Equipment Rentals,watsonville.atoolshed.com
A Tool Shed Equipment Rentals,atoolshed.com
A Tool Shed Equipment Rentals,santacruz.atoolshed.com
A V Party Rentals,avparty.com
A&X PARTY RENTALS,anxpartyrentals.com
A-Z Equipment Sales,
A1 Crane Service,a-1cranes.com
A1 Equipment Rentals,a1rentalsfresno.com
A1 Scaffolding Rentals,
AAA AC Repair San Ramon,aaaacrepairsanramon.site
AAA Crane Services,aaacraneservices.com
AAA Equipment Connection,
AAA Fork Lift,
AAA Forklift Material Handling,aaaforkliftplus.com
AAA Forklift Repairs & Sales,
AAA Rentals,aaarentals.com
Aaction Rents,aactionrents.com
AAJ forklift repair inc.,
Abbey Party Rents SF,abbeyrentssf.com
Abbott's Pro-Power,abbottspropower.com
ABC Construction Specialties,abcnolimits.com
ABC Happy Bounce,
ABC LAWN MOWER SHOP,
ABC Quick Racking,abcquickracking.com
Able Crane Services,ablecraneservice.net
ABS Heating And Air Conditioning,absheatingandairconditioning.com
AC Crane Service,accranesanjose.com
AC3,ac3online.com
Acampo Machine Works,acampomachineworks.com
Acapulco Rock & Soil,acapulcorock.com
Acc Contractors. Inc,acccontractors.com
Access Options Inc,accessoptions.com
Access to Freedom,socalstairlifts.com
Access Utilities International,auirents.com
Accurate Forklift,accurateforklift.com
ACDC Equipment LLC,acdcequipment.net
Ace Crane & Hoist,acecrane.com
Ace La Puente AC Repair's INC,
Ace Skidsteer Rental,
Aces Up Casino Parties,acesup.com
ACME Integrated Services,acmeintegratedservices.com
Acme Safety and Supply Corp.,acmesafetysupplycorp.com
Acorn Engineering Company,acorneng.com
ACT Equipment,
ACT Equipment Sales Inc,
Act Machinery,actmachinery.com
Action Equipment Rentals,actionequipmentrentals.com
Action Power,actionpowerinc.com
Action Sales Food Service Equipment & Supplies,actionsales.com
Action-Southland Towing,
Active Electric Co. inc,activeelectricco.us
Active Mobility Center Inc,activemobilitycenters.com
Acton Equipment Repair and Rental,
Ad-Lite Crane Service,adlitecrane.com
"ADAM EQUIPMENT, INC",
Adams Company,
Addison Equipment Rental,addisonequipment.com
Advance Tracks,advancetracks.com
Advanced Air & Vacuum,advancedairvac.com
Advanced Crane Inc.,advancedcraneinc.com
Advanced Display Systems Inc,nurserytrailers.com
Advanced Equipment Corporation,advancedequipment.com
Advanced Equipment Repair,bluepeakgaragedoor.com
Advanced Tool & Supply,advancedtoolsupply.com
Advanced Trucks Inc,atibuilds.com
Aerco Systems LLC,aercosystems.com
Aerial Lift Services,aerialliftservice.com
"AES Group, Inc.",aesgroupinc.com
"Affordable Forklift Rentals, Repair & more",affordableforklift.com
Affordable Tractor Services,
Ag-Right Enterprises,agrightenterprises.com
"Ag West Distributing Co., Inc.",agwestparts.com
AGGREGATE EQUIPMENT SALES,aggequipment.com
Aggregates Machinery,aggregatemachinery.net
Agrgrp Farm Equipment Supply Chain Inc,
Agri-Turf Supplies,agriturfsupplies.com
Agricultural Engineering Tractor Shop Building 47,cpp.edu
Agt Equipment,agtequipment.com
Agtonomy,agtonomy.com
Agua Manza Feed Store,
Ahlf Rental Company,arcbakersfield.com
Aim Inc,agindustrialmanufacturing.com
Air Care,aircareheatingandairconditioning.com
Air Conditioning Helpers | 24X7 on Call,
Air Cove HVAC Culver City,
"Air Solutions, LLC Portable Air Conditioner & Heater Rentals",goairsolutions.com
Air-Tro Inc,airtro.com
Air Up There Jumpers,
Air-Vol Block,airvolblock.com
AirPro Newport AC Repair LLC,
AirPro San Ramon AC Repair's LLC,
AirZone Huntington Beach AC Repair Service's LLC,
AJ Adventure Co,ajadventureco.com
"AJ Rental, Inc.",ajrentalusa.com
AJ’s Party Rentals Inc,ajspartyrentalinc.com
Al Asher & Sons Inc,alasher.com
Al's Kubota Tractor,alskubota.com
Alameda Air Duct Cleaning & Chimney Sweep,
Alameda Golf Works,alamedagolfworks.com
Alamo Pet Store,alamopetstore.com
Alan Paulson Crane Services,
Alan's Lawn & Garden Center - Norwalk,alanslawn.com
Alan Steel & Supply Co,
Albatros Machinery,
Albers Manufacturing Co,albersdairyequipment.com
Alberto's Party Rentals,albertospartyrentals.com
Alco Iron & Metal,alcometals.com
Aleman’s Dumpster Services,dumpster-alemans.com
Alexis Party Rental,alexispartyrental.com
alhambra commercial.com,
Alhambra Portable Toilet Rentals,
Aliana's Party Rentals,encinitaseventrentals.com
Aliso Viejo Portable Toilet Rentals,
All 4 Fun Jumpers,all4funjumpers.com
All About Events,allaboutevents.com
All About Fun,allaboutfunlakewood.com
All Access Services - San Diego,allaccessservices.com
All American Equipment Rental,aaerentals.net
All American fleet maintenance,
All American Forklift,
All American Trucks & Equipment,
"All-Cal Equipment Services, Inc.",allcales.com
"All Events and Party Rentals, Inc.",alleventsandpartyrentals.com
All Forklift Parts Inc,
All Forklift Parts - San Diego,
All Good Excavators & Demolition,allgoodexcavators.com
All-in equipment inc.,allinequipment.com
All Industrial Tool Supply,allindustrial.com
All Machinery Moving & Rigging,
All Makes Tractor Service,bechtholdtractor.com
All Occasion Rentals,all-occasion-rentals.com
All Pet Feed & Tack,petstoresanbernardino.com
ALL POWER SERVICES LLC,allpoweryubasutter.com
"All Pro Backflow, Inc.",allprobackflow.com
All-pro Engine & Mower Supply,allprosupply.biz
All Purpose Crane Training,apcranetraining.com
All Purpose Rentals,allpurposeprentalsllc.com
All Rigging Company,allrigging.com
All Right Pawn Shop,allrightpawns.com
All Seasons Event Rentals,allseasonseventrentals.com
All Seasons Hay Feed & Ranch Supply,allseasonshay.com
All Site Rentals Long Beach,allsiterentals.com
All South Bay Crane,
All Star Ford,allstarford.net
All Star Rents,elkgrove.allstarrents.com
All Star Rents,sanpablo.allstarrents.com
All Star Rents,vallejo.allstarrents.com
All Star Rents,fairfield.allstarrents.com
All Star Rents,novato.allstarrents.com
All Star Rents,sacramento.allstarrents.com
All Star Rents,placerville.allstarrents.com
All Star Rents,antioch.allstarrents.com
All Star Rents,chico.allstarrents.com
All Star Rents,davis.allstarrents.com
All Star Rents,sanrafael.allstarrents.com
All Star Rents,woodland.allstarrents.com
All Tractor Sales,
Allan Brothers Equipment,allantractor.com
Allen GA Co Inc Bobcat & Bckh,
"Alliance Diesel Truck , RV and Trailer repair",alliancediesel.com
Alliance Environmental Group - Thousand Oaks,alliance-enviro.com
Alliance Rental Co,alliancerentalsolutions.com
Alliance Trailer Corp,alliancetrailercorp.com
"Allie's Party Equipment Rental, Inc.",alliesparty.com
"Allied Crane, Inc.",alliedcrane.us
Allied Rental Company San Francisco,alliedrentalco.com
Allied Traffic Equipment,alliedtraffic.com
Allstar Medical and Mobility Supply,allstarmedicalsupply.com
Allstate Forklift Training Center.,allstateforklifttraining.com
Aloha Event Services,alohapartyrental.com
Alpha Alhambra AC Repair's INC,
Alpha Building & Crane Solutions,
Alpha Rentals,alphapartyservices.com
Alpine Equipment Funding,alpineequipmentfunding.com
Alpine Equipment & Party Rentals,alpinerents.com
Alpine Power Equipment,alpinepowerequip.com
Alpine Truck Sales Inc,alpinetrucksales.com
Altec Service Center,altec.com
"Alternative Hose, formerly Amerray Hydraulics",alternative-hose.com
"Alto Equipment, Inc.",altoequipment.com
ALTS Bobcat and Mini-Excavator Services,mmsce.com
Always Rollin Corrals,alwaysrollincorrals.com
AM Construction Supply,amconstructionsupply.com
Amalia's Jumpers,amaliasjumpers.com
Americ Machinery Corporation,americmachinery.com
American Backhoe,americanbackhoe.biz
"American Bobcat & Backhoe Services, Inc.",ambobcat.com
American Builders Supply,absupply.com
American Chef Supply (Restaurant Equipment And Supply),americanchefsupply.com
American Crane Rental,americancranerental.net
"American Crane Service, Inc.",
American Forklift Training Centers Inc.,americanforkliftcertification.com
American Heavy Duty Truck Parts,amtruckparts.com
American Medical & Equipment Supply,americanmedicalinc.com
American Mobility Center,
American Rentals,american-rentals.com
American Rigging,american-rigging.com
American Sanitation Inc,american-sanitation.com
"American Scissor Lift , Inc",americanscissor.com
American Warehouse Equipment Inc,aweonline.com
American Wood Floor Center,
AMES Tools,shopamestools.com
Amiron Machinery,amiron.com
AMOT New & Used Racks & Shelving,shelfrack.com
Ana's Iron Supply,anasironsupply.com
Anaheim Feed & Pet Supply,anaheimfeed.com
Anaheim Jumpers Party Rentals,anaheimjumpers.com
Anaheim Lawnmower Shop,anaheimlawnmowershop.com
"Analgesic Services, Inc.",asimedical.com
Anar Party Rentals,anarpartyrentals.com
Anchak Machine Works,anchakmachineworks.com
Anderson Crane Services,andersoncranellc.com
Anderson Plywood Sales,andersonplywood.com
Anderson's Towing,andersonstow.com
Anderson Saw Co Inc,andersonsaw.net
Anderson & Senn Commercial Real Estate,anderson-senn.com
Andpak,andpak.com
Andrade Party Rentals,andradepartyrentals.wixsite.com
Angels Lift Inc.,
Anglemyer Crane Service,
Anthem Aerial Equipment-Power,
Antioch Building Materials,antiochbuilding.com
Antioch Portable Toilet Rentals,
Anytime Production Equipment Rentals,anytimerentals.com
Apex Rentals,apexhesperiarentals.com
"API Trailers (Atlas Performance Industries, Inc.)",apitrailers.com
Apparel City Sewing Machine,apparelcitysf.com
APS Zoomlion Forklift,
Aqua-Flo Supply,aquaflo.com
Arbon Equipment Corporation,ritehite.com
Arcadia AC Repair LLC,
Archive Rentals - Wedding and Event Rentals in Orange County,archiverentals.com
ARCO Equipment,arco.com
Arctic Downey AC Repair LLC,
Arctic Mission Viejo AC Repair INC,
Area Wide Porta Potty Rentals Houghton,
Arko Tractor Parts,arkotractorpart.com
Armas hay sales inc,
Armstrong Garden Centers,armstronggarden.com
Arnold's Allis-Chalmers,arnoldsallischalmers.com
ARPEZA EQUIPMENT RENTALS,arpeza.com
"ARRI Americas, Inc.",arri.com
ARRI Rental,arrirental.com
Arrow Bearings & Drives,
Arrow Rental & Supply,arrowrentalandsupply.com
Arrow Sign Company,arrowsigncompany.com
Art's Forklift Repair,artsforkliftrepair.com
ARTCO - American Rotary Tools Co.,artcotools.com
Aryh Portable Restrooms LLC,fenceandpottyrentals.com
ASAP,asapequipment.com
Asap Roadside Assistance Services,asaproadsideca.com
Asap Utility Trailers Rentals & Mobile Tires,asaptrailerrentalsca.com
Ashby Lumber,ashbylumber.com
Asset Equipment Sales & Rental,assetequipment.com
Associated Compressor & Equipment,associatedcompressor.com
Associated Tractor Services Inc.,associatedtractor.net
Astro Jump of Sonoma County,astrojump.com
ATI Machinery Inc.,atimachinery.com
Atkinson Construction Equipment Rentals,
Atlantic Building Materials,
Atlantis Auto Sales,atlantiscargovans.com
"Atlas Construction Supply, Inc.",atlasform.com
Atlas Crane Gilroy,atlascranegilroy.com
Atlas Crane Service,atlascraneservice.com
Atlas Forklift Training,atlasforkliftcertification.com
Atlas Toyota Material Handling,atlaslift.com
ATP Rentals,
Atrump Machinery Inc,atrump.com
Auburn Crane,
Auction Factory California,auctionfactory.com
Audi Marin Service Center,audimarin.com
Audio Design Rentals,audiodesignrentals.com
Austin Industries,austinsales.net
Auto Depot Calexico,autodepotcalexico.com
Autofiesta Wholesale,autofiestasales.com
AutoNation Ford Tustin,autonationfordtustin.com
AutoZone Auto Parts,autozone.com
AV GMC,avgmccadillac.com
AVA Tractor,avatractor.com
Avalon San Bruno,avaloncommunities.com
Avalon Test Equipment,avalontest.com
Avenue Twelve,avenuetwelve.com
Avid Home Theater,bravas.com
Avila Truck Sales,avilastrucksales.com
AvilaGomes Party Rentals Hanford Ca,
Avis Car Rental,avis.com
Ayard rentals,ayardrentals.com
AYS AUTO GROUP,aysautogroup.com
AYZ Rentals - Designing Celebrations,ayzrentals.com
AZ Crane Inc,azcrane.net
Aztec Rent A Car & Truck,aztecrac.com
Aztec Rental Inc,aztecequipmentrents.com
Azteca Party Rentals Inc.,aztecaparties.com
Aztrack Construction,
Azusa Engineering Inc,azusaparts.com
Azusa Mega Pawn,azusapawn.com
B & B Small Engine Repair,
B & C Crane Inc,
B&D Equipment,bndequipment.com
B & G Hay Co Inc,
"B & G Industrial Rentals, Inc.",
B & J Equipment Inc,bandjequipment.com
B & L Crane,
B & M Lawn & Garden Center,bmproturf.com
B & R Tool & Supply Company,brtool.com
B & S Crane & Erection Services,
B & T Bartlett Farm Equipment Repair,
Baba's Lawn Mower Shop,
"Badasci Tire, Inc.",badascitire.com
"Bailey Rentals & Hardware, Inc.",baileysrental.com
BAJA BOYZ TOWING INC,bajaboyz.com
Baja Equipment Rental,
Bajamovil Inc.,bajamovilautos.com
Baker Equipment Rental,
Baker Party Rentals,bakerpartyrentals.com
Baldwin Park Portable Toilet Rentals,
BAM Event Services (formerly BAM casino parties),bamcasinoparties.com
Bananas At Large,bananas.com
Banks Power,bankspower.com
Bar None Auction - Corporate HQ,barnoneauction.com
Barber Aerial Equipment Rental,
Barraza & Sons,
Barry's Backhoe Service,
Bartlett Construction Equipment Rentals,
Basecamp Rentals,basecamprentals.co
Basil Equipment Inc,basilequipment.com
Basin and Loo,basinandloo.net
Bataeff Salvage Co,bataeffsalvage.com
Bavarian Performance Specialists,beemerpros.com
Baxman Livestock & Trailer Sales,baxmanlivestocktra.wixsite.com
Bay Area Backhoes Inc,bayareabackhoes.com
Bay Area CNC Machinery,bayareacncmachinery.com
"Bay Area Crane Service, LLC",bayareacraneservice.com
Bay Area Electric Forklift,bayareaef.com
Bay Area Event Rentals,baeventrentals.com
Bay Area Forklift,bayarealift.com
"Bay Area High Reach, Inc.",bayareahighreach.com
Bay Area Machine,bayareamachine.com
Bay Area Mechanical LLC,bayareamechanicalservice.com
Bay Area Medical Supply,bayareamedsupply.com
Bay Area Whole House Fans,bayareawhf.com
Bay Cities Crane & Rigging Inc,
Bay Desi Rentals,
Bay Equipment Sales & Service Inc,bayequipment.us
Bay Jump,bayjump.com
Bay Line Tool & Equipment,baylinetool.com
Bay Machinery Corporation,baymachinery.com
BayFoils,bayfoils.com
Bayside Building Materials,baysidebm.com
Bayside Equipment Co,baysideequipment.com
Bayview Demolition & Hauling,
BBJ La Tavola - Napa (Headquarters),bbjlatavola.com
"BC3 Equipment, Inc",
BCD Equipment Rentals L.L.C,bcdequipmentrentals.com
Beach Bros Sharing,beachbrossharing.com
"Beach City Lift Inc - Forklift Sales, Rental and Service",beachcitylift.com
Beaumont Hardware & Building Supply,bmthardware.com
Beaumont Party Supplies & Rentals,beaumontpsr.com
Beaumont Pharmacy | Mobility Scooter | Lift Chair,beaumontrx.com
Bedard Machine,bedardmachineinc.com
Bedrock Building Supplies,bedrockbuildingsupply.com
Bedrock Machinery,bedrockmachinery.com
Beeler Tractor Co.,beelertractor.com
Bejac Corporation,bejac.com
Belkorp Ag,belkorpag.com
Bell Electrical Supply Inc,bell-electrical.com
Bellflower Lawnmower,
Belt Fed Kennel Supply,beltfedkennelsupply.com
Bendick Precision Inc,bendick.com
Bene Trac,
Benites Lawnmower Shop,
Berchtold Equipment Co,berchtold.com
Berger's Equipment,bergers.com
Berkeley Ace Hardware,berkeleyace.com
Berkeley Equipment Rentals,
Berkeley Vacuum & Sewing Center,berkeleyvacuum.com
Bernard & Sons Plumbing,bernardplumbing.pro
Bernie Lift Service,
Bert's Mega Mall,bertsmegamall.com
Bert Williams & Sons Inc,bertwilliamsandsons.com
Bertuccio Hay Service,bertucciohay.com
Bess Boss Trailer Rental,bessbosstrailers.com
Best Alhambra AC Repair LLC,
Best Buy Forklift,bestbuyforklift.com
Best Covina AC Repair's LLC,
Best crane school,thebestcraneschool.com
Best Equipment,bestequipment.net
Best Equipment Services,
Best Fire Equipment Company,bestfireco.com
Best Forklift Services Inc,
"Best Lawnmower, Inc",bestlawnmower.stihldealer.net
Best Mechanical Bull Rental West Covina,bestmechanicalbullrental.com
Best Party,bestparty07.blogspot.com
Best Tile & Building Supply,besttilesf.com
Bestrux Mobile Truck & Trailer Road Service,affordablebigtruckfix.com
BetaUSA Trucks Sales,
Bg Agri Sales and Service,bgagrisales.com
BHC Crane,
"Bidcal, Inc.",bidcal.com
Big AZ Inflatables,bigazinflatables.com
Big Brand Tire & Service,bigbrandtire.com
BIG Equipment LLC,big-eqp.com
Big Horse Feed & Mercantile,bighorsefeed.com
Big Joe Handling Systems,bigjoelift.com
Big Joe Lift Trucks Inc.,bigjoeca.com
Big Red Crane company,bigredcrane.net
Big T Hydraulics Inc.,bigthydraulic.com
Big Tex Trailer World - Truckfitters,truckfitters.com
Big Truck & Equipment Sales,bigtruckequipment.com
Big Valley Tractor,bigvalleytractor.com
BigRentz,bigrentz.com
Bill Brandt Ford Fleet & Commercial Vehicles Center,billbrandtford.com
Bill's Crane Service,
Bill's Lift Service Inc,billslift.com
Bill's Mower & Saw,billsmower.stihldealer.net
Birds-N-Paradise,
Bischoff's Medical & Mobility,bischoffsmedical.com
BJ Party Supplies,bjpartysupplies.com
BJS Forklift Services,
Black Diamond Heating & Air,blackdiamondhvac.com
Black Ops Drywall and Water Damage Restoration,blackopsdrywall.com
Black World,
Blackmun Equipment Leasing Co.,blackmunequipment.com
"Blackstone Machinery, Inc.",blackstonemachinery.com
Blankenship Aerial Equipment Rental,
Blastrac Rental and Repair Center,blastrac.com
Bliss Party Rental LLC,blisspartyrental.com
Bloomfield Equipment,bloomheavy.com
Blount Forklift,blountforklift.com
Blu Laguna Niguel,blulagunaniguel.com
Blu Tape Rentals,blutaperentals.com
"Blue Sky Aerials, LLC",aerialcinematography.com
Boatswains Locker Inc,boatswainslocker.com
Bob's Backhoe & Trucking,bobsbackhoeandtrucking.com
Bob's Crane Service,bobscrane.com
Bob's Garden Equipment Lawn,bobsgardenequipment.stihldealer.net
Bob's Tractor Repair,
Bobcat of Sacramento,bobcatcentral.com
Bobcat of Ventura,bobcatofventura.com
Bobcat rental,
Bobcat Services Rental & Operator Service,
BodyKore Fitness Equipment,bodykore.com
Bolt Lighting Rental,boltlightingrental.com
Bomac's Locksmiths,bomacslocksmiths.com
Boman Forklift,bomanforklift.com
Bonafide Truck and Equipment Repair,bonafidetruckrepair.com
Bonander Truck and Trailer,bonandertruckandtrailer.com
Bonbon Party Rental,
Bond Aerial Equipment Rental,
Boone Equipment Rental Rental,
Booth Aerial Equipment Rental,
Booth Machinery,
Borden Steel and Equipment Inc.,bordensteel.com
Boss Equipment Rentals,boss-equipment.com
BOSS StrongBox,bossstrongbox.com
Boti’s Maintenance & Repair,botisforklifts.com
Bounce 2 Fun Jumpers & Party Rentals,bounce2funjumpers.com
"Bounce House and Party Rentals - Tents, Decorations and more!",partybouncehouserentals.com
Bounce House Rental Encinitas,bouncehouserental.com
Bounce House Rentals,bouncehouse-rentals.com
Bounce House Rentals Brentwood,bouncehouserentalsbrentwood.com
Bounce House Rentals Elk Grove,bouncehouserentalselkgrove.com
Bounce House Rentals Rancho Cordova,ranchocordovabouncehouserentals.com
Bounce House & Water Slide Rentals Los Angeles – Kids Party SoCal,kidspartysocal.com
Bounce House & Water Slide Rentals Rancho Cucamonga – 909 Kids Party,909kidsparty.com
"Bounce Out Inflatables Bounce house, Waterslide & Party Rentals",bounceout916.com
Bounceable Rentals LLC,bounceablerentals.com
Bouncin Bins,bouncinbinsca.com
Bowen Construction Equipment Rentals,
Bowers Aerial Equipment Rental,
Bowlin Equipment Co,
Boys-N-Berry Tractors & Parts,
Bracco Medical Equipment,
Bradford Equipment Rental Rental,
"Bradley Tanks, Inc",btienvironmental.com
Brauning 143 Old Vine Rental,
Breeze Highland AC Repair LLC,
Brentwood Ace Hardware,acebrentwood.com
brentwood excavating,excavatingbrentwood.com
Brentwood Party Rentals,brentwoodpartyrentals.com
BRG Demolition,brgdemolition.com
Bridgestone HosePower,hosepower.com
Bridgewater Equipment Rentals,bridgewaterequipment.com
Bridgeway Forklift & Training Services,bridgewayforklift.com
BrightField Portable Toilets,brightfieldportabletoilets.cyou
Brilopat Material Handling Equipment,brilopat.com
Broadmoor Landscape Supply,broadmoorlandscape.com
"Broadmoor Luxury Auto Service Center, Inc.",
Brocks Saw & Mower,
Brothers Farmers Market,brothersfarmermarket.com
Browning Construction Equipment Rentals,
Bruce Bauer Lumber & Supply,brucebauer.com
Bruce Towing,towingsanbruno.com
BSE Rents,bserents.com
BTM Motorwerks,btmmotorwerks.com
BTR Equipment Services,btrequipmentservices.com
Bubba's Fire Extinguisher Co,bubbasfire.com
Buck's Cranes & Specialty Moving,bucksmovers.com
Buck's Saw Service and Lawn Equipment,buckssawservice.com
Buck's Tractor Shop,
Buckets4Rent,buckets4rent.com
Budget Equipment Rental,quote.budgetequipment.com
Budget Forklift Inc,
Budget Tractor Rental,
Budget Truck Rental,budgettruck.com
Buena Park Portable Toilet Rentals,
Builders Exchange of the Central Coast,slocbe.com
Builders Market,toolpirate.com
"Built-In Distributors, Inc -2025",bidappliance.com
Burbank Equipment Division,
Burbank Irrigation Supply,burbankirrigationsupply.com
Burke Aerial Equipment Rental,
Burke Construction Equipment Rental,
Burns Construction Equipment Rental,
Burt Industrial Supply-SLO,burtindustrial.com
"Business-Industry Equipment Sales Co., Inc.",biesco.com
BuyAftermarketParts,partsdepotamerica.com
By Beverly Party Rentals,bybeverlypartyrentals.com
BYD | RIDE,byd.com
BZ Equipment Services,bzequipmentservices.com
C&A Tree Care Services Inc,catreecare.com
C&C Studio Services LLC,ccstudioservices.com
"C&J Lift, Abraham",cjlifttrucks.com
C L Smith,
"C & M Building Materials, Inc,",cmbuildingmaterialscc.com
C & M Crane Rental,
C M Peich,cmpeich.com
C & M Tractor Repair,
C Mount,cmount.com
C & N Rentals,
C&N Tractors,candntractors.com
"C&P Sales and Import, Inc",
C.P. Tools,cptools.com
C2C Industries LLC,c2cindustries.com
"C5 Equipment Rentals, LLC",c5rentals.com
CA Construction Supplies Inc 加州建材,cacstile.com
CA Equipment Sales,caequipmentsales.com
CA Machine Tools,
Cadell Equipment Sales,
Cadotte Rentals,
Caesar's Appliance Sales & Service,caesarsapplianceservice.com
Cain Equipment Rentals,
CAL AUTO,
Cal Coast Adventures,calcoastadventures.com
"Cal Coast Crane, LLC",
"Cal-Coast Machinery, Inc.",calcoastmachinery.com
Cal Crane & Control Services,
Cal-Edison Farm Exchange,
Cal Energy Verify,
Cal Jump Orange County,caljump.com
"Cal-Lift, Inc.",cal-lift.com
"Cal-Line Equipment, Inc",owencompanies.com
Cal-Pacific Supply Inc.,calpacsupply.com
Cal Pacific Truck Center,calpacifictruck.com
Cal's Garage Doors,calsgaragedoors.com
Cal-State Site Services,rentfenceandtoilets.com
Cal Valley Equipment,calvalley.com
Cal-West Rain,calwestrain.com
Cal West Rentals,calwestrentals.com
Cal West Trailer Rentals,calwesttrailerrentals.com
Cal Wood Machinery,calwoodmachinery.com
Calderon Plumbing,
Calexico Auto Dismantlers Inc.,usedautoparts.biz
Calexico Business Services,cbs-calexico.com
Calexico Portable Toilet Rentals,
Calgrove Equipment Rentals,calgroverentals.com
Cali-Bay Forklift,cbforkliftrepair.com
Cali Inflatable Party Rental Jumpers & Waterslides,lifeoftheparty.com
California Antique Equipment Show,antiquefarmshow.org
"California Barricade Rentals, Inc.",californiabarricade.com
California Celebration Rental LLC,
California Compaction Corporation,cacompaction.com
California Crane Rental,
California Custom Trailers & Powersports,calcustomtrailers.com
California Food Machinery,cfmworldwide.com
California Forklift Battery,forkliftbattery.co
California Forklift Parts,
California Fun-Jump,
California Jumping of Fresno,californiajumping.com
California Machinery Movers,californiamachinerymovers.com
California Material Handling,cmhforklift.com
California Mill Equipment Co,calmill.com
CALIFORNIA MOTOR CENTER,californiamotorcenter.com
California Party Rentals,calpartyrentals.com
California Safe & Lock,norcalsafes.com
California Ski Company,californiaskicompany.com
California Surveying & Drafting Supply - Sacramento,csdsinc.com
California Tool & Welding Supply,cal-tool.com
California Tools and Equipment Corp,californiatoolsandequipment.com
California Truck Equipment Co,ctec-truckbody.com
California Truck Parts,californiatruckparts.net
California Turf Equipment,calturf.com
California Watersports,carlsbadlagoon.com
Caliman's Lawnmower Shop,
"Calimet Co., Inc.",calimetco.com
Caltrans Equipment Repair,
CalWest Fertilizer,calwestfertilizer.com
Calwest Storage,calweststorage.com
Camarillo Feed Store,
Camarillo Portable Toilet Rentals,
Cameron Crane llc,oracleaning.com
Campbell Construction General Engineering Inc,campbellconstructiongeneng.com
Campbell Crane,
Campbell Portable Toilet Rentals,
Camping World - La Mirada,rv.campingworld.com
Campiotti Lift Truck Service,campiottilifttruck.com
Camtec Motion Picture Camera Systems,camtec.tv
"Candor Industrial Supply, Inc.",shopcandor.com
Candy's Party Rentals,
Cano's Party Rentals / Jumpers,canos-party-rentals.jimdosite.com
"Canon U.S.A., Inc.",usa.canon.com
Canyon Feed,canyonfeed.com
Capistrano Crane Service,capistranocrane.com
Capital Crane Services,
Capital Rentals WC,capitalrentalswc.com
Capo Beach Equipment Rentals,capobeachequipment.com
Carbide Systems Inc,carbidesystems.net
Cargo Equipment USA,cargoequipmentusa.com
Carl Burger Dodge Chrysler Jeep RAM World,carlburger.com
Carlsbad Pet & Feed - Village,carlsbadpetandfeed.net
Carlsbad Portable Toilet Rentals,
Carlson Building Materials Co,carlsonbuildingmaterials.com
CarMax,carmax.com
Carpenter Equipment Rental Rentals,
Carrillo Outdoor Power Company,carrilloopc.myshopify.com
Carson Portable Toilet Rentals,
"Carson Trailer, Inc.",carsontrailerinc.com
Carter's Hay & Grain,cartershay.com
"Casanova Towing Equipment, Inc",casanovatowequipment.com
Casas Party Rentals LLC,casasparty.com
Case Ih Agriculture Linder Equipment Co.,
Cash equipment inc,
Casino Entertainment Industries,casinoei.com
Castaic Truck Supply,ctschromeshop.com
Castaly Industries Corp,castalymachine.com
Castex Rentals,castexrentals.com
CBER Equipment Rental And Repair,
CD & Power,gotpower.com
Cedar Lane Porta Potty,cedarlaneportapotty.cyou
Celebration Party Equipment Rentals,celebrationspartyrentals.net
Celebrations Event Rentals,celebrationspartyrentals.com
Celebrations Party & Rentals,celebrationspartyandrental.com
Centinela Feed & Pet Supplies,centinelafeed.com
Central California Implement,centralcaliforniaimplement.com
Central California Truck and Trailer Sales,wtrucksales.net
Central City Tool Supply,centralcitytool.com
Central Coast RV Lompoc,centralcoastrvservice.com
Central Coast Tent & Party,centralcoasttent.com
Central Equipment Service,centralequipmentservice.com
"Central Truck & Oil Supply, Inc.",
Central Valley,central-valley.com
Central Valley Auction,centralvalleyauction.com
Central Valley Crane,
Central Valley Lift Truck Inc,centralvalleylifttruck.com
Central Valley Party,centralvalleyparty.com
Central Valley Rental Equipment,centralvalleyrentalequipment.com
Central Valley Rentals,centralvalleyrentals.org
Central valley trailer,site-96g80zzpk.godaddysites.com
Century Machinery Co Inc,centurymachinery.com
Century Truck & Equipment,centurytruck.com
Ceres Truck and Trailer Repair Inc,
Cerritos Portable Toilet Rentals,
Certified Crane Services,certifiedcranerental.com
"Certified Crane Services, Inc.",
Certified Forklift Training Center,cftc.net
"Certified Medical Group, Inc",certifiedmedicalgroup.com
CFI Tire & Wheel,cfitire.com
"CFM Equipment Distributors, Inc.",cfmequipment.com
CFS Medical Supplies and Equipment - CFS Solutions DBS,cfsmedicalequipment.com
CG Appliance Inc,cgappliances.com
Chad Godoy Equipment Sales with Holt Ag Solutions,
Chairs4Events,chairs4events.com
Chamberlain Backhoe Service,chamberlainbackhoe.com
Champ Equipment Corp.,champequip.com
Champion Chrysler Jeep Dodge RAM FIAT,gochampiondodge.com
Champion Equipment Company,champion-equipment.com
Champion HVAC,champhvac.com
"Champion Scaffold Services, Inc.",championscaffold.com
Channel Equipment Co,channelequip.com
Chapel L Transporters,
Chapin Rentals,chapinrentals.com
Chapman Equipment Rentals,
Chapman Equipment Solutions Inc,
Charger Yard Moreno Valley,chargeryardmorenovalley.com
Charlys Party Rentals,hotpartyrental.com
Charter Equipment Sales,dicers.com
Chater Camera,chatercamera.com
Cheerio's Family Party Rentals Shop,
Chef’s House Rentals,chefshouserentals.com
Cherry Valley Nursery And Landscape Supply,cherryvalleynursery.com
Chevrolet of Montebello,chevroletofmontebello.com
Chic Event Rentals,chiceventrentals.com
Chico Farm & Orchard,chicofarmandorchard.com
Chico Party Rentals,chicopartyrentals.com
Chico Portable Toilet Rentals,
Chico Power Equipment Inc,chicopower.com
Chino Mower and Equipment,chinomower.com
Chino Portable Toilet Rentals,
Chintito's Jumpers,chintitosjumpers.com
Chris Crane Enterprises Inc,
Chris' Lawnmower Shop,
Chuy's A/C and Heating Services Lic.# 1061714,
CIE Manufacturing,ciemanufacturing.com
Citrus Heights Portable Toilet Rentals,
Citrus Heights Saw & Mower,citrusheightsmower.com
City of Hawthorne Equipment Department,
City Rentals,cityrentalnetwork.com
Citywide Express AC & Heating Repair,citywidexpresshvac.com
CJH Equipment,cjhequipment.com
CK Party Rentals,
Clairemont Equipment Rentals,clairemontequipment.com
Clark's Towing & Equipment hauling,
Classe Party Rentals,classeparty.com
Classic Forklift Rental Services,
Clean Cutter Flail & Tiller Blades Co.,cleancutter.com
Clemens Vineyard Equipment Inc,clemens-america.com
Clement's Powerports,
Cleve Forklift Services,
Click Event Rentals,clickeventrentals.com
Close Feed & Supply,closefeedandsupply.weebly.com
Clovis Madera Equipment Inc,cmepaving.net
Clovis Portable Toilet Rentals,
CM Forklift Services,cmforklifts.com
"CMT Service & Repair, Inc./Cabrera & Meneses Tractor",cmtractor.com
CNS Steel,cnssteel.com
Coast Counties Peterbilt - Porterville,coastcounties.com
Coast Equipment Co.,coastequipmentco.com
Coast Equipment Rental,coastequipmentrental.com
Coast EV,drivecoastev.com
Coast Machinery Movers,coastmachinerymovers.com
Coastal Manufacturing,coastalmanufacturing.net
Coastal Power Inc.,coastalpower.com
Coastal Tractor,coastaltractor.com
Coastline Equipment - Crane Division,coastlinecd.com
Cobalt Equipment,cobaltequipment.net
Coburn Equipment Inc,coburnequip.com
Cochran Equipment Rentals,
CoGarage,cogarage.com
"Cold Craft, Inc.",coldcraft.com
Cole Equipment Rental,
Coleman Equipment Rentals,coleman-equipment.co
Colledgewood Inc,colledgewood.com
Colley Ford,colleyford.com
Combs1 Equipment Co.,combs1.godaddysites.com
Comfort Beaumont AC Repair INC,
Commerce Truck & Equipment Sales,commercetruck.com
Commercial Contracting,ccifresno.com
Commercial Emergency Shower Rental International,shower-rental.com
Commercial Forest Products,commercialforestproducts.com
Commercial Mill & Builders,commercialmill.com
"Commercial Scaffolding Sales, Inc.",commercialscaffoldingsales.com
"Commercial Shoring, Inc.",csishoring.com
Commercial Truck On-site Tire Service,
Compactor Rental Services,
Complete Construction Company,completeconstruction-company.com
Complete Forklift Parts,completeforkliftparts.com
Complete Towing & Recovery,completetowingrecovery.com
Complete Trailers of California,completetrailersca.com
Con-Lee Equipment Rental,
Concord Feed Pet & Livestock Supplies - Pleasant Hill,concordfeed.com
Concord Garden Equipment Co,concordgarden.com
Concrete Builders of Cupertino,concretebuilderscupertino.com
Concrete Equipment Inc,concreteequipmentinc.com
Concrete Equipment Services,ceservicesinc.com
Concrete Machine Pro inc,concretemachinepro.com
Conejo Hardwoods,conejohardwoods.com
Conejo RV,conejorv.com
Connect SLO,connectslo.com
Connor Air Conditioning & Heating,connorair.com
Construction Drilling Equipment (CDE),cdedrill.com
Construction Equipment Co,
Construction Equipment Sales,
Construction Equipment USA,
Construction & Rigging Supply,ematerialhandling.com
Construction Supply Sourcing,constructionsupplysourcing.com
Container Alliance,containeralliance.com
Contractor's Maintenance Service,contractorsmaintenanceservice.com
Contractors Crane Service,contractorscrane.com
Contractors Equipment Rentals,cer-equipment.com
CONTRACTORS' WAREHOUSE,contractorswarehouse.com
Conveyor Rental Company - Southern California,conveyors4rent.com
"Conveyor & Storage Solutions, Inc",cssyes.com
Cooler Depot CA NJ TX FL IL local sales,coolerdepotusa.com
Cooley Equipment,
Copart - Rancho Cucamonga,copart.com
Coppel Corporation - Warehouse,coppel.com
Core Equipment Leasing LLC,corerents.com
Core Machinery,coremachinery.com
Corporate Fleet Sales,corporatefleetsales.com
Corrado Industrial,
Corral Cooling And Heating,
Correa Lawn Mower Services & Sales,
Country Farm Supply,countryfarmsupply.com
Country Hills Feed,countryhillsfeed.com
Covina Lawn Mower,
Cowboy Equipment Rentals,cowboyequipmentrentals.com
Coyne Powersports,coynepowersports.com
Crane Aerospace & Electronics,craneae.com
Crane and Hoist Services LTD,craneandhoistservices.com
Crane Aviation Inc,
"Crane Certification Services, Inc.",cranecertificationservices.com
Crane Construction,crane-gc.com
Crane Contractor Los Angeles,
Crane Contractor Malibu,
Crane Contractor Service,
Crane Control Systems LLC,
"Crane Enterprise, Inc",
Crane Management,cranemanagement.net
Crane Massage Therapy,cranemassagetherapy.com
Crane Rental Los Angeles,
Crane Rental Service Inc,cranerentalservice.com
Crane Safety Consultants,getcranecertified.com
Crane Service Industries,craneserviceindustries.com
"Crane Tec Enterprises, Inc",cranetecfresno.com
Crane Veyor Corporation,
Cranebeam Inc,cranebeam.com
Craneology Inc.,
CraneVeyor Corp,craneveyor.com
CraneWorks,craneworksinc.com
Craniacs Crane Service,craniacs-cranes.com
"CRBJUMPERS, Party Rentals in Moreno Valley, Waterslides, Jumpers, Tables, Chairs",crbjumpers.com
"CRBR Property Damage Services of Yuba City, CA",crbryubacity.com
CRC Tractors,crcge.com
Create-A-Party Rentals,createaparty.com
Cresco Equipment Rentals,crescorent.com
Crest Equipment,crestequipmentinc.com
Cricket Party Services LLC,cricketpartyservices.com
Crop Production Services,
Crossroads Equipment Lease and Finance,crlease.com
CrouzetIrrigation Supply,
Crown Ace Hardware,crownace.com
Crown City HVAC Services,
"Crown Hill Stone Supply, LLC",crownhillstonesupply.com
CRV- Central Valley Rentals,
Crystal Floor Scrubber and Sweeper,crystalfloorscrubber.com
CSC Heavy Equipment Sales,csctractorsales.com
Cucamonga Medical Equipment and Supplies,cucamongamedical.com
Cuisinier Equipment,cuisinierequipment.com
"Culligan Water Conditioning of Lompoc, CA",
Culver City Industrial Hardware,culverhardware.com
Culver City Used Cars,culvercityusedcar.com
Cupertino Portable Toilet Rentals,
Cupertino Supply Inc,cupertinosupply.com
Curbside Craze,curbsidecraze.com
Custom Horse Corrals,customhorsecorrals.com
Custom Truck,customtrucks.com
Customer Repair Center,customerrepaircenter.com
Cutino's tire center,cutinostirecenter.com
Cutters Source Inc,cutterssource.com
"Cutting Edge Productions, inc.",cuttingedgeproductions.tv
Cutting Edge Supply,cuttingedgesupply.com
CXT Heavy Truck Salvage / Carcamo Trucking Inc,carcamotrucking.com
Cycle Gear,cyclegear.com
"Cypress Garage Door Repair, LLC",cypress-garage-door.localo.site
D'Ambra Equipment,dambraequipment.com
"D and D Equipment, Backhoe Service",
"D & D Equipment Rental, LLC",ddrental.com
D&D Lift,ddlift.com
D E Eddings Equipment Rental,
D & F Forklift Services,dandfforklifts.com
D & J Machine Movers,dandjmachinemovers.net
D L Scaffolding Inc,dlscaffoldingservices.com
D P Nicoli Shoring Solutions,dpnicoli.com
"D & R Crane, Inc.",drcrane.com
D & R Equipment Rental,
D & R Wholesale Equipment Sales,
D&S Garden Supplies,dsurbanfarm.com
D's towing & transport llc,
Dahl's Equipment Rentals,dahlsequipment.com
Dairy Equipment Center,
Daly City Dumpster Rental,
Daly City Mitsubishi,dalycitymitsubishi.com
Daly City Portable Toilet Rentals,
Daly City Tool Mart,
DaMoor's Feed & Tack,damoorsfeedandtack.com
"Dan DeWald, Inc.",dewaldequipment.com
Dan-Mar Tool & Supply Co Inc,
Dan's Lawnmower Center,danslmc.com
"Dan's Machine Tool, Inc.",dansmachinetool.com
Danda tractor parts and sales,dandatractor.com
Dane material handling and hydraulics solutions,danehydraulicsolution.com
Daniels Aerial Equipment Rental,
Dark Horse Rentals,darkhorserentals.com
Dave's Mobile Crane Services,
Dave's Tractor Inc.,davestractor.com
David's Equipment Repair,
Davis Portable Toilet Rentals,
DB Industrial Supply,dbindustrial.com
DCB CONSTRUCTION COMPANY,
Deal Makers Machinery Co,dealmakersmachinery.com
Dean Howard Heating & AC,deanhoward.net
Deboss Motors,debossmotors.com
"Deca Forklift, Inc.",decaforklift.com
Deck Hand Camera Rentals,deckhand.com
Deer Springs Feed & Supply,deerspringsequestrian.com
DEI Truck & Fleet,deitruck.com
Del Amo Motorsports of Los Angeles,losangeles.delamomotorsports.com
Del Rey Party Rentals,delreypartyrentals.com
Del Sol Landscape Power Tools,delsolpowertools.com
Delano Equipment Rental,
Delano Portable Toilet Rentals,
Delano Towing,
Delta Cranes - Mobile and Hydraulic Crane Services,deltacranes.com
Delta Grinding Company Inc,deltagrinding.com
Demetrio's forklift's & Hydraulics,
Demler Farms,
Demo Sport,demosport.com
Demolition Contractor,demolitionsantacruz.com
Dependable Crane,dependablecrane.com
Dependable Crane School,dependablecraneschool.com
Dependable Lift,dependablelift.com
Derian Mobile Equipment Repair,sandiegotractorrepair.com
Desert Crane Service Inc,desertcrane.com
Desert Event Rentals,
Desert Fitness Equipment,desertfitnessinc.com
Desert Hills Crane Service LLC,
"Desert Medical Equipment, Inc",desertmedical.com
Desert Pawn Shop,
Desert Rental & Resale Services,
Desert Sky Event Rentals & Party Supplies,
Desert Truck Sales,desertrucksales.com
Desert Truck Supply,deserttrucksupply.com
Details Party Rentals,
DeWolfe Crane Service,dewolfecrane.com
Diamond A Equipment,diamondaequipment.com
Diamond Bar Portable Toilet Rentals,
Diamond Crane Co. Inc.,diamondcranecompany.com
Diamond Equipment Leasing,
Diamond Star Commercial Vehicles,westrux.com
Diamond Valley Market,diamondvalleymarket.net
Diaz Rack Inc.,diazrack.com
Dick's Community Towing Campbell,dickscommunitytow.com
DICK'S Sporting Goods,stores.dickssportinggoods.com
Diesel-Tune,dzltune.com
Direct Tools & Fasteners,directtools.com
DirtPro Skidsteer Rental,
Discount 909 Tools,
Discount AG Parts,
Discount Fork Lift Services,
DJ Solstice,djsolsticelive.com
Dm Party Rental,dmpartyrentalndeco.wixsite.com
DM Tent & Event Rentals,
DMC ENTERPRISES,dmc-ent.com
DMES Medical Supply Store Mission Viejo,dmes.com
DNN Party Rentals,dnnpartyrentals.com
Doc Bailey Construction Equipment Inc,888docbailey.com
Dolk Tractor Company,dolktractorcompany.com
Dolphin Event Services Party Rental,dolphinevents.biz
Dolphins Jumpers,dolphinsjumpers.com
Domries Enterprises Inc,domries.com
Donahue Truck Centers & Donahue Idealease,donahuetrucks.com
Donal Machine Inc,donalmachine.com
Doosan Material Handling Solutions,forkliftsgroup.com
Dorado Equipment Corporation - Asphalt roller rentals,doradoequipment.com
Doty Brothers Equipment Co,dotybros.com
Double D Rentals,
Double Dee Tractor Sales,
Dowdys Sales and Service Inc,dowdys.com
Downey Party Rentals,downeypartyrentals.net
Downs Equipment Rentals Inc,downsequip.com
DPForklift Forklift Repair & Maintenance,
"Dr. Carrie R. Kubota, OD",drcarriekubota.com
Draco Trucks and Equipment Inc.,dracotrucks.com
Drake Construction Equipment Rentals,
Dreamland Tree Service tree trimmers,dreamlandtreeservice.com
Dron's Equipment Repair and Trucking,dronsequipment.com
DRS RENTALS LLC,
Drummond Machinery,drummondmachinery.com
DRV Modular Contractors Inc,drvmodular.com
DS Trailer Rentals LLC,dstrailerrentals.com
Dublin Portable Toilet Rentals,
Duckworth Backhoe Inc,duckworthbackhoeinc.com
Dump Run Pro,dumprunpro.com
Dumpster Rentals By Truck n Go Delivery Inc.,rentalstruckngo.com
Dura Crane Inc,duracrane.com
Dura Lift Inc.,
Duran Aerial Lift Rental,
Duran Tractos,durantractorsllc.com
Dynamic Hobbies,dynamichobbieshemetca.com
Dynamic Rentals,dynamicrentals.com
Dynamik Inc. DVBE California,dynamikinc.com
e-Dispositions,edispositions.com
E&E Industries,e-eindustries.com
E L Crane Construction,
E & M Forklift Repair,
E-Rentals & Tents Inc,erentalsevents.com
E W Truck & Equipment Co,ewtruck.com
Eagle Equipment Rental,
"Eagle Forklift, Inc.",
Eagle Tools,eagle-tools.com
East Backhoe Services,
East Bay Forklift Inc,cromer.com
East Bay Lawnmower,eastbaylawnmower.com
East Bay Tire Co,eastbaytire.com
East Bay Trailers,eastbaytrailer.com
Eastlake Rentals,
Easy Farm Supply BCS Dealer,easyfarmsupply.com
Eberhard Equipment - Santa Ana,eberhardequipment.com
Eco Diggers,ecodiggers.com
Eco-Rental Solutions,eco-rentalsolutions.com
Ecolab Equipment Care - GCS Service,
ECON Ferreteria-Hardware,
economy equipment supplier,
"Economy Rentals, Inc",econrent.com
Economy Restaurant Equipment & Supply Company,economyrestaurantequip.com
Economy Tree & Crane Inc.,economytreeandcrane.com
"Eden Equipment Company, Inc.",edenequipment.com
Eden USA,edenusa.com
Edge International,
Edgecombe Crane,
EKKO Material Handling Equipment,ekkolifts.com
El Cheapo Lifts,elcheapolifts.com
El Dorado Crane & Rigging,eldoradocrane.com
El Gordo Lawn Mower & Tires,
El Granero Pet Shop,elgraneropet.com
El Monte Portable Toilet Rentals,
El Rancho Animal Feed Store,
El Regio Party Rentals,elregioparty.com
El Torito Jumpers,
Eldorado Forklift Co.,forkliftbayarea.com
Eldorado Forklift material handling company,eldoradoforkliftmh.com
Eldorin Portable Toilet Services,eldorinportabletoiletservices.us
Electric wheelchair and Scooter Company MALISA MOBILITY,malisamobility.com
Electrical Equipment Co Inc,electricequipcompanyus.com
Electrolift,electrolifts.com
Elevated Equipment Rental,scissor-lift-rentals.com
Elevated Party Rentals,elevatedpartyrentals.com
"Elevator, LLC",elevatorswingstage.com
Elg Metals Inc,elg.de
Elite Bay Party Rentals,elitebaypartyrentals.com
Elite Comfort Systems,elitecomfortsystems.com
Elite Construction Equipment,eliteconstructionequipment.com
"Elite Diesel Equipment, Inc.",elitedieselequip.com
Elite Equipment,eliteequipmentinc.com
Elite Equipment Rentals,elite-equipmentrentals.com
Elite Farmers Supply,
Elite feed store / farm supply,
Elite Forklift Service and Repair Inc.,eliteforkliftservice.com
Elite Heavy Equipment Services Corp.,
Elite Lift Service,eliteautolift.com
Elite Montclair AC Repair's INC,
Elite Monterey Park AC Repair'LLC,
Elite Party Supplies,partyrentalsvisalia.com
Elite Scaffold LLC,elitescaffoldca.com
Elite Tools and More,elitetoolsandmore.com
"Elite Truck and Equipment, Inc",elitetrucksale.com
Elizabeth Enterprises Inc,heavyequipmentrentalfremont.com
Elk Grove City Porta Potty Rentals,
"Elk Grove Milling, Inc.",elkgrovemilling.com
Elk Grove Portable Toilet Rentals,
Elk Grove Power Equipment,elkgrovepowerequipment.com
"Ellis Equipment, Inc.",ellisrents.com
Elmer's Lawn Mower & Saw Shop,
Elms Equipment,elmsrental.com
ELR Equiement Rental,
Elsinore Valley Rentals,elsinorevalleyrentals.com
Elston Hay & Grain,elstonhayandgrain.com
"ELV Motors, Inc.",elvmotors.com
"Emberwest Fireplace & Patio, LLC.",emberwest.com
Emerald Palace Party Rental jumpers.,
Emergency Equipment Management,emergencyeq.com
Empire Equipment Rentals INC,empireequipmentinc.com
"Empire Equipment Service, Inc",empireequipmentservice.com
"Empire Lift Systems, Inc.",empireliftsystems.com
Empire Valley Party Rentals,empirevalleypartyrentals.com
Emrick Machinery Sales,emrickmachinery.com
Enchanted Rentals,enchantedrentals.org
Encinitas Bounce House & Party Rentals,encinitaspartyrental.com
Encore Events Rentals,encoreeventsrentals.com
Energy Solutions,hvacenergysolutions.com
ENG Cranes USA,
Engineered Crane Services,
Engineering Supply Company,
English Crane Service LLC,englishandsonscranesite.com
"Enterprise Motors, Inc - Truck Sales",enterprisemotors.com
Enterprise Rent-A-Car,enterprise.com
"EO Truck & Trailer, Inc.",eotruckandtrailer.com
Eoslift USA Corporation,eoslift.us
Equip4Sale Buy Used Equipment,equip4sale.com
"EQUIPCO Rentals, Sales, Service",equipcoservices.com
Equipment- Anaheim,equipmentanaheim.com
Equipment Co of Los Angeles,ecolalift.com
Equipment Design and Manufacturing,equipmentdesign.net
Equipment Direct,equipdirect.com
"Equipment Engineering, Inc Group",equipmentengineering.com
Equipment Financings,equipmentfinancings.com
Equipment Maintenance,
"Equipment Pro, LLC",
Equipment Rental Center,erc-rentals.com
Equipment Rental & Excavation Coulter Gradall Inc,gradallrental.com
Equipment Solutions,equipsol.net
Equipment Transport,equipmenttransportsanjose.com
EquipNet - Milpitas,equipnet.com
Esencia Farm,
Espinoza Equipment Rental,
Essential Event Rentals,
Essential Mobility,essentialmobilityslo.com
ESSLifts,esslifts.com
ETS Equipment,etsequipments.com
Eugene Marks Tractor Services,
Ev party supplies,
Evans Feed & Livestock Supply,evansfeed.com
EVENT ENGINEERS,myeventengineers.com
Everest Refrigeration,everestref.com
Evergreen Nursery,theevergreennursery.com
Everlast Power Equipment,everlastgenerators.com
Everything Medical,evmedus.com
Evolution Equipment Services,evolutionequipmentservices.com
EVS MECHANICAL INC,evsmechanicalcorp.com
EVS Rentals & Studios,evsrentals.com
Exact Corporation,exactcorp.com
Excavating Santa Barbara,excavatingsantabarbara.com
Excessive Lift,
Exclusive British European Inc.,ebemotors.com
Exim Engineering Inc.,eximeng.com
Experienced Tractor Parts,
Express Lighting & Grip,expresslg.com
Express Rental Trailers,expresssrentals.com
Extra Equipment Sales,
Ez Machinery,
EZ Rentals,
EZ Rig Crane,ezrigcrane.com
F&A Plumbing&Rooter,fandaplumbing.com
F.H. Dailey Chevrolet,fhdailey.com
F & H Food Equipment Co.,fandh.com
"F&Q Pumps, Inc",fqpumps.com
F.S.E. Inc.,fsesd.com
Facilities Engineering,bridge-cranes.com
Fagan High Reach and Equipment,faganhighreach.com
Fairfield Bounce House Rentals,
Fairfield City Porta Potty Rentals,
Fairfield Construction Supply,
Fairprice Movers - Santa Cruz,fairpricemovers.com
Fairway EV,gofairwayev.com
Fallbrook Equipment Rentals,fallbrookrental.com
Far West Equipment Dealers Association,
Far West Rents & Ready Mix,farwestrents.com
Farm 121 Sanitation,farm121sanitation.com
Farm and Harvest Machinery,harvestmach.com
Farm Parts Store,farmpartsstore.com
Farm Supply Co,farmsupplycompany.com
Farmers Tractor & Equip Co,farmerstractorandequipment.com
Fast Crane Services Inc,
Fat Tire Bike Rentals,fattirebikerentals.org
FBN,fbn.com
Federico's Medical Mobility Supply,
Feed Barn,feed-barn.com
Feed Barn,feedbarnpetsupply.com
"FenceScreen, LLC.",fencescreen.com
Ferguson Home,fergusonhome.com
"FHA Services, Inc.",fhaservices.com
FieldNest Portable Toilets,fieldnestportabletoilets.cyou
Fiesta LA Party Rentals,
Finger Forklift & Equipment,fingerforklift.com
"Finnco Services, Inc.",finncoservices.com
Fire Extinguisher Services of Modesto,
First Call AC & Heating Repair,firstcallairconditioning.com
Fischer Tool & Garden - AMSOIL Independent Dealer,fischertoolandgarden.com
Five Star Rancho Palos Verdes HVAC Repair,fivestarranchopalosverdeshvacrepair.site
Fixall Equipment,fixallequipment.com
FJM Truck & Trailer Center,fjmtruckcenter.com
Flatbed Truck Services California,
Fleets 101 Inc,fleets101.com
Flexus Enterprises Corp,usa-dealer.net
Flores affordable tools and hardware,
Florin Tractor Parts,partsfocus.com
Flory Industries,goflory.com
FlowAir Moreno Valley AC Repair LLC,
FMI Equipment,fmiequipment.com
Folding Hand Truck For Sale,foldinghandtruckforsalelos.site
Folsom Ranch Event Rentals,folsomrancheventrentals.com
Fontana Equipment Rentals,fontanaequipment.com
fontana truck and equipment,fontanatruckandequipment.com
Foothill Equipment Rentals,
"Foothill Integrated Systems, Inc.",foothillav.com
"Foothills Equipment Rental | Best Prices, FAST & FREE delivery",foothillsequipmentrental.com
Forbest Products Co.,forbestusa.com
"Force Crushing, LLC.",forcecrushing.com
Ford Backhoe & Tractor Services,
Forespar Products Corporation,forespar.com
Forest Home Farms Historic Park,sanramon.ca.gov
Fork Lift by Nugget Market,forkliftgrocery.com
Forkeq Group,forkeq.com
Forklift Academy,forkliftacademy.com
Forklift Batteries & Chargers,
Forklift Battery Restore,
Forklift Buyers Heavy Equipment buyers,
Forklift Clinic,
Forklift Connection,forkliftconnection.com
forklift forks center,
"Forklift Mobile, Incorporated",forkliftmobile.com
Forklift Nation,forkliftnation.com
Forklift Parts,forkliftpartsfullerton.com
Forklift Parts MFG. Co. Inc.,forkliftpartsinc.com
Forklift Parts Near Me | Riser Forklift,forkliftpartsnearme.com
Forklift & Parts of LA,forkliftandparts.net
Forklift Repair Co.,
FORKLIFT REPAIR PARTS SERVICES LIFT ALL FORKLIFT PARTS & SERVICES,
Forklift Training,
Forklift Training Solutions,ftscertification.com
FORKLIFT101,forklift101.com
"Forkliftian, Inc.",forkliftian.com
Forklifts & Equipment LLC,forkliftsandequipment.com
Forklifts fast,forkliftsfast.com
Forrajes Y Alimentos Balanceados Mi Ranchito,livestockfeedstorebermudadunes.com
FOS Equipment,fosequipment.com
Foss Resale House,
FOTILE方太油烟机-专卖总店,us.fotileglobal.com
Foundation Building Materials,myfbm.com
Foundation Constructors Inc,foundationconstructorsinc.com
Fountain Valley Portable Toilet Rentals,
Four Star Forklift Co,
Fox Equipment Rentals,
Foxy Party Rentals,funworldjumpers.com
FP Smith Parts & Equipment,fpsmithparts.com
Fraga Forklift Sales,
Frame Rental Services,
Francis Party Supplies-Rentals,
Frank's Lawn Mowers,
Frank & Sons Tractor Services,
Fred Fritz Electronics Inc,boatronics.com
Freeport Power Equipment,
Freeze Murrieta AC Repair LLC,
Freightliner Northwest,freightlinernorthwest.com
Fresno Ag Hardware Clovis,fresnoag.com
Fresno Equipment Company,fresnoequipment.com
Fresno Porta Toilet Rentals,
Fresno Portable Toilet Rentals,
Fresno Tractor Inc,fresnotractor.com
Fresno Truck Parts & Machine Shop,fresnoparts.com
Frey's Moving Company,freysmoving.com
Friedman's Home Improvement Petaluma,friedmanshome.com
FROG Power Equipment,frogpowerequipment.com
Frost Vista AC Repair's LLC,
Full Force Audio & Lighting,fullforceaudioandlighting.com
Full Throttle Lifts & Equipment,fullthrottlelift.com
Full Tilt Off Road Equipment,fulltiltoffroad.com
Fullriver Battery,fullriverbattery.com
Fulwider Outdoor Power Equipment,fulwideroutdoorpowerequipment.com
Fun Factory,funfactoryparties.com
Fun Services,funservicessocal.com
Furber Saw Inc,
Fuse Technical Group,fuse-tg.com
Fusion HVAC & Refrigeration Repair Corp,fusion.repair
G and G Heavy Equipment Rentals LLC,ggheavyequipment.com
G & C Equipment Corporation,gandccorp.com
G & C Forklift Inc,
G&E Forklift Parts Inc.,geforkliftparts.com
G H Pool Construction,ghpoolconstruction.com
"G & J Forklift Sales, Parts, Rentals & Repairs",gjforkliftinc.com
G & J Truck Sales,gandjtrucksalesinc.com
Gagnon's Party Rentals,gagnons.com
Gallant Medical Supply,gallantmedicalsupply.com
Gallegos Construction Equipment Rental,
Ganado Feed & Pet Supplies,ganadofeed.com
Garabedian Equipment Company Inc.,gecoparts.com
Garage Door Medics,gdmedics.com
Garay Rustic Ranch,garayrusticranch.com
Garcias Equipment,
Garden Equipped,
Garden Grove Equipment Rentals,gardengroverental.com
GARDENLAND POWER EQUIPMENT,gardenland.com
Gardner-Rossi Co,
Garig Equipment,
"Garton Tractor, Inc.",gartontractor.com
Garvey Equipment Company,
Gary Pollack Construction and Excavation,gpcexcavating.com
Gauthiers' Rental Service,gauthiersrental.com
GB Equipment Rentals,gbequip.com
GCI Equipment Rental,gciequipmentrental.com
Gearmore Inc,gearmore.com
Gee Heavy Machinery,geehm.com
Geer Excavating,geerexcavating.com
General Auction Company,generalauction.com
General Crane Services,craneservices.com
General Engineering - Hydraulic & Equipment Repair,generalengineeringla.com
General Equipment Repair and Rental,
General Industrial Tool & Supply,gitool.com
Generation West,
"Generator Services Co., Inc.",generator-services.com
Generator Supercenter of Greater Orange County,generatorsupercenteroforangecounty.com
Generator Supercenter of Inland Empire,generatorsupercenterofinlandempire.com
"Generators Unlimited, Inc.",generatorsunlimited.com
Genesis Construction,
Genesis Event Rental,genesiseventrental.com
Genesis of San Bruno,genesisofsanbruno.com
Genie Magic Flush,geniemagicflush.com
Gentry Equipment Rental,
George Burden's Forklift Service,
George Chevrolet,georgechevy.com
George's Tractors,
Geotech Environmental Equipment: Enviro-Tech Rancho Cordova Service Center,envirotechonline.com
Geyserville Tractor Supply,geyservilletractor.com
GFC&Wholesale,gfcwsales.com
GHP PLUMBING SOLUTIONS INC,generalhp.com
Gigi’s Party Rentals,
Gilmore Crane & Rigging Inc,
Gilroy Farmers Supply,gilroyfarmerssupply.com
Gilroy Portable Toilet Rentals,
Gini's Hay Barn,ginishaybarn.com
Gino's Santa Cruz Auto Wrecking Recyclin Dismantling,
Giovanna's Party Supply,
Giuffra's Party Rentals,gprevents.net
Gladden Equipment Erectors,gladdenee.com
Glendale Builders Supplies,glendalebuilders.com
Glendora Chevrolet,glendorachevrolet.com
"Glenn B. Dorning, Inc.",gbdorning.com
GLOBAL FORKLIFT AND LIFT REPAIR,
Global Lift Equipment Costa Mesa,usedforkliftscostamesa.com
Global Lift Equipment El Cajon,usedforkliftselcajon.com
Global Lift Equipment Fontana,usedforkliftsfontana.com
Global Lift Equipment Long Beach,usedforkliftslongbeach.com
Global Lift Equipment Oceanside,usedforkliftsoceanside.com
Global Lift Equipment Ontario,usedforkliftsontario.com
Global Lift Equipment Rancho Cucamonga,usedforkliftsranchocucamonga.com
Global Lift Equipment Santa Maria,usedforkliftssantamaria.com
Global Lift Equipment Temecula,usedforkliftstemecula.com
Global Pet Food Outlet,
Global Power Supply,globalpwr.com
Global Rental Co Inc,
Global Solutions LLC,gsequipco.com
Globe Bay Area Forklift,
Globe Truck Center,globetrucks.com
Globe Wally's Forklift Co,
GM Crane Services,gmcraneservicesinc.com
GMC Machine Tools Corp.,gmcmachinetools.com
"GMK Machining, Inc.",gmkmachining.com
GMS Autos,gmsautos.com
GMS-VanSco,www3.gmsvansco.com
GMS Western Lift Inc,
Go Trucking Services inc,gotruckingservices.com
Goche’s catering and services,gocheservices.com
Gold Coast Lift Trucks Inc.,gclifttrucks.com
Gold Coast Rentals,
"Gold Country Tractors, Inc.",goldcountrytractors.com
Gold Miners Trading Post,
Gold Safe Exchange,goldsafeexchange.com
Gold Standard Service,goldstandardforklifts.com
Gold State Marine,
Golden Construction Equipment Rentals,
Golden Crane,
Golden Forklift Rental Service,
Golden Gate Rack,goldengaterack.com
Golden Gate Truck Center,goldengatetruckcenter.com
"Golden Office Trailers, Inc.",goldenofficetrailers.com
Golden State Crane,goldenstatecrane.com
Golden State Material Handling Corp.,goldenstatemh.com
Golden State Pawn and Guitars,goldenstateguitars.com
Golden Valley Material Supply,goldenvalleymaterials.com
Golden Valley Orchard And Farm Supply,gvfarmsupply.com
Golden West Towing Equipment,goldenwesttoweq.com
Goldenwest Lawnmowers and Outdoor Power Equipment,goldenwestlawnmowers.com
Goldenwest Plywood & Lumber,goldenwestplywood.com
GOLDSTANDARD RENTALS,moccards.wixsite.com
Goldstar Asphalt Products,goldstarasphalt.com
Goleta Building Materials,goletabuildingmaterials.com
Gomez Crane & Flatbed Services,
Gomez Party Rentals,
Gonneville Equipment Solutions,gonneville.com
Gonzales Construction Inc,gonzalesconstructioninc.com
Gonzales Equipment Sales Inc.,gonzalesequipment.com
Gonzalez Party Rentals,gonzalezpartyrentals.com
Good Earth Agri-Products,hardhitter.com
Goodman Aerial Equipment Rental,
Goodman Distribution Inc,goodmanmfg.com
"Got A Party, Inc.",gotapartyrentals.com
Got You Cover'D,gycrentals.com
GP Crane,gpcraneandhoist.com
Grabber Construction Products - Northern California,grabberpro.com
Graham Equipment,grahamequipment.com
Graham's Ag Center,
Grand Construction Supply Co.,
Grangetto's Farm & Garden Supply,grangettos.com
Graniterock: Redwood City Building Materials,graniterock.com
Grant Construction Equipment Rentals,
Great Pacific Equipment Inc,
"Great West Equipment, Inc",greatwestequipment.com
Great Western Sanitary Supplies,gwssco.com
Green Acres Nursery & Supply,idiggreenacres.com
Green Rubber Kennedy AG,greenrubber.com
Green Technology Heating and Air,
Green Thumb Hydroponics,
"Green Valley Farm Supply, Inc.",gvfsinc.com
Green Valley Lawnmower,
"Green Valley Tractor, Inc.",greenvalleytractor.com
Greener Excavations and Construction,greenerexcavations.com
Greenrock Equipment,greenrockequip.com
Greer Forklift Rental,
Greer Machinery Co,greermachinery.com
Greg Rents - Oak View/Ojai,gregrents.com
Gregory Construction Equipment,gcesweeping.com
Gregory Construction Equipment Rentals,
Grifols Plasma Donation Center,grifolsplasma.com
Grim Heavy Equipment Repair,
Grover Tool and Rentals,grovertoolandrentals.com
Gryphon Stringed Instruments,gryphonstrings.com
GTH Used Machinery International Inc.,gthmach.com
Guitar Center,stores.guitarcenter.com
Gully Equipment Repair & Sales,gullyequipment.com
Gutierrez Jumpers,
"H&E Hoist and Equipment (car lift installation, service)",
H&H Machinery,
"H. L. Moe Co., Inc",moeplumbing.com
H&S Bounce & Party Supplies,
H2O Craft Rentals & Repair,h2ocraft.com
H4 Heavy Equipment Rentals 8,h4eqrentals.com
Haaker Equipment,haaker.com
Haas Entertainment,haasentertainment.com
Hacienda Lawnmower,haciendalawnmower.com
Haden Heavy Equipment Rental,
Hague Quality Water,haguewatersocal.com
Hall's Crane Services,
"Hallmark Equipment, Inc.",heiusa.com
Halo Tires | Heavy Equipment Tires,halotires.com
Hammer Camera Cranes,hammercameracranes.com
Hammerhead Warehouse Systems,hammerheadllc.com
Hammeroc Corporation,hammeroc.com
Hamre Equipment,hamreequipment.com
Hand's Electric Fork Lifts,
Hanford Auction House,hanfordauctionhouse.com
Hanford Equipment Co.,hanfordequipmentco.com
Hanford Portable Toilet Rentals,
Hanger 94,hanger94.com
"Hans Weisshaar, Violin Makers, Restorers and Dealers - By appointment only",hweisshaar.com
Hanson Crane Services,
Happy Jumpers-Party Rentals,gabrieljumpers.com
Harbor Equipment Rentals,harboreqrentals.com
Harbor Party Rentals,hprents.com
Harbor Truck Parts,harbortruckparts.com
"Hard Rock Grinding & Rentals, Inc",
Hardhat Equipment Services,hardhatequipment.com
Hardhat Sanitation Services Merced,
Hardin Aerial Lift Rental,
Hardware,
Hardy Party Rentals,hardypartyrentals.com
Haringa Compressor Inc,haringacompressor.com
Harris Blade Rental,harrisbladerental.com
Harrison Power Equipment,harrisonsequipment.com
Harvest Supply Inc,
"Harvest Truck Parts, Inc - Heavy Duty Truck Parts",harvestrux.com
Harvey Woodworking,harveywoodworking.com
Hatton crane,hattons.com
Haulaway Storage Containers,haulaway.com
Hawkeye Equipment Rentals,hawkeyerentals.com
Hawthorne Cat,hawthornecat.com
Hay Connection,hay-connection.com
Hays Equipment Sales,
Hayward Lumber,haywardlumber.com
Hayward Portable Toilet Rentals,
Hayward Rentals & Sales,haywardrents.com
Hayward Tool & Equipment,occidentaltoolpouch.com
Haz Party Rentals,hazpartyrentals.com
Hazel’s Jumpers,
HCL Machine Works,hclmachineworks.com
HD Equipment,hdequipmentrental.com
HD Supply Facilities Maintenance,hdsupplysolutions.com
HE Services Inc.,
Heat Lake Elsinore AC Repair LLC,
Heavy AG,heavyag.com
Heavy Duty Equipment,heavydutymachineryinc.com
Heavy Equipment Colleges of America,heavyequipmentcollege.edu
Heavy Equipment & Construction,
Heco Pacific Manufacturing Inc,hecopacific.com
"Helmut's Marine Service, Inc.",helmutsmarine.com
Hemet Industrial Supply,
Hemet Valley Tool,
Hengehold Truck Sales + Rentals,htrucks.com
Henning Equipment,henningequipment.com
Henry Skidsteer Rentals,
Hensel Phelps,henselphelps.com
Hernandez Jumper,
"Herrmann Equipment, Inc.",herrmannequipment.com
Hesperia Outdoor Power Equipment,hopemower.stihldealer.net
Hester Equipment,hesterequipment.com
Hi Desert Forklift Services,hidesertforklift.com
Hidalgo Equipment Inc.,hidalgoequipment.com
High Crane Services,highcraneservices.com
High Desert Tractor,hdtractor.com
High Reach Equipment Services,highreach.us
High Tech Irrigation Inc,hightechirrigation.com
highend-electronics Inc,highend-electronics.com
Highway Specialty Company,highwayspecialty.com
HIH Rentals,hihrentals.com
Hill Crane Service,hillcrane.com
Hilleby International,
Hilmar Rentals LLC,hilmarrentals.com
Hilti Store - San Jose,us.hilti.com
Hitchcock's Garden Tool & Supply,hitchcocksgardentools.com
HK Small Engine,hksmallengine.azurewebsites.net
HKM Machine & Fabrication,hkmmachinefab.com
Hobbs Aerial Equipment Rental,
Hoist Pro,hoistproservices.com
Hoist Service,
Holley Generator & Equipment,holleygenerator.com
Holt Ag Solutions - Woodland,holtags.com
"Holt of California Lift Trucks - Redding, CA",holtlift.com
"Holt of California - Pleasant Grove, CA",holtca.com
Home Supply Tool Rental,homesupplytool.com
Hometown Rentals,hometownrentals.net
Horizon Auto Sales inc,horizonautosales1.com
Horn Aerial Equipment Rental,
Horning Equipment,
"Hosa Technology, Inc.",hosatech.com
Hoskins Equipment LLC,hoskinsequipment.com
HOT JUMPZ INFLATABLES,hotjumpz.com
Houchin Bros. Equipment Rental,houchinbrosequipmentrental.com
House Party Rentals,hpartyrental.com
Hovis Tractor Services,
Howard Industries,
Howard's Rentals,howardsrentals.com
HoweCo Machinery,howecomachinery.com
Howie Excavating & Grading,howieexcavatingandgrading.com
HS Cars Company INC,hscars.com
"Hudson & West - Woodworking, Hardware & Tool Store",hudsonandwest.com
Hughes Equipment Rental,
Hulx Bobcat Tractor Services,
Hundred House,100house.com
Hunt & Behrens Inc,hbfeeds.com
Huntington Beach Equipment Rental,huntington.beachequipmentrental.com
Huntington Park Portable Toilet Rentals,
HVAC Utor Services,hvacutorservices.com
Hydraulic Cranes LLC,hydrauliccranesllc.com
Hydraulic Power Sales,hydraulicpowersales.com
"Hydro Tek Systems, Inc.",hydrotek.us
Hyundai Forklift of Southern California,hyundaiforkliftsocal.com
Hyundai of San Bruno,hyundaiofsanbruno.com
I-5 Rentals,i5rentals.com
"I-80 Forklift, Inc.",i-80forklift.com
I-Deal Cars,idealtrucks.net
I See Party Rentals,
iAuto Vehicle sell Inc,iautovehiclesell.com
Iconic Machinery - Fremont,iconicmachinery.com
iDeal Auto Sales of Rosemead,idealautosalesrosemead.com
"Ideal Tractor,Inc.",idealtractor.com
IE Photo Rentals,iephotorentals.com
IMI Performance Products Inc,hitorque.com
"iModular.com Modular Buildings, Portable Classrooms, Office Trailers and More",imodular.com
Imperial Building Materials Inc,
Imperial Hay Sales,imperialhaysalesinc.com
Imperial Party Rentals,
In Need Equipment Rentals,inneedequipmentrentals.squarespace.com
In Place Technology Inc,inplacetechnology.com
Independent Equipment Service Forklift Sales and Repair,
Independent Rental and Service Co. | Santa Cruz Truck Rental,independentrentalco.com
Indio Portable Toilet Rentals,
Industrial Assets Machinery,iamachinery.com
Industrial Lift Services,
Industrial Material Handling,imheinc.com
Industrial Metal Supply,industrialmetalsupply.com
Industrial Power Products - Chico Store,ippchico.com
"Industrial Truck Services, Inc.",itshayward.com
"Industry Lift, Inc.",industrylift.com
Inflate the Fun LLC,
Inglewood Portable Toilet Rentals,
Ingram Skidsteer Rental,
"Inland Empire Audio Video Rentals, LLC",ieavr.com
Inland Fleet Solutions,inlandfleet.com
Inland Kenworth - Fontana,inland-group.com
Inland Kubota Inc,inlandkubota.com
Inquipco Pacific Inc,inquipco.com
Integrated Marine Systems,integratedmarinesys.com
Integrity Power LLC,
Intelligent Solutions Group (San Francisco),
International Forklift Co.,internationalforklift.com
International House of Music Inc.,ihomi.com
Interstate Truck Center,itctrucks.com
Iraheta Services - Lawn Mower Repair & Sales,irahetaservices.com
IRG Stone,irgstone.com
Iron Core Rentals,ironcorerentals.com
Iron Mountain Machining,ironmountainmachining.com
Ironmark equipment,
IronPlanet,ironplanet.com
IronRoad Trailer Rentals,ironroadtrailerrentals.com
Irrigation Equipment Co,irrigationequipmentcompany.com
Irrigation Express - Simple Turf,simpleturf.com
Isco Machinery Inc,iscomachinery.com
It Equipment Connection,
IWSolutions,innovativewarehousesolutions.com
J and K's Feed and Vet Supplies,jandkfeedandsupplies.wixsite.com
J&B Materials,jbmaterials.com
J&C Equipment/ Forklift Repair/Sales/Rentals/Service/We Buy Equipment/Hydraulic Repair,
J & D Tool Repair,
J & G Party Rentals,jgpartyrental.com
J & J Equipment Rental,jjequipmentrentals.com
J & J Industrial Supply,
J&J Rentals,jandjrentalsca.com
J.J's Jumpers & Party Rentals,
J & M Air Conditioning & Heating,jmairnheat.com
J & M Engineering Machine Shop,
"J.M. Equipment Co., Inc.",jmequipment.com
J & M Industrial Supply Co,
J Mack Enterprises,jmackrentals.com
J n R equipment rental LLC,jandrequipmentrental.com
J&R Advanced Tool Repair,jrtoolco.com
J R Engineering,jrengineering.net
J & R Forklift Co,
J & R Jumpers,
J R Party Rentals,jrparty.com
J-Ram Party Rental,
J W Mobile Truck Services - NAPA Truck Service Center,
Jackson's Hardware,jacksonshardware.com
JAG Equipment Co.,jagequipment.com
Jake's Party Rentals,
Jameson Hydro Crane Service,jamesonhydrocrane.com
Jan's Party Rental,
Javelco Equipment,
JB AG Supplies Corp,jbagsupplies.com
JB Backhoe Service,
JB Cranes,jb.bestcraneservices.com
JB New Feed Store,
JB's Power Equipment,jbspower.com
JBQAV,jbqav.com
JC Equipment Rental,jcequipmentrental.com
JC Event Rentals,jcmargaritas.com
JC Jumpers & Catering,myjcjumpers.com
JC Metal Supply,jcmetalsupply.com
JCB Co,
JCL Equipment Sales,jclequip.com
Jeff Hill & Sons Excavation,jeffhillandsons.com
Jennings Aerial Equipment Rental,
Jenny's Party Rentals & Gift Shop,liz4662.github.io
Jensen Lift,jensenlift.com
Jensen & Pilegard,jensenandpilegard.com
Jessee Equipment Manufacturing,jesseemfg.com
Jessee Machine Works,jesseemachineworks.com
Jett Harvest inc,foodsafetyharvesting.com
JHM Landscape Supply,jhmsupply.com
Jim's Supply Co.,jimssupply.com
Jim Salazar Co,
Jimmy's Equipment,
Jimmy Vasser Toyota Of Napa,jimmyvassertoyota.com
JJ Light Rentals,
JKK Forklift Services Co,
JKLIFT,forkliftjk.com
JL Anderson Equipment,
"JL Motorworks BMW, Mini Cooper & Rolls-Royce specialist",
JM Engineering,jmeng.us
JM McKinney Co,jmmckinneyco.com
JMAZ Lighting,jmazlighting.com
JMJ Construction Service,jmjconstructionservice.com
Jobsite Porta Potty Rentals Murrieta,
Joe Weber Excavating,
Joey's Jumping Castle,joeysjumpingcastle.com
John Deere,
John Deere Dealer,
John Deere Regional Distribution Center,
John Guzman Crane Services,
John Lisee Pumps Inc,johnliseepumps.com
John's Lift Repair & Service,
Johnnies Appliances,johnniesappliances.com
Johnson Lumber Ace Hardware,johnson-lumber.com
Johnson Trailers,jfmco.com
Jolly Bouncers,jollybouncers.com
Jolly Jumps,jollyjumps.com
Jordan/Central Implement Co,jordanimplement.com
"Joseph's Lawnmower & Lock Shop,inc",josephslawn.com
JP Equipment Rentals,jprents.com
JP Powershop INC.,jppowershop.com
"JPEZ Construction, Inc.",jpezconstruction.com
Jr’s forklift service,
JR & Sons Heavy Equipment rental,
JRM Equipment,jrmequipment.com
JS Cole Company,jscole.com
JS Equipment Rental,
JT Equipment Services,jtequipmentservices.com
Julian Crane Rental Service inc,
Jump City Rentals,jumpcityrental.com
Jump N Party,jumpnpartyca.com
Jump N’ Slide Party Rentals,jumpnslidepartyrental.com
Jump With Chris Party Rentals,jumpwithchris.com
Jumper House Party Rental,jumperhousepartyrental.ourers.com
Jumpers Moreno Valley Party Rentals,paludisjumpers.com
Jumpers Tables bowser rentals,
Jumpin Jacks,jumpinjacks.com
Jumps R Us Party Rentals,sammysbigbouncecastle.com
Junebug Events - Photo Booth & Event Rentals,junebug-events.com
Just 4 Fun Party Rentals,just4funpartyrentals.com
JV Rental Equipment,
JV Rentals,jv-rentals.booqableshop.com
K-119 Tools & Equipment Co,k119.com
K & D Enterprises Inc CONCRETE RECYCLING,rymap.org
K&E Forklift Service,
K & L HVAC & Construction Services,kandlhvacandconstructionservices.com
K' s JUMPER & PARTY RENTALS HAYWARD,
Kabo Equipment Inc,kaboequipment.com
Kahgo Truck Parts,kahgotruckparts.com
Kahoots Feed & Pet,kahootsfeedandpet.com
Kanen Coffee: Espresso Machines,kanencoffee.com
Karen's Party Supplies,
Karina's Jumpers Party Rentals,karinasjumpers.com
Kat Equipment Leasing Inc,katcranes.com
Katella Plywood & Lumber Co.,katellaplywoodandlumber.com
Kaweah Equipment Company,kaweahequipment.com
KC Welding & Rentals,kcweldingandrentals.com
KDH Used Truck Sales,kdhtrucksales.com
Kelari Party Rentals,kelaripartyrentals.com
Kellar Equipment,kellarequipment.com
Keller Equipment Rentals,
Kellogg Supply,kellogggarden.com
Kelly Crane Hoist Safety Inc.,kellychs.com
Ken Grody Ford Carlsbad,kengrodyfordsandiego.com
Kennedy Equipment Co Inc,kennedyequip.com
Kennedy Heavy Equipment Rentals,kennedyequipmentrentals.com
Kennelly Equipment,kdreq.com
"Kent Industrial USA, Inc.",kentusa.com
Kern Machinery,kernmachinery.com
Keslow Camera,keslowcamera.com
Key Evidence Lock & Safe,keyevidence.com
"Kiddie Party Rentals - Soft Play, Ball pit, Bubble house, Jumper rentals",kiddiepartyrentals.com
Kim Aerial Equipment Rental,
King Bolt Co,
King Crane,kingcrane.com
KING Events,kingevents.net
Kings River Tractor Inc,kingsrivertractor.com
Kingsburg Cultivator Inc,kcimanufacturing.net
Kingston Machine Tool,kingstonmachine.com
Kioti Tractor Dealer,
Kirby Manufacturing Inc,kirbymfg.com
Kitchens of Diablo,kitchensofdiablo.com
Kjs Party Rentals,kjspartyrentals.square.site
KK Rents,kkrents.com
Kmas Inc,
KMC Crane Co.,
Knee Walker Rental Pacifica,
Knee Walker Rental Santa Clarita,
Koda Works Air Conditioning,kodaworks.site
KOHLER Store Brea,kohler.com
Kovac Ranch Equipment,kovacranchequipment.com
Kramer Events,kramerevents.com
Krane Techs,kranetechs.com
Krane Techs Equipment Services,
Kritical Towing Inc.,kriticaltowinginc.com
Krone America Sales & Service Centers,kroneamerica.com
Kruse Feed & Supply,krusefeed.com
Krystal's Party Rentals LLC,krystalspartyrentals.com
Kubo,
Kubota Tractor Corporation,kubota.com
L.A. Casino Dealers Training Center 发牌学校,ladealerschool.com
L.A. Lift Services,laliftservices.com
L.A Scaffolding,
L & D Truck & Equipment Repair,landdtruckandequipmentrepair.com
"L&L Building Materials, Inc.",llbmi.com
L & L Forklift,llforklift.com
L & L Tractor & Equipment Repair,lltractorrepair.com
L & S Heavy Equipment Rentals and Sales,lswatertrucks.com
L & S Heavy Equipment Rentals and Sales,lswatertrocks.com
"L&W Supply - Pico Rivera, CA",lwsupply.com
La Cumbre Feed-Roeser Milling,
La Event Rentals Inc,laeventrentalusa.com
La Granja Animal Supplies,
La Habra Rentals,
La Hacienda Pet Shop & Accessories,
LA Machinery Moving,lamachinerymoving.com
La Mesa Lumber & Hardware,lamesalumber.com
La Pachanga Party Rental,
La Quinta Portable Toilet Rentals,
LA Truck Guy,
"La Verne Power Equipment, Inc.",lavernepowerequipment.com
Laforge Systems Inc,
Laguna Moving Services,lagunamovingservice.com
Laguna Niguel Porta Pros,lagunaniguelportapros.com
Laguna Niguel Portable Toilet Rentals,
Laguna Tools,lagunatools.com
Lagunas Equipment Rental,
Laird Manufacturing,lairdmanufacturing.com
Lake Arrowhead Rentals,
Lake Elsinore Portable Toilet Rentals,
Lake Forest Dr Tool Rental,
Lake Forest Party Rentals,lfpartyrentals.com
Lake Forest Portable Toilet Rentals,
Lakeside Equipment Sales and Rentals Inc,le-rentals.com
Lakewood Portable Toilet Rentals,
Land Rover Thousand Oaks,landroverthousandoaks.com
Landscape Warehouse Covina,landscapewarehouse.net
Landy's Crane Services,
Lane Tractor Sales,lanetractor.com
"Lans Compressors, Inc",lanscompressors.com
Larry Jacinto Construction,larryjacintoconstruction.com
Larry's Crane,larryscrane.com
Larsengines Power Equipment,larsengines.com
Las Hermanas Party Rental,
Laurel Ag & Water,laurel-ag.com
Lawn Mower 2000,
Lawn Mower Corner,lawnmowercornerusa.com
Lawn Mower Corner West Covina,lawnmowercornerwestcovina.stihldealer.net
Lawnmower Center,
Lawnmowers Plus Inc.,lawnmowersplus.com
Lawrence Construction Equipment Rental,
Lawrence Equipment Inc,lawrenceequipment.com
Lawrence Tractor Company,lawrencetractor.com
"Lawson Drayage, Inc.",lawsoninc.com
LAX Equipment Inc,laxequipmentrental.com
LBL Equipment Repair,
Leaman Equipment,
Lee Lawnmower,leelawnmower.com
Lee's Tools,leestools.com
Lefort's Small Engine Repairs,
Left Coast Hauling,leftcoasthauling.com
Legacy Equipment Sales LLC,
"Legacy Truck Equipment, Inc.",
Leica Geosystems Solutions Center,store.leica-geosystems.us
Lemos Feed & Pet Supply,lemospet.com
Leo's Hay & Grain Sales,
Leon's Heavy Equipment,leons-heavy-equipment.com
Leonard Construction Equipment Rental,
Lesliespartyrental,lesliespartyrental.com
Level Construction Supply LLC,levelsupply.com
Level Crane Systems,levelcranesystems.com
Lewis Air Services,lewisair.com
Lewis Tree Service,lewistreeserviceinc.com
LG Equipment,lgequipment.com
LGP Equipment Rentals,lgprentals.com
LGP Equipment Rentals - Santa Ana,fbrentals.com
"Liddell Construction Supply, Inc.",
"Lifetime Solutions, Inc.",lifetimesi.com
Lifeway Mobility,lifewaymobility.com
Lift All Crane & Tree Service LLC,
"Lift and Transfer Specialists, Inc.",liftandtransferspecialists.com
Lift-It Manufacturing Co. Inc.,lift-it.com
Lift Max,lift-max.com
Lift Parts Express Anaheim,forkliftpartsanaheim.com
Lift Parts Express Carlsbad,forkliftpartscarlsbad.com
Lift Parts Express Corona,forkliftpartscorona.com
Lift Parts Express Costa Mesa,forkliftpartscostamesa.com
Lift Parts Express El Cajon,forkliftpartselcajon.com
Lift Parts Express - Forklifts Los Angeles Division,forkliftpartsinlosangeles.com
Lift Parts Express Fremont,forkliftpartsfremont.com
Lift Parts Express Fresno,forkliftpartsfresno.com
Lift Parts Express Huntington Beach,forkliftpartshuntingtonbeach.com
Lift Parts Express Lancaster,forkliftpartslancaster.com
Lift Parts Express Long Beach,forkliftpartslongbeach.com
Lift Parts Express Modesto,modestoforkliftparts.com
Lift Parts Express Moreno Valley,forkliftpartsmorenovalley.com
Lift Parts Express Murrieta,forkliftpartsmurrieta.com
Lift Parts Express Norwalk,forkliftpartsnorwalk.com
Lift Parts Express Oxnard,forkliftpartsoxnard.com
Lift Parts Express Palmdale,forkliftpartspalmdale.com
Lift Parts Express Pasadena,forkliftpartspasadena.com
Lift Parts Express Rancho Cucamonga,forkliftpartsranchocucamonga.com
Lift Parts Express Rialto,forkliftpartsrialto.com
Lift Parts Express Sacramento,forkliftpartssacramento.com
Lift Parts Express San Bernardino,forkliftpartssanbernardino.com
Lift Parts Express San Diego,forkliftpartssandiego.com
Lift Parts Express San Jose,forkliftpartssanjose.com
Lift Parts Express Santa Clara,forkliftpartssantaclara.com
Lift Parts Express Simi Valley,forkliftpartssimivalley.com
Lift Parts Express Stockton,forkliftpartsstockton.com
Lift Parts Express Sunnyvale,forkliftpartssunnyvale.com
Lift Parts Express Thousand Oaks,forkliftpartsthousandoaks.com
Lift Parts Express Ventura,forkliftpartssanbuenaventura.com
Lift Parts Express Victorville,forkliftpartsvictorville.com
Lift Parts of California,liftpartsofca.com
Lift Parts Service Corporation,
Lift Parts Unlimited,
Lift to Rise,lifttorise.org
Lift Truck Connection,
Lig Rentals,ligrentals.com
Lightning Bolt Industrial Inc.,lightningboltindustrial.com
Lightstone Rentals,lightstonerentals.com
"Lillo Machinery, Inc.",lillomachinery.com
Limitless Rentals,
LINCARE,lincare.com
Lincoln Medical Supplies,lincolnmedicalsupplies.com
Lincoln Tractor & Equipment,
Linda's Feed & Supplies Inc,
Linde Welding Gas & Equipment Center,stores.lindedirect.com
Linder Equipment,linderequipment.com
Linear Industries Ltd,linearindustries.com
Linen & Oak Event Rentals,linenoakrentals.com
Lister Rents Inc,listerrents.com
LittleBig Construction Equipment Rental & Hauling,littlebigequipment.com
Livingston & Sons,
LJ's Speed & Machine Shop,
"Llewellyn Marine Supply, Inc",llewellynmarine.com
Lloyd Copelan Garage Doors,lloydcopelangaragedoors.com
Lloyd Skidsteer Rentals,
LMC Machinery Movers,
Load & Go Trailer Rental LLC,
Load Up Trailer Rentals llc,
Loch Ness Heavy Equipment & Truck Repair,lochnessequipment.com
Loch Ness Heavy Equipment & Truck Repair,equipmap.com
Lodi Portable Toilet Rentals,
Lodi Truck Center Inc,greenwaytrux.com
Lomar Equipment Sales,lomarequipment.com
Lomita Feed Store,
Lompoc Fire Equipment Services Inc,
"Long & Sons Equipment Services, Inc.",longandsonsinc.com
Lopez Tractor Works Inc,
Los Altos Hardware,losaltoshardware.co
Los Angeles Audio Rentals,losangelesaudiorentals.com
Los Angeles Forklift Battery,
Los Angeles Forklift Rental Today,los-angeles.forkliftrentaltoday.com
Los Angeles Silent Disco Rental LA,silenceactivations.com
Loucks Landscape Supply,louckslandscapesupply.com
Louies Forklift Service,louiesforkliftservice.com
Lowe's Home Improvement,lowes.com
Lowery Equipment Rentals,
LP Lighting & Sound,lplightingandsound.com
LTS= Lift Truck Service Co MARIN CO.,
Lucero’s Party Rentals,
Luciano & Son Machine Shop,landsmachine.com
Lucky 4 Party Rentals,
LUCKY BUCK'S EQUIPMENT,
Luma Elite Photobooth,
Luna's Party Rental,
Luners Production Services,luners.com
Lux Dumps,luxdumps.com
Luxury Jet Ski Rentals,luxuryjetskirentals.com
LV Event Rentals,lv-rents.com
Lyngso Garden Materials Inc.,lyngsogarden.com
M G Equipment Co,mgeweb.com
M&G SoCal Lifts,
M&I Surplus,facebook.com
M & J Party Rentals,mjpartyrentals.info
M&M Forklift,mmfork-lift.netlify.app
M. Maselli & Sons Hardware,maselliandsons.com
M R Tudor,mrtudor.com
"M1 Industries, Inc.",m1industries.com
MA Rentals,marentals.net
Mac's Lawnmowers,macslawnmowers.com
"Mach 1 Machinery, Inc.",mach1machinery.com
"Machinery & Equipment Company, Inc.",machineryandequipment.com
Machinery Fleet USA,machineryfleetusa.com
Machinery Hub,
Machinery Network,machinerynetwork.com
Machinery Planet,machineryplanet.com
Machinery Resources International,machineryresources.com
Machinery Sales Co.,mascosocal.com
Machinery Trade Law Center,
MachineStation,machinestation.us
Mack's Gardening Supplies,
Maco Equipment,macoequip.com
Madera Ag Supply,maderaagsupply.com
Madera Portable Toilet Rentals,
Madland Toyota-Lift,madlandtoyota.com
MAEDA Plumbing Services,maedaplumbing.com
MAES Party Rentals,partyrentalsca.com
Maggie's Party Rentals,maggiespartyrentalscv.com
"Magic Jump Rentals Ventura, LLC.",ven.magicjumprentals.com
Mahindra of Southern California,alm9.com
Mainline Equipment Rental & Sales,mainlineequipmentrental.com
majestic bounce houses,
"Makita U.S.A., Inc.",makitatools.com
Mako Equipment Rentals,makoequipment.com
"Malavac Material Solutions, LP",liftmasterbindumper.com
Manning Construction Equipment Rentals,
Manor Music,manormusic.com
Manteca Forklift Parts and Service,
Manteca Massey Ferguson,
Manteca Portable Toilet Rentals,
"Manuel Flores Concrete Construction, Inc.",mfloresconcrete.wordpress.com
Marble Mountain Machinery,marblemountainmachinery.com
Marchands Party Rentals,marchandspartyrentals.com
Marco Power Equipment,
Mardian Equipment - San Diego Crane Service,
Marilyn's Party Supply,
Marin County Ford,marincountyford.com
Marin Medical Equipment Recylers,marinmer.org
Mario equipment rental,
Mark's Tractor Park,
marketequipment.com,marketequipment.com
Marky's Party Rentals,markyspartyrentals.com
"MARSHALL MACHINERY, INC.",
Marti Party and Event Rentals,martieventrentals.com
Martin Crane & Rigging Inc.,martincraneservices.com
Martin's Equipment Rentals,martinsequipment.com
Marunaka Lawn Mower Shop,
Mary's Party Rentals,mpartyrental.com
Mason Equipment Rental,
Mason's Saw & Lawn Mower Services,masonssaw.com
Massey Ferguson Dealer,
Master Lawn Mower Shop,
Master Tractor Ltd,mastertractor.com
Masterpac California,
Material Handling Supply Inc,mhs-ca.com
Mathews Wrecker and Towing recovery and salvage,mathewstowingllc.com
Matson Backhoe & Construction Services,
"Matthews Studio Equipment, Inc.",msegrip.com
Mauro‎ Potty‎ Rentals,
Max's Lawn Mower Shop,
Maximum Technical Services,maximumequipment.com
Maynard Equipment Rental Rental,
MBA Mechanical Inc. HVAC + Solar,mbamechanical.com
MBC Forklift,mbcforklift.com
McArron Mfg,
"McCarthy Building Companies, Inc.",mccarthy.com
Mccormick Aerial Equipment Rental,
MCCS Recreation Checkout,pendleton.usmc-mccs.org
McFadden-Dale Industrial Hardware LLC,mcfaddendalehardware.com
McFaddin Equipment Sales,mcfaddinequipmentsales.com
McGrath Rentcorp,mgrc.com
McGraw Forklift,mcgrawforklift.com
"McKenna Engineering & Equipment Company, Inc.",mckennaengineering.com
McKinley Equipment - Loading Docks & Industrial Doors,mckinleyequipment.com
McKinna Yachts,mckinna.com
McLaren Newport Beach,mclarennb.com
McLellan Equipment Inc,mclellanindustries.com
MCW Equipment Services,
MD Hydraulics Inc.,
MD RENTALS LLC,realmdconcrete.com
MDH Burner & Boiler Co Inc,
Mechamedix Mobile Mechanic,mechamedix.com
"Mechanical & Irrigation Solutions, Inc.",misisthebest.com
MECOM Equipment Co,mecomequipment.com
MedEquip,medequipdme.com
Medlin Ramps West Coast,medlinramps.com
Mega Cargo Control,megacargocontrol.com
Mega Engineering,megaengineering.net
Mega Machinery Co.,megamachineryco.com
Mega Sun Pool Equipment Repair,megasunpools.com
Meissner Sewing & Vacuum Centers,meissnersewing.com
Melizpartyrental,
Mello Marine LLC,mellomarine.com
Melton Aerial Equipment Rental,
Memo's Scaffolding Norwalk Inc.,memoscaffolding.com
Menas Towing,menastowing.com
Mendoza's Lawn Mower Shop,
Menifee Market & Feed,
Mercados market equipment,mercadosequipment.com
Merced Portable Toilet Rentals,
Mercedes-Benz of Arcadia,rusnakarcadia.com
Meridian Pacific Equipment,meridianpacific.com
Merle Stone Chevrolet,stonechevyporterville.com
Merlin Medical Supply,merlinmed.com
Merritt's Ace Hardware,merrittshardware.com
Metos USA,metosusa.com
Metro Towing,metrotowing.com
Metzler Violin Shop Inc.,metzlerviolins.com
Mexicali Tires Corp.,
Meyer Crane,meyercrane.com
MFE Inspection Solutions,mfe-is.com
MGD Equipment Services,mgdequipment.com
MIBP Equipment,
Mid-City Machinery Exchange,midcitymachineryexchange.com
Mid-Pacific Industries Inc,mid-pac.com
Midland Tractor Co,midlandtractor.com
Midnight Crane Service Inc.,lowpricecraneservice.com
Midway Car Rental Thousand Oaks,midwaycarrental.com
Mighty Machine Rentals,mightyrentals.com
Mike Clark Trucking,mikeclarktrucking.com
Mike Dyell Machine Shop,dyellmachine.com
Mike's Camera Dublin,mikescamera.com
Mike's Feed & Pets,mikesfeedandpets.com
Miller Blades,millerblades.com
Miller Equipment Company Inc.,millereqco.com
Millers Rentaland Inc.,millersrentaland.com
Mills Equipment Rental,
Milpas Rental Inc,milpasrentals.com
Milpitas Materials Co,milpitasmaterials.com
Milpitas Portable Toilet Rentals,
Mineral King Feed & Supply,mineralkingfeedandsupply.com
MINI of Ontario,miniofontario.com
Minney's Yacht Surplus,minneysyachtsurplus.com
"Miramar Forklift - Repair, Rental and Sales",miramarforklift.com
Miramar Western Wear and Feed,
MIRSU RENTALS™,mirsurentals.com
Mission Equipment & Lifts Inc,missioneq.com
Mission Hardware,missionsuperhardware.com
Mission Valley Kubota Tractor & Equipment,missionvalleykubota.com
Mission Viejo Portable Toilet Rentals,
Mitsu's Lawn Mower Shop,mitsusmower.com
MJ Clubz Party Rental LA,mjclubz.com
MJs Party Rentals,
MM Jumpers & Party Rentals,mmjumperz.com
Mob Rentals,mobrentals.com
"Mobile Ag & Industrial Supply, Inc.",mobileagca.com
MOBILE FORKLIFT REPAIR,
MobilityOne of Roseville,mobilityoneusa.com
"Modern Builders Supply, Inc.",modernbuilders.net
Modern Burg Supply,modernburgsupply.com
Modern Trailer Supply Co.,moderntrailersupply.com
Modesto Mobility Center Inc,modestomobilitycenter.com
Modesto Portable Toilet Rentals,
MOHI Farm,mohifarm.com
Monarca Azul Rentals,rentmonarca.com
Monarch Truck Center,monarchtruck.com
Mong LTD – Lighting & Technical Design,mongltd.com
MonkeyBouncerz,monkeybouncerz.com
Monrovia Portable Toilet Rentals,
MONSTER IRON,monstertractor.com
Montebello Portable Toilet Rentals,
Monzon & Son Enterprises,wetruckitall.com
Moody's Equipment Rentals,
Moore Mechanical,mooremechanical.com
Moorland Porta,
Mora's Equipment & Construction,morasequipment.com
Moreno's Backhoe Services,
Morgan Co,morgancrane.com
Morgan Hill Portable Toilet Rentals,
"Morgan Hill Supply, Inc.",morganhillsupply.com
Morgan & Slates Manufacturing & Supplies,morganandslates.com
Moss Construction Equipment Rental,
Motion,motion.com
Moto United Bellflower Polaris RZR Yamaha WaveRunner Dealer,motounitedbellflower.com
Moto United La Habra Polaris RZR CanAm Maverick Yamaha Honda Kawasaki Dealer,motounitedlahabra.com
Motor Machine & Supply,
Mountain Air Sports,mountainairsports.com
Mountain House Tool & Equipment Rental,mhtoolrental.com
"Mountain Moves, Inc.",mountainmoves.co
Mountain View-Ace Hardware of Mountain,westlakehardware.com
Mountain View Chevrolet,mountainviewchevrolet.com
Mountain View Garden Center,mountainviewgardencenter.com
Mowers Plus Inc,mowersplusca.com
Mr B's Lawnmower Shop,
Mr. Crane,mrcrane.com
Mr. Margarita Orange County,mrmargaritaorangecounty.com
Mr. Rentals Services,
Mr Water Truck,mrwatertruck.com
MRV Service Air Inc.,mrvserviceair.com
MTZ CO.,mtzmobileservices.com
Multi Care Portable Bathrooms Napa,
Multiquip Inc,multiquip.com
Municipal Maintenance Equipment,source-mme.com
Municipal Maintenance Equipment,trustmme.com
Murrieta Portable Toilet Rentals,
"Musson Theatrical, Inc",musson.com
My Party Rental Guys,mypartyrentalguys.com
Myers Forklift Inc,
NAPA Auto Parts - Daly City,napaonline.com
Napa Builders Supply,
Napa Farming Company,napafarming.com
Napa Kayak,napakayak.com
Napa Power Equipment,
Napa Valley Crane Services,
Napa Valley Gondola,napavalleygondola.com
Napa Valley Hauling,napavalleyhaulingca.com
Napa Valley Motorsports,
Napa Valley Paddle,napavalleypaddle.com
Napa Valley Vacuum & Sewing,napavacuum.com
"Nathan Kimmel Co., LLC",nathankimmel.com
National 1 Tracks and Parts,national1tracks.com
National City Portable Toilet Rentals,
National City Tool Repair,
National Dispatching,nationaldispatching.com
National Equipment LLC,buydozers.com
National Equipment & Service,national-equipment.com
"National Gear Repair, Inc",nationalgearrepair.com
National Lift Fleet Leasing and Sales,nlfl.com
National Rent-A-Fence,rentnational.com
National Safety Partners Inc,natl-safety.com
"National Seating & Mobility, Inc.",locations.nsm-seating.com
National Trench Safety,ntsafety.com
NATIONAL TRUCK SALES AND SERVICE,nationaltrucksalesandservice.com
"Nature Joy Harvest, LLC.",
Nav Com Technology Inc,
"NBP Forklifts & Equipment, LLC",nbpforklifts.com
NC Rents,norcalrents.com
Near Global 360 Steel Inc,
Nena's Event Rentals,
New and used forklifts. Security LiftTruck Sales & Servic llc,securitylifttruck.com
New Holland Agriculture,
New Source Forklift Parts,newsourceforkliftparts.com
"New York Hardware, Inc.",nyhardware.com
Newhall Hardware,newhallhardware.shoptruevalue.com
Newport Aquatic Center,newportaquaticcenter.com
Newport Beach Portable Toilet Rentals,
Newport Harbor Boat Rentals,newportharborboatrentals.net
NexGen Lift Trucks,nexgenlifttrucks.com
Nexgen party rentals,nexgenpartyrentals.com
Next Move,nextmovingla.com
Nico's Hauling,nicoshaulingco.com
Nixon-Egli Equipment Co,nixon-egli.com
No Limit Motor Works,nolimitmotorworks.com
Noble Power Equipment - A Gardenland Group Company,noblepowerequipment.com
Nohr's RV Center,nohrsrv.com
Nor-Cal Cycles,norcalcycles.com
Nor-Cal Equipment Rentals,nor-calequipmentrentals.com
Nor Cal Tractor & Equipment,norcaltractor.com
Nor-Cal Truck & RV Repair,
NorCal Extreme Rentals,norcalextremerentals.com
Norcal Machinery,norcalmachinery.com
Norco Equipment Rentals,norcoequipmentrental.com
Nordic Rentals,nordicrentals.com
Norm Reeves Lincoln,normreeveslincoln.com
North American Crane,nacrane.net
North American Crane Company,nacrane.com
North Bay Equipment,northbayequipment.com
North county forklift,
North South Machinery,northsouthmachinery.com
North State Truck Equipment Inc,dieselemissionsservice.com
Northern California Productions,norcalproductions.com
"Northern California Truck & Equipment Service,LLC",usacommetix.top
Northwest Lift Services Inc,
Norwalk Portable Toilet Rentals,
Norwalk_rentals,
Nova Vantage Air Conditioning,
Novato Chevrolet,novatochevrolet.com
NTFOODS,ntfoods.com
NTT Equipment Repair & Fab Hydraulic Hoses and Industrial Parts,nttfab.com
Nu luxe Rentals,nuluxerentals.com
NvB Equipment Fresno,nvbequipment.com
O&A Restroom Services,oarestroomservices.com
O'Reilly Auto Parts,locations.oreillyauto.com
Oak Grove Portable Toilets,oakgroveportabletoiletrentals.cyou
Oakland Rentals,toolrentalplace.com
Oaks Event Rentals,oakseventrentals.com
Oasis Equipment Rental,
OC Forklift Certification,ocforkliftsafety.com
OC Tool House,octoolhouse.com
OC Yard Party,
Occasion Above Event Rentals,oaeventrentals.com
Ocean Beach Equipment Rentals,obequipmentrentals.com
Oceanside City Porta Potty Rentals,
Oceanside Lawnmowers,
Oceanside Portable Toilet Rentals,
Ochoa Material Handling,ochoamh.com
Odyssey Innovative Designs,odysseygear.com
OES Equipment LLC,oesonline.net
Office Depot,officedepot.com
OffRoad Rentals,offroadrentals.com
Old Borges Ranch,ci.walnut-creek.ca.us
Olin Engineering Inc,olinpump.com
"Oliver Concrete Construction, Inc.",oliverconcreteco.com
Olson Equipment Rentals,
"Olympic Wire & Equipment, Inc",olympicequipment.com
Olympus Party Rentals & Event Planning,olympuspartyrental.com
OMG! Event Rentals,
Omni Machine Inc,omnimachineinc.com
On A Throne,onathrone.com
On Call Event Rentals,oncall.events
"On Point Truck Sales, LLC",onpointtrucks.com
"On-site Storage Solutions, Inc.",losangeles.onsitestorage.com
On-Stage Rentals,onstagerentals.com
On The Mark Heavy Machinery Carrier Inc,
One Stop Forklift Parts,
One Stop Mobility,onestopmobility.com
One Stop Truck & Equipment,onestoptruckequipment.com
One Towing inc,
"OnSite Equipment & Tractor Repair, Inc.",onsitesalinas.com
Ontario Trailer Rentals,ontariotrailerrental.com
Operating Engineers Local 3,oe3.org
Operating Engineers Training,oett.net
Optimus diesel truck and trailer repair,optimusdieseltruckandtrailerrepair.com
Orange County Farm Supply,ocfarmsupply.com
Orange County Machine Shop,ocmachineshop.com
ORANGE COUNTY MACHINERY,orangecountymachinery.com
Orange County Material Handling Inc.,ocmhinc.com
Orange County Party Rentals,ocpartyrentals.com
Orange Lift,
Orbit Rentals,orbitequipment.com
Orca Design & Manufacturing,orcadesign.com
Orchard Machinery Corporation,shakermaker.com
Orco Construction Supply,
Ordoñez Towing,ordoneztowingco.com
OreGro Seeds Incorporated,dlfpickseed.com
Orel Hershiser Chevrolet,ohchevy.com
Ortiz Tractor and Construction Services,ortiztractorservice.com
"OSE-GEHL Construction Equipment: Sales, Parts & Service",gehlsandiego.googlepages.com
OSE Poway Building Supply,
Osiris's Party Rentals,osiris-s-party-rentals.ueniweb.com
OsKcars Party Rentals,oskcarpartyrentals.com
Otay Hydraulics,otayhydraulics.com
Otay Truck Sales,otaytrucksales.com
OTM Party Rentals,otmpartyrentals.com
Otto Nemenz International Inc,ottonemenz.com
Outback Equipment Company,outbackequipment.com
Outdoor Recreation,
Outdoor Supply Hardware,outdoorsupplyhardware.com
Over the Top Specialty Rentals,overthetoprentals.net
"Overbeck Machine Tools, LLC",overbeckmachine.com
Overland 4X4 & Mercedes Repair,overland4x4.com
Ox Trailer,oxtrailer.com
Oxnard City HVAC Services,oxnardcityhvacservices.com
Oxnard City Porta Potty Rentals,
Oxnard Porta Toilet Rentals,
Oxnard Toilet Rentals - Restrooms,
P,
P&A Motors,pamotorscal.com
P&E FORKLIFT REPAIR BUY AND SELL,
P&E FORKLIFT REPAIR /PNE FORKLIFT REPAIR,
P F Services Inc,pf-services.com
Pace Forklift,
Pacific Ag Rentals,pacificagrentals.com
Pacific Agricultural Wholesale,pawline.com
Pacific Bay Equipment,pacificbayequipment.com
Pacific Bay Vistas,pacificbayvistas.com
"Pacific Coast Equipment CO., INC.",
Pacific Coast Trane + Specialty A/C Products,pacificcoasttrane.com
Pacific Commercial Construction,
PACIFIC CRANE AND EQUIPMENT SALES CORPORATION,pacificcranes.com
Pacific Crane Certification,pacific-crane-certification.com
Pacific Crane Company,paccrane.com
Pacific Crane & Hoist,pacificcranehoist.com
Pacific equipment,pacific-equipment.net
Pacific Equipment,toropacific.com
Pacific-Equipment,pacific-equipment.com
Pacific Equipment Solutions - Hayward,pmhsi.com
Pacific Fire Safe,
Pacific Highway Rentals Hayward,pacifichighwayrentals.com
Pacific Industrial Parts & Spl,
Pacific Lawn Mower Works,pacificlawnmowerworks.com
Pacific Lift and Equipment Co.,pacificlift.com
Pacific Material Handling Solutions,
Pacific Mobility Center Stairlifts Chairlifts and More,pacificmobility.com
Pacific Petroleum California Inc,ppcinc.biz
Pacific Power Tools,pacificpowertools.com
Pacific Rents,pacificrents.com
Pacific Tractor West Inc,pacifictractorwest.com
PACIFIC TRUCK AND TRAILER REPAIR,pacifictruckrepairs.com
Pacific Truck & Tractor Repair,pacifictrucktractor.com
Pacifica Portable Toilet Rentals,
PacWest Scale,pacwestscale.com
Pal's Sewing & Vacuum,palssewvac.net
"Palfinger USA, LLC.—Cerritos",palfingerusa.com
Pallet Pros (Pallets For Sale),palletcompanypro.com
Palm Desert Portable Toilet Rentals,
Palm Industrial,palmindustrial.com
Palm Springs Aerial Tramway Mountain Station,pstramway.com
Palm Springs Grip and Lighting,palmspringsgripandlighting.com
Palm Springs Motorsports,palmspringsmotorsports.com
Palma's Party Rentals,fpparty.com
Palmdale Portable Toilet Rentals,
Palo Alto Portable Toilet Rentals,
Palo Alto Tractor,
Pantheon Surface Prep Sales & Rentals,pantheonsurfaceprep.com
Pape Material Handling Inc,
Paramount Portable Toilet Rentals,
Park AC Repair's LLC,
Parker Equipment,
Parkway Lawnmower Shop / Parkway Arborist & Landscape Supplies,parkwaylawnmower.com
Parkwood Enterprises Inc,
Parlani Party Rentals,parlanipartyrentals.com
Parts'R'Parts,partsrparts.co
PartsBarn.com,
Party Boy Jumpers LLC,partyboyjumpers.com
Party Dude Rentals,partyduderentals.com
Party land rentals norwalk ca,
Party Planet,rentals-partyplanet.com
Party Pleasers Event Rental Co.,partypleasers.com
Party Pro Rental Center,partyprorc.com
Party Pronto,877parties.com
Party Pros All Party Rentals,partyprosrental.com
Party Rental Outlet,partyoutlet.com
Party Rental Place,
PARTY RENTALS,partyrentalnapa.com
Party Rentals & Co.,partyrentalsandco.com
Party Rentals - Lesly's,leslyspartyrentals.com
Party Rentals Thousand Oaks,theonepartyrentals.com
Party Star Rental,partystarrental.com
Party With Us Rentals,partywithusrentalsch.com
Pasadena Portable Toilet Rentals,
Pat's Lawnmower & Saw Shop,
Patagonia,patagonia.com
Patagonia Building Supplies,patagoniabuildingsupplies.com
Patriot Crane,thepatriotcrane.com
"Patriot Equipment Rental and Sales, Inc",
Patriot Sewer Equipment & Repair dba 1776 Equipment & Repair,patriot.us
Patterson Lift Trucks Inc.,pattersonlifttrucks.com
Paul Construction Equipment Rentals,
Paul's Backhoe Services,
Pawn Inc.,pawn.inc
Payasito Party Rentals & Flowers,
PB Loader Corporation,pbloader.com
"PBM Supply & Manufacturing., Inc.",pbmsprayers.com
PCH Equipment Sales,pchequip.com
PCH Lawn Mower Inc,
PCS Air Conditioning Socal,pcsairconditioningsocal.com
PDC Rentals,pdcrentals.com
PDQ Equipment - Kubota of Temecula,pdqequipment.com
PDS Plumbing Drain And Services,
Peak Machinery Sales,peakmachinerysales.com
Pearsey's Rent To Own,
Pearson Equipment Rentals,
Peed Equipment Company,peedequipment.com
PeLayos Feed & Hay,pelayosfeedhayservice.online
"Pellenc America, Inc.",pellencus.com
Peninsula Building Materials,pbm1923.com
Peninsula Crane & Rigging,peninsulacrane.com
Peninsula Feed Store,peninsulafeedstore.com
Peninsula Golf,peninsulagolfshop.weebly.com
Peninsula Guns and Tactical,peninsulaguns.com
Peninsula Party Rentals,peninsulaparty.com
Penske Toyota,pensketoyota.com
Penske Used Truck Center,penskeusedtrucks.com
Peps Equipment,pepsequipment.com
Perez Construction Equipment Rentals,
Perez Party Rentals,perezpartyrentals.com
Perfect Circuit,perfectcircuit.com
Perfect Edge Cutlery,perfectedgecutlery.com
Perfect Machinery,perfectmachinery.com
Performance Construction LLC,nohantosman456.wixsite.com
Performance Equipment Sales,
Perris Equipment Rentals,perrisequipment.com
Perris Forklift Rentals,
Perris valley Party rentals,
Pet Food Express,petfoodexpress.com
Pet Food Express,petfood.express
Petaluma Power Equipment,
Pete Carlson's Golf & Tennis Shop,petecarlsonsgolf.com
"Pete & Son's, Inc",peteandsonsinc.com
Peterson Cat,petersoncat.com
Peterson Power Systems,petersonpower.com
"Peterson Trucks, Inc",petersontrucks.com
Pets Plus,petsplusca.com
Pettit Bobcat Services,
PICHANGA PUMPING SERVICE LLC,pichangapumpingservice.com
Pico Rivera Portable Toilet Rentals,
Pierce Crane Service,piercecrane.com
Pine Environmental Inc.,pine-environmental.com
Piners Medical Supply,piners-medical.com
Pini Hardware,pinihardware.com
Pink Bow Party Rentals,pinkbowpartyrentals.com
Pioneer Equipment Co.,pioneerequipmentca.com
"Pioneer Machinery, Inc.",pioneermch.com
Pittsburg Ace Hardware,pittsburgace.com
Pittsburg Portable Toilet Rentals,
Pizzagoni's Towing,pizztow.com
PK Safety Supply,pksafety.com
Placer Equipment Rentals,
Plant Depot,plantdepot.com
Platinum Equipment Rentals,platinumrentz.com
Platinum Tow and Transport Inc,platinumtow.com
Play It Again Sports,playitagainsportsconcord.com
Plaza Crane and Transport,plazacraneandtransport.com
Pleasanton Truck & Equipment,
PLTPARTS,pltparts.com
Plumbing Care Inc.,plumbingcareinc.com
PM Machines,pmmachines.com
PNE Forklift,
PNJ Party Rentals,
PNM FORKLIFT,pnmforkliftservice.com
POGO Photo Booth Service,pogophotobooth.com
Pollack Equipment Rentals,
Polygon San Francisco,polygongroup.com
Pomona Feed & Fuel,pomonafeed.com
Pomona Pawn Shop,pomonapawnshop.net
Porsche Newport Beach,newportbeach.porsche.com
Porsche of San Luis Obispo,sanluisobispo.porsche.com
Porsche South Bay,southbay.porsche.com
Port Equipment Specialists Inc.,portequipment.net
PORTA Garage Door,portahe.com
Porta Potty Rentals Downey,
Porta Potty Rentals Fullerton,
Porta Potty Rentals Modesto City,
Porta Potty Rentals Temecula,
Porta Potty Rentals Vallejo,
Portable Car Hoist,portablecarhoist.com
Portable Toilets Champ,portabletoiletschamp.com
portail agritex,lawrencetractor.dealercustomerportal.com
Porter Construction Equipment Rental,
Porter Rents,porterrents.com
"Porter's Equipment Rental, Inc.",
Porterville Distributing Co,empiresupply.net
Porterville Machine Shop,
Porterville Pawn,
Porterville Portable Toilet Rentals,
Portside Supply,portside.sply.com
PottyPilot Porta Potty Rentals Santa Clarita,
Pouncy Parties,
Power Engineering Construction Co.,powerengconstruction.com
Power Equipment & Supply,powerequipmentandsupply.com
Power Generation Enterprises | Industrial Diesel Generators,powergenenterprises.com
Power Lawn Mower,
Power Machinery Center,powermachinery.com
Power Mower,powermower.com
Power on Wheels,poweronwheels.com
Power Plus,generatorrentalsocal.com
Power Plus,powerplus.com
"Power Source Depot,LLC",offerup.com
Power Trip Rentals,powertriprentals.com
Power Truck Sales,pwrtrucks.com
Power Up Generators Rentals,
Powerland Equipment Inc.,powerlandequipment.com
Powers Trailer Rental,powerstrailerrental.com
Pozzebon Backhoe Inc,pozzebonbackhoe.com
PPR-Party Rentals,ppr-rentals.com
Pramros Auto & Forklift,
Precision Brake & Wheel,pbwdist.com
Precision Construction Services,precision.services
Precision Crane & Hoist Inc,
Precision Crane & Hoist Inc,precisioncraneandhoist.net
Precision Crane Service Inc,pcsnorcal.com
Precision Diesel Mobile Heavy Duty Truck & Trailer Repair,precisiondieselca.com
Precision Forklift Service,precisionforkliftservice.com
Precision Forklift Service & Parts,precisionfrklft.com
Precision Garage Doors & Gates,precisiongaragedoorsandgates.com
PRECISION MATERIAL HANDLING INC.,precisionmaterialhandling.com
Precision Werks NRT YARD,
Preferred Truck and Equipment,ptande.com
Premier Crane,
Premier Crane & Transportation,
Premier Equipment Rental,perrents.com
Premier Plate Rental,premierplaterental.com
"Premier Scaffold, Inc",premierscaffold.com
Premier Scaffolding Rental San Jose,
Premier Trailer Manufacturing Inc,premiertrailer.net
Premium Equipment Co,pecforklifts.com
Premium Finance,pfmotorsoc.com
Premium Lift Truck,premiumforklifts.com
Pres Tech,pres-tech.com
PRI Crane Services,
"Prime Fabrication, Inc, Prime Crane",primecraneinc.com
Prism Rentals,
Prizzi Sewing Machines Co,prizzisewing.com
"Pro-Cal Truck , Heavy Equipment & R.V. Repair",procaltruck.com
Pro Crane Services Inc,
Pro Equipment Inc,
Pro Line Diesel & RV Repair,prolinedieselrepair.com
Pro Outdoor Movies/ Turnkey Events. Rentals and Sales Since 2006.,prooutdoormovies.com
Pro Power,propowersd.com
Pro-Tech Lift Services,
Pro Trucks Plus Campers & Trailers,protrucksplus.com
Probe Specialists,probe-specialists.com
Procraft Equipment,
ProFleet Forklift Rental Services,
Promax Service Group,promax-service.com
Prosets Premium Golf Club Rentals,prosetsgolf.com
Prospect Tool and Equipment,prospectte.com
PROTECH LIFT forklift service,
Protech Machine Tool Sales,protechmachinetool.com
PROtog Rentals,protogrentals.com
Proven Truck and Equipment Inc.,proventruckandequipmentca.com
PTS Rentals,ptsrentals.com
PULIDOS FORKLIFT,
Pull Up A Chair Event Rentals,pullupachair.com
Purpose-Built Trade Co.,purpose-built.com
QC Equipment Rentals BackHoes Bobcats Free Local Delivery,qcequipmentrentals.com
QC Floor Scrubber Rentals,qcpowerclean.com
Quality Equipment Rentals,qerentals.com
Quality Lakewood AC Repair LLC,
Quality Lift & Equipment,qualitylift.net
Quality Lift Trucks,qualitylift.com
Quality Machinery Center,quality-mc.com
Quality Material Handling Inc.,qmhinc.com
Quality Rentals,qualityrents.us
Quality Rentals,qrhayward.wixsite.com
"Quality Supply Auto, Truck & Trailer",quality-supply.com
Quick Equip Rentals,quickequiprental.com
Quick Port,pmdeal.com
Quick Rentals,
Quick Site Restroom Rentals,quicksiterestroomrentals.us
Quinlan's Tire Service,quinlantire.com
Quinn Cat,quinncompany.com
Quinn Construction Equipment Rentals,
QXO,locations.qxo.com
R & B Equipment Inc,randbequipment.com
R&C MOBILE TRACTOR REPAIR,us.any.market
R&D Elegance Rentals,
R G Equipment Of Fresno Inc.,rgequipment.com
R & G Forklift,
"R & J Material Handling, Inc",rjforklift.com
R & J Mechanics,randjmechanics.net
R & J Trailers Inc.,randjtrailersinc.com
"R&K machinery Central, Inc.",rkmachinery.com
R & L Feed,c.org
R L Johnson Construction Inc,rljohnsonlompoc.com
R L Jones Customhouse Brokers,rljones.com
"R&S Erection of Concord, Inc.",rsdoor.com
R & S Fork Lift Services,
R S TRACTOR INC.,
Rack N Road Car Rack & Hitch Superstores,racknroad.com
Radcliffe Marine Crane,radcliffe-ndt.com
Rafael Lumber & Building Supply,rafaellumber.com
Rafael's Wholesale Tools and More - Open To the Public,
RailMaster Hobbies,railmasterhobbies.com
Rain Bird Corporation,rainbird.com
Rainbow Jumps,
Ralph's Vacuum & Sewing Center,ralphsvacnsew.com
Ranch Feed & Pet Supply,ranchfeedandpetsupply.com
"Ranch Systems, Inc.",ranchsystems.com
Ranch Works Inc.,ranchworksinc.com
Rancho Alisal Apartment Homes,irvinecompanyapartments.com
Rancho Cordova Portable Toilet Rentals,
Rancho Hydraulics,ranchohydraulics.com
Rancho Rentals,ranchorents.com
Randolph Construction Equipment Rental,
Randy's Equipment Repair,randysequipmentrepair.com
"Rat Sound Systems, Inc",ratsound.com
Ray's Rentals Newport Beach,rays-rentals.com
RB Crane Service (Randall Boone),
RB Equipment Group,rbtrucksales.com
Rc Tractor Parts,rctractorparts.com
RCP Block & Brick,rcpblock.com
RDO Equipment Co.,rdoequipment.com
Ready Equipment Rental Inc.,readyequipmentrental.com
Ready Pawn,
Rebel Sun Lighting Grip Camera,rebelsun.com
Rebuild Thrift Store & Boutique Center,
Reclaimed Wood San Diego,reclaimedwoodsandiego.com
Red Barn Equipment Sales,redbarneq.com
Red-D-Arc Welderentals,red-d-arc.com
Redding Crane Service,reddingcrane.com
Redding Equipment Inc,reddingeq.com
Redding Tool & Equipment,
"Redlands & Henry Bush Plumbing, Heating and Air Conditioning",plumbingandair.com
Redlands-Yucaipa Rental Inc.,redlandsyucaiparentals.com
Redline Crane Inc,redlinecrane.com
Redline Crane LLC Inland Empire,
Redondo Beach Dumpster Rental,
Redondo Beach Portable Toilet Rentals,
Redondo Marine Hardware,redondomarine.com
Redwood Crane Services,
Redwood Empire Concrete Pumping Equipment,shop.schwingpartsstore.com
Redwood Empire Medical Supply,remsca.com
Redwood General Tire Pros,redwoodgeneraltire.com
Redwood Rental and Repair,redwoodrental.com
Redwood Trading Post,redwoodtradingpost.com
Reece Crane Service,reececraneservice.com
Reeve Store Equipment Co,reeveco.com
Refurbished Lifts,refurblifts.com
REI,rei.com
Reich's Medical Supply,reichsmedicalsupply.net
Reliability Works LLC,
Reliable AC Repair Aliso Viejo,reliableacrepairalisoviejo.site
Reliable AC Repair National City,reliableacrepairnationalcity.site
Reliable Crane Anaheim,
Reliable Crane & Rigging,rcrwest.com
"Reliable Energy Management, Inc.",relenergy.com
Reliable Equipment Rental,reliableequipmentrentalinc.com
Reliable Glendora AC Repair LLC,
Reliable HVAC Inc.,rhvacinc.com
Reliable Monrovia AC Repair's LLC,
Reliable Scaffolding,
Reliable Screening Inc,reliablescreeninginc.com
Rent-It Truck Rentals Simi Valley,rent-ittrucks.com
Rent-It Truck Rentals Ventura,rentittrucks.com
Rent Mobility,rentals.shopriterx.com
Rent n Go Car Rentals,rentngocar.sintra.site
Rent One Equipment Rentals,rentoneequipmentrentalsoc.com
Rental Depot Inc.,rentaldepotca.com
Rental Guys,rentalguys.com
Rentals Company,
Rentoparty,
ReQuip Corporation,requipcorp.com
"Residential Heating and A/C, Inc.",residentialheating-ac.com
Resource Building Materials - Stanton,resourcebuildingmaterials.com
Resource Equipment Co,resourceequipmentco.com
Restart HVAC,restarthvac.com
Revolution Equipment Sales - Used Equipment Sales,revolutionequipmentsales.com
"Reynolds Advanced Materials, Los Angeles",reynoldsam.com
Reynolds Aerial Equipment Rental,
RGW Construction,
RGW Equipment,rgwequipment.com
RGW Equipment - - Develon/Manitou/Yanmar/Rokbak Dealership,
Rialto Equipment and Material Services,rialto-services.com
Ricardo Lawnmower Shop,
Rich Door & Window Milgard Dealer Of The Year 2020,richdoorandwindow.com
Richert Lumber Ace Hardware,richertlumber.com
Richmond Tool Library,ci.richmond.ca.us
Rick Albert Machinery,rickalbertmachinery.com
Rick Enterprises,rickenterprises.com
Rick Wessels Backhoe Services,
Rico Equipment Rentals,ricoequipmentrentals.com
Rig-Rents Inc.,rig-rents.com
Rincon Truck Center Inc,rincontrucks.com
Riser Forklift | Mobile Service & Repair,riserforklift.com
Ritchie Bros Auctions,rbauctions.com
RITCO FORKLIFT REPAIR AND RENTALS,
River City Building Supply,
River City Rentals,
River City Services LLC,rivercityforklifts.com
Rivera Aerial Lift Rental,
Rivera's Lawn Mower Shop,
Rivera's Power Equipment / RIVERA'S LAWNMOWER SHOP,
Riverside Agricultural Supplies,riversideagricultural.com
"Riverside Truck & Equipment, Inc.",riversidetrucksales.com
Rivertown Feed & Pet Country Store,rivertownfeed.com
RJ's Truck Sales,rjstrucksales.com
RJMS Corporation,rjmscorp.com
"RK Lift Repair, Inc.",rkliftrepairinc.com
RLC WELDING AND PORTABLE LINE BORING,rlcweldingandportablelineboring.com
RLD EVENT RENTALS,rldeventrentalsllc.com
Rm Tractor Services,
RMC Engineering,rmcengineering.com
Road Machinery LLC,
Roadmoto Trailer Rentals,roadmoto.com
Roan Decor,roandecor.com
Robbins Equipment Rental,
Roberto and sons Crane service,
Roberts Yard Tool Rentals and Repair,
Robertson Equipment Rentals,
Robinson's Feed & Farm Supply,robinsonsfeed.net
Rocafella Party Supplies,
"Rocha Trucking & Parking, INC.",rochatrucking.net
Rock Pros Landscape Supply,rockproslandscape.com
Rock Rental LLC,rockrental.com
Rocklin Party Rentals,rocklinpartyrentals.com
Rocklin Portable Toilet Rentals,
Rockolas Segoviano,
Rodriquez Aerial Equipment Rental,
Rodriquez Equipment Rentals,
Roger Santos Tractor Services,
Rolling Stock Plus,rollingstockplus.com
Romo Forklift Tires,romoforklifttires.com
Ron Andrews Medical Co Inc,ronandrewsmedical.com
Ron Dieffenbacher Equipment Rentals,
Rooco Rents & Materials,folsomreadymix.com
Roofmaster Products Company,roofmaster.com
Rosa's Party Rentals,
Rosales Feed & Supply,
Roseburrough Tool Company,roseburroughtoolco.com
Rosemead Party Rentals,
Rosemead Portable Toilet Rentals,
Rosenthal Water Softeners & Treatment,santacruzplumbingrepair.com
Roseville Bounce House Rentals,rosevillebouncehouserentals.com
Roseville Portable Toilet Rentals,
Roseville Racks,
Roth Equipment Rental,
Roy's Forklift Services,
"Royal Bay Scaffold, LLC",royalbayscaffold.com
RP Equipment & Tool Rentals,rprentals805.com
RPI Emergency Services Power Rental,hirerpi.com
RPM Test Equipment Solutions Inc.,rpmtest.com
RSD - Refrigeration Supplies Distributor,rsd.net
Rubbl,rubbl.com
Ruby party rentals,rubypartyrentals.com
Rudy's Diesel Engine Parts,rudysdieselengineparts.com
Rue Equipment Inc,rueequip.com
Ruiz forklift repair and buy & sell,
Rural Country Ag Repair,ruralcountryagrepair.godaddysites.com
Rush Forklift Service,rushforkliftservice.com
Russ Poultry & Tractor Service,russpoultryandtractorservice.com
Russell Construction Equipment Rentals,
Rutherford Equipment Rental,rutherfordrental.com
RW Equipment Repair,
RWC Building Products - Placentia,rwc.org
RWC Group,rwcgroup.com
"RWR Construction, Inc.",rwr-inc.com
RX Fitness Equipment,rxfitnessequipment.com
S F Equipment,
S & F Forklift Inc,
S & G Power Equipment Co,
Sabas Crane Services Inc,
Sacramento Bounce House Rentals,sacramentobouncehouserentals.com
"SACRAMENTO FOR TRACTORS, INC.",sactractor.com
"Sacramento Forklift, LLC",sacramentolift.com
Sacramento Pallet Racking,sacramentopalletracking.com
Saddleback Equipment Rentals Inc,saddleback-rentals.com
Safe Haven Metal,safehavenmetal.com
Safe Site Restroom Rentals,safesiterestroomrentals.us
SafeLiftt Forklift Certification,safeliftt.com
Safeway,local.safeway.com
Sager Chrysler Dodge Jeep Ram,sagercdjr.com
Salazar Aerial Lift Rental,
Salinas Construction Equipment Rental,
Salinas Crane,salinascrane.com
Sam's Club,samsclub.com
Sambos equipment services,sambosequipmentservices.com
San Clemente Porta Potty Rentals,
San Clemente Surfboard Rentals,surfboardrental-sanclemente.com
"San Diego Heavy Truck & Equipment Repair, Inc.",sdheavytruckrepair.com
San Diego Hydraulics,sandiegohydraulics.com
San Diego Premier Party Rentals,sandiegoppr.info
San Diego Truck Equipment,sandiegotruckequipment.com
San Diego Truck Parts Llc,sandiegotruckparts.com
San Gabriel Tools,
San Gabriel Valley Pallet Racking,sangabrielvalleypalletracking.com
San Gabriel Valley Storage and Equipment Rentals,sgvstorage.com
"SAN Group Biotech USA, Inc",san-agrow.com
San Joaquin Tractor Co,sanjoaquintractor.com
San Joaquin Valley Hay Growers,sjvhaygrowers.com
San Jose Camera & Video,sanjosecamera.com
San Jose ForkLift,sanjoseforklift.net
San Jose Portable Toilet Rentals,
San Juan Rentals,sanjuanrentals.net
San Leandro Crane Services,sanleandrocrane.com
San Luis Equipment Rental,sanluisequipmentrental.com
San Luis Obispo Portable Toilet Rentals,
San Mateo Lawn Mower Shop,sanmateolawnmowershopca.com
San Mateo Portable Toilet Rentals,
San Pedro Forklift Inc,
San Pedro Forklift Inc SPF,
San Rafael European,sreuropean.com
San Rafael Portable Toilet Rentals,
"Sand Materials & Aggregate Sales Inc., dba SM Sales",
Sanelli Heavy Equipment Rental Inc,
Santa Barbara Crane Rigging & Transport,
Santa Barbara Farms,
Santa Clarita Porta Potty Rentals,
Santa Clarita Scaffolding Rental,
Santa Cruz Portable Toilet Rentals,
Santa Cruz Sound Company,santacruzsound.com
Santa Fe BG Machinery Movers,santafebgmachinerymovers.com
Santa Margarita Feed Store,santamargaritafeedstore.com
Santa Monica Portable Toilet Rentals,
Santa Rosa Equipment Rental,justaskrentalsantarosa.com
Santa Rosa Porta Potty Rentals,
Santee Portable Toilet Rentals,
Santiago's Party Rental,
Santos Truck And Tractor Repair & Sales,santostractortruck.com
Sarah Crane - Realtor,searchwithsarah.com
SAS Rentals,sasmovies.com
Savala Equipment Rentals,savala.com
SavATree - Tree Service,savatree.com
Save Sum Rentals Inc,
SAWA Equipment Rentals,sawaconstruction.com
"Sawtooth Trailers Car Haulers , Equipment Trailers ,",placertrailers.com
SB Equipment Rentals,sbequipmentrentals.com
SBS | Concrete & Aggregates,sbs-cas.com
Scaffold Solutions Unlimited,scaffold-unlimited.com
Scarpete Hay Sales,scarpetehay.com
Schaa's Lawnmower Sales & Services,schaaslawnmower.com
Schneider,schneider.com
Schwartz Equipment Rental,
Sci equipment rental,silva-contractors.com
Scissor lift Equipment Rentals,
Scott Machinery,scottmachinery.com
SCR Forklift Parts,scrforkliftparts.com
SCV Party Rental,
"Seaboard Marine, Inc.",sbmar.com
SealMaster Pavement Products & Equipment,sealmaster.net
Sears Appliance Repair,searshomeservices.com
Seaton Machinery,seatonmachinery.com
Sebastian's Party Rentals,sebastianpartyrentals.com
Sedano Ford,sedanoford.com
Seers Lumber Co Inc,
Segura Motors,seguramotors.com
"Select Equipment Sales, Inc.",selectequipment.com
self-employment,
Sepulveda Building Materials,sepulveda.com
Sepulveda Windows and Doors,sepulvedawindowsanddoors.com
Sequoia Equipment Bakersfield,
Sequoia Equipment Co,shop.sequoiaequipment.com
Serrano's Lawnmower Repairs,serranoslawnmower.wix.com
Serrcom Forklift Service,
Servicios Coronel,servicioscoronel.com
Seven Seasons Party Rentals,sevenseasonspartyrentals.com
Sevilla Feed & Animal Supply,
Sewing Machine Shop,sewingmachineshop.com
SFAV Rentals and Trade Show Services,theaudiovisualrental.com
Shaffer's Offroad And Performance,shaffersoffroad.com
Shamrock Building Materials,shamrockmaterials.com
Shaneco,shanecomachinery.com
Sharp Business Systems,business.sharpusa.com
Shasta Farm Equipment,shastafarmequipment.com
Sheedy Drayage Company,sheedycrane.com
Sheldon Feed & Supply,sheldonfeedandsupply.com
Shena and Suns,shenaandsuns.com
Sherman Forklift Service and Repair,
Shield and Spear Hauling,shieldandspearhauling.com
Shimmick Construction,shimmick.com
Shiraz Party Rental,shirazpartyrental.com
Show Gear Productions,showgear.com
Sidco Ornamental Iron Supply,sidcoornamentalsupply.com
Sierra Auto Group,sierraauto.com
Sierra CDJR of Monrovia,monroviacdjr.com
Sierra Chevrolet of Monrovia,sierrachevrolet.com
Sierra Delta Adventures,
Sierra Equipment Company,sierraequipmentcompany.com
Sierra Neveda heavy Equipment,
"Sierra Sanitation, Inc.",sierrasanitation.com
Sierra Tractor,sierratractor.com
Sierra Truck Center,sierratruckcenter.com
Signature Party Rentals,signatureparty.com
Simi Pacific Building Materials,simipacific.com
Simi-U-Rent,urentinc.com
Simi Valley Cycles,simivalleycycles.com
Simmons Construction Equipment Rentals,
Simon Equipment Rentals,simonequipmentrentals.com
Simplot Turf & Horticulture,locations.th.simplot.com
Simpson Equipment Rentals,
Simpson Forklift,simpsonforklift.com
"Sims Metal - Richmond, CA",simsmm.com
Singer Music,bertrandsmusicrentals.com
SITECH Pacific,sitechpacific.com
SITECH West,sitechwest.com
"SJV Equipment Rentals (Forklift, Skid Steer, Trencher, Auger, etc.)",sjvequipmentrentals.com
Skinner Construction Equipment Rental,
Sky Hook Enterprises,
Sky Lift Rentals,skyliftequipment.com
"Sky Park Crane, LLC",skyparkcrane.com
Skyline Crane Rental,skylinecranerental.com
"SkyView Tree Experts, INC.",skyview-tree.com
Slinger Rental Company,slingers4rent.com
SLO Camp N' Pack,sloarmynavy.com
SLO Mobility Scooter Rentals & Repair,
SLO Tow,slotow.com
Sloat Garden Center,sloatgardens.com
"SLOmow Professional Brush Clearing, Mastication and Excavation",slomow.com
Smiley Lifting Solutions / SPYDERCRANE,spydercrane.com
Smith Powerhouse Inc,smithpowerhouseinc.com
Snap-On Specialty Tools,snaponspecialtytools.com
Snap-On Tools,snapon.com
Snow's Wedding & Party Rentals,aplannedaffair.com
Snyder Diamond,snyderdiamond.com
"So Cal Equipment Repair, Inc.",socalequipmentrepair.com
So Cal Lift Trucks,socallifttrucks.com
So Cal Machinery Movers,socalmachinerymovers.com
So Cal Party Rentals,socalpartyevents.com
So Cal Turf and Tractor,socalturfandtractor.com
Soaring Scooters,soaringscooters.com
SoCal Attachments LLC,socalattachments.com
SoCal Crane,socalcrane.com
SoCal Fence and Barn,socalfenceandbarn.com
SoCal Hay & Grain / Trailer Rentals,socalhayandgrain.com
SoCal JCB,socaljcb.com
SoCal Propane LLC,socalp.com
SoCal Truck Accessories & Equipment,socaltruck.com
Solabrite,solabrite.com
Solano party rentals,solanopartyrentals.com
Solar Technologies,solartechnologies.com
Soldado Construction Inc.,soldadoconstruction.com
Solo Power Equipment,solopowerequipment.com
Sonlight Surfshop,sonlightsurfshop.com
Sonoma County Tool Library,borrowtools.org
Sonomarin Landscape Materials,sonomarinmaterials.com
Sonsray Inc,sonsray.com
Sonsray Rentals,sonsrayrentals.com
Sound and Video Rentals,soundandvideorentals.com
South Bay Crane & Rigging Inc,
South Bay Ford Fleet & Truck Center,southbayfordcommercial.com
South Bay Forklifts & Equipment,sbflift.com
South Bay Materials,southbaymaterials.com
South Bay Power Equipment Sales & Rentals,southbaypowerequipment.com
South City Lumber & Supply,southcitylumber.com
South Coast Mowers,
South County Tractor Co,
South OC Cars & Coffee,southoccarsandcoffee.com
South West Towing,southwesttowing1.com
Southeast Construction Product,southeastproducts.com
Southeast Construction Products,southeastconstructionproducts.com
Southern Ca Equipment Sales,
Southern California Jet Skis,socaljetskis.com
"Southern California Leasing, Inc. dba SCL Equipment Finance",sclequipmentfinance.com
Southern California Preowned,socalpreowned.net
Southern California Tow Equipment,towequipments.com
Southland Backhoe Rental Inc,
Southland Tractor Inc | Backhoe Service | California,southlandtractor.com
Southwest Equipment Parts,sw-ep.com
Southwest Toyota Lift - Mira Loma,swtoyotalift.com
Sparco Motor Sports,sparcousa.com
Spark Appliance Repair,sparkappliancerepair.com
"Sparling Instruments, LLC",sparlinginstruments.com
"Specialized Equipment Repair, Inc.",specializedequipmentrepair.com
Specialized Equipment Systems,
Specialty Construction Inc,specialtyconstruction.com
Specialty Crane & Rigging,specialtycrane.net
Specialty Equipment Company,specialtytruckequipment.com
Specialty Equipment Market Association,sema.org
Spectrum Crane Services,
Spectrum Lasers | Orthodontic and Dental Lasers,spectralasedental.com
Spectrum Lifts & Loaders Inc,spectrumlifts.biz
Speedy Trailers,speedytrailers.com
Spider Worx Excavating,spiderworxexcavating.com
"Spinnaker Equipment Services, Inc.",spinnakerequipment.com
Spitzlift,spitzlift.com
Sports Basement Berkeley,shop.sportsbasement.com
Sports Basement Redwood City,sportsbasement.com
Sportsman's Warehouse,stores.sportsmans.com
Sportsmans Supply Inc.,sportsmenssupply.com
Sprintway Temporary Fence Rental Fresno,sprintwaytemporaryfencerentalfresno.com
"Sri Krishna Party Rentals LLC, Tracy CA",srikrishnapartyrentalsllc.com
SRO Farm Equipment,srofarmequipmentusa.com
SSS Equipment,sssequip.com
Stafford Equipment,stafford-equipment.com
Stafford Lift Services,staffordliftservices.com
Stage and Screen Rentals,stageandscreenrentals.com
Stage Rigging Inc,stage-rigging.net
Standard Event Rentals Modesto,standardeventrentals.com
Star Jumpers,star-jumpers.net
Stauffer's Lawn Equipment,staufferslawnequipment.com
Stellar Trailers Sales & Repair,stellartrailers.com
Stemar Equipment Rentals-Supply,stemarinc.com
Stephen Doreck Equipment Rent,
StepUP Scaffolding - LA,stepupscaffold.com
Sterling Enterprises,sterlinghardware.com
Sterling Equipment Sales,
Sterling Machinery,sterlingmachinery.com
Sterling Machinery Auctions,sterlingmachineryauctions.com
Sterling May Equip. Company,sterlingmaycompany.com
"Steven Engineering, Inc",stevenengineering.com
Stevens Creek Surplus,scsurplus.com
Stevens Equipment Rentals,
Stevenson Supply & Tractor Co.,stevensonsupply.net
Stewart Crane Services,
STIHL,
Stilwell Equipment Sales,
Stone Chevrolet Buick GMC,stonechevybuickgmc.com
"Stone Equipment Company, Inc.",stoneequipment.com
STRADA Capital Corporation,stradacapital.com
Straightway Equipment Rental - Heavy Equipment Operator,
"Strand Ag Supply, Inc",strandagsupply.com
Streator Pipe and Supply,streatorpipe.com
Street Scene,streetsceneautorepair.com
Stroup's Power Equipment,stroupspowerequipment.com
Stuart Event Rentals,stuartrental.com
Style And Grace Photobooth Rentals,styleandgracephotoboothsbayarea.com
Suarez Party Rentals,suarezpartyrentals.booksy.com
Sukut Equipment and Parts,sukutequipment.com
Sullys Precision Grading & Heavy Equipment Rental,sullysprecisiongrading.com
SummerWinds Nursery,summerwindsnursery.com
Summit Crane Inc,summitcrane.net
Summit Equipment Rentals,summitrentals.net
Summit Portables,
Sun City Hardware,suncityhardware.com
Sun Coast Rentals (Valley Tool Rentals),suncoastrents.com
Sun Valley Equipment Rentals,
Sunland Restaurant Equipment,
Sunlight Concepts | Natural Daylighting and Ventilation System - Solatube Dealer,sunlightconcept.com
Sunrise Forklift Inc,srforklift.com
Sunset,
Super Jump,
Super Party Rentals,superpartyrentalsonline.com
"Superior Equipment Company, Inc.",secwaste.com
"Superior Equipment, LLC",superiorequipment2020.com
"Superior Equipment Repair, Inc.",superiorequipmentrepair.com
Superior Farm Supply,
Superior Forklift Training,superiorforklifttraining.com
Superior Truck & Auto Roadside Service & Tire Repair,
Superstruct Warehouse,superstructwarehouse.com
Supertec Machinery Inc,supertecusa.com
Supreme Anaheim AC Repair LLC,
SureBuilt Concrete Forms & Accessories - Fullerton,surebuilt-usa.com
Surfboard Rentals San Clemente,surfboardrentalssanclemente.com
Sustainable Sales,sustainablesales.com
Swan Prints,lewisxunior.com
Sweeney Aerial Equipment Rental,
Sweep Scooter Rentals,
Sweeper Shop,sweepershop.com
Sweet Beginnings Specialty Co.,sweetbeginningsspecialtyco.com
Synergy Companies,synergycompanies.com
T-9 Enterprises,t9inc.com
T A Tools,t-a-tools.edan.io
"T & D Trailer Event Rentals (Shower, Toilets, Generators)",tanddrents.com
T E Deloss Equipment Rentals,delossmachinery.com
"T-Rex Equipment, Inc. DBA Rexin Equipment",rexinequip.com
T S & L Seed Co,tslseed.com
T & T Truck & Crane Service,truckandcrane.com
TA Equipment Finance,taeqfin.com
TA Pump Sales & Service INC,tapump.com
Talley Metal Supply,talleymetalsupply.com
Tan Oak Tractor Sales Inc,tanoaktractorsales.com
Tanaka Farms,tanakafarms.com
Tanouye Lawn Mower Shop,
Tapo Rock and Sand,taporockandsand.com
Taylor Ag,taylorag.net
TC Rentals,tricalrentals.com
TDC Marine Equipment,tdcmarineequipment.com
Team5 Aerial Systems,team5.rentals
TEC Equipment - Fontana Truck Sales,tecequipment.com
TEC Equipment Rentals,
Techcon Landscape Construction,techconcorp.com
TECHNO HVAC and REFRIGERATION,chill-services.com
Ted Davidson Equipment Sales,davidsonequipment.com
Temporary Kitchens 123,temporarykitchens123.com
Temporary Traffic Signals,temporarytrafficsignals.com
Ten Ton Truck Center Forklift Repair Inc.,tentontruckforklift.com
Terex Services,terex.com
"Terra Universal, Inc.",terrauniversal.com
Terry Equipment Inc,terryequipment.com
The Armstrong Company,goarmstrong.com
The Berns Company,thebernscompany.com
The Bounce House IE LLC,thebouncehouseie.com
THE Construction Company,theconstructco.com
The Crane Guy,rbthecraneguy.com
The Crane Guys LLC,craneguys.com
"The EMC Shop, LLC",theemcshop.com
The Equipment Connection,theequipmentconnections.com
The Equipment Guys,tegscompany.com
The Estate Sale Co,theestatesaleco.com
The Ford Store Morgan Hill,fordstoremorganhill.com
The Forklift Company Parts Corp,
The Forklift Dr Co,
The Forklift Rental,theforkliftrental.com
The Forklift Shop,
The Fun Company,thefunco.com
"The Fun Ton - Grip, Lighting, Stage",thefunton.com
"The Garden World - Lawn Equipment, Supply and Repair",thegardenworld.com
The Golf Mart,stores.worldwidegolfshops.com
THE HEAVY MACHINE,theheavymac.com
The Home Depot,homedepot.com
"The Johnson Equipment Company, INC",
The Lift Guy LLC,thespiderliftguy.com
The Mountain Air,themountainair.com
The Rental Place,therentalplace.com
The Royal Events & Services,theroyaleventsservices.com
The Super Seven S7,the-super-7.com
The Surplus Store,surplusstoreonline.com
The Tool Hospital,thetoolhospital.com
The Tools Vault,thetoolsvault.com
THE Water Heater Company,thewaterheatercompany.com
Theresa's Country Feed & Pet,theresascountryfeed.com
Thermal Buena Park AC Repair LLC,
"Thermo King of Salinas, Inc.",tksalinas.com
Thomas Brothers Equipment Rental,tberco.com
Thompson Building Materials,thompsonbldg.com
Thompson Industrial Supply,tismc.com
Thorson Isuzu,thorsonisuzu.com
Thousand Oaks Dumpster Rental,
Thousand Oaks Powersports,thousandoakspowersports.com
Thousand Oaks Toyota Sales,totoyota.com
Tilley Crane Inspection Services Co,tilleycrane.com
Tilley Cranes Inspection Service Co. Inc.,
Tim Muhic Ski & Snowboard,
Tim Mullis of Upland Excavating,
Timberline Construction,timberlineconstruction.net
Tiny Rig Co,tinyrigco.com
TinyTanks Jumpers,tinytanksjumpers.com
Tire Supply Network,tiresupplynetwork.com
Titan Crane & Rigging,titancrane.net
Titan Equipment Repair,titanequipmentrepair.com
Titan Tent & Event Rentals,titaneventrentals.com
TKO Equipment & Marine Inc.,tko-online.com
TMC Power Equipment Co,tmcpower.com
TNT Tools and More,
Tofco Industries Inc.,tofco-industries-inc.gaaq.net
Toku-America Inc,toku-america.com
Tol Inc,tol-inc.com
Tom's Truck Center - Los Angeles,ttruck.com
Tony Crane at CrossCountry Mortgage,crosscountrymortgage.com
Tony Lem Crane Services,
Tony Rent,tonyrent.com
Tony's Hay & Grain,tonyshayandgrain.com
Tool Rental,
Tool Shack,
Tool Supply Inc,toolsupply.com
Tooland Inc,tooland.com
Tools Dude CLX,
Tools To Go,toolstogo.net
Top Hay,tophayexport.com
Top Lens Rental,toplensrental.com
Top Tech Lift LLC,
Topcon California Socal,
Topline Danville HVAC Repair,toplinedanvillehvacrepair.site
Topline Palos Verdes Peninsula HVAC Repair,toplinepalosverdespeninsulahvacrepair.site
Topline Santee AC Repair LLC,
Topo Element Equipment,topoelement.com
Toppers Tuxedos,topperstuxx.com
TORO Equipment Rentals,tororent.com
Toros Jerez,torosjerez2020.com
Torrance Party Rentals,torrancepartyrents.com
Torres Machine Shop,
Total Industries Material Handling,total-ind.com
Total JCB,totaljcb.com
"Total Warehouse (Anaheim, CA)",totalwarehouse.com
Toulouse Turf & Equipment Rental,
Tow Industries,towindustries.com
Tow Smart Trailers,towsmarttrailers.com
Tow World Inc,towworld.com
Toyota Forklifts,
Toyota Marin,toyotamarin.com
Toyota Material Handling Solutions,toyotamhs.com
Toyota of Hemet,toyotahemet.com
Toyota Santa Monica,toyotasantamonica.com
Tr﻿ee Ser﻿vice﻿ Cupertino,cupertinotreeservices.com
Trackless Train and Photo Booth Rental,trainpartyexpress.com
Tractel Inc,tractel.com
Traction Heavy Duty Parts,traction.com
Tractor City Inc.,tractorcityinc.com
Tractor Land Supply,tractorlandparts.com
Tractor Repair San Diego- Temecula- Mobile Tractor Repair Service,tractorrepairsandiego.com
Tractorland Supply,
Tractoropolis,tractoropolis.com
Tracy Motorsports,tracymotorsports.com
Tracy Porta Toilets Rentals,
Tracy Portable Toilet Rentals,
Trademark Hoist & Crane,trademark-hoist.com
"Traffic Management, Inc.",trafficmanagement.com
Trailblazer Porta Rentals,
Trailer Factory Outlets,trailerfactoryoutlets.com
TrailersPlus,trailersplus.com
"Trainor Commercial Construction, Inc.",trainorconstruction.com
Transcat | Axiom Rental Equipment,axiomtest.com
Traviezos Land Services & Equipment Rental,canva.link
"Travln Toys, Inc.",travlntoys.com
Treemasters,treemasters.com
Trek Bicycle Tustin,trekbicycletustin.com
Trench Shore Rentals,devtrenchshorerentals.com
Trench Shoring Company,trenchshoring.com
"Trench & Traffic Supply, Inc.",trenchandtraffic.com
Tres Amigos Lawn Mower,
Tri City Distribution,tricity-distribution.com
Tri-City Tractors,
Tri County Mixer Sales Truck Tractor Heavy Equipment (,
Tri-County Powersports,tri-countypowersports.com
Tri-Valley Concrete & Landscape Materials,trivalleyconcrete.com
Tri-Valley Event Rentals,trivalleyrental.com
Tri Valley Water Trucks Inc.,trivalleywatertrucks.com
Trinity Equipment INC.,trinityequipmentinc.com
Trinity Equipment Rentals,trinityequipmentrentals.com
Trinity Jumpers and Party Supplies LLC,trinityjumpers.com
Trio Equipment Company Inc.,fmabattiag.com
"Triple-E Machinery Moving, Inc.",tripleemachinery.com
Triton Air,tritonair.com
TriWest Tractor Inc,triwesttractor.com
"TRNSACT, Inc.",trnsact.com
TRS-RenTelco - Livermore,trsrentelco.com
Truck Gear by LINE-X of Porterville,linex.com
Truck Pro Outlet,truckprooutlet.com
Truck Site,trucksite.com
"True Blue Machining, Inc",
TrueCore Plumbing,truecore-plumbing.com
Trueline Refrigeration Reefer Repair,truelinereefer.com
Truitt & White Lumber and Hardware,truittandwhite.com
Trujillo Commercial Real Estate Group,trujillocentralcoast.com
TTM SALES LLC,
Tuff Shed Victorville,tuffshed.com
TUI Equipment,tuiequipment.com
Tulare Portable Toilet Rentals,
Tulare Sales Yard,tularesalesyard.com
Turbo Air Solutions,turboairsolutions.site
Turf Equipment Rentals,turfequipmentrentals.com
TURF STAR WESTERN,turfstar.com
Turlock Motors Inc - Auto & Trailer Sales,turlockmotors.com
Turn Key Rentals,turnkeyrentals.org
Turner Construction,turnerconstruction.com
Turner Construction Co,
Turner Trans Lift Inc,turnertranslift.com
TVH Parts Co,tvh.com
Twelve Spies Rentals,twelvespiesrentals.com
Twin Cities Equipment Rentals,800700rent.com
Two Wheeler Dealer Bicycles,twdcycling.com
Tyler Crane | Marin County,squareup.com
TYPHON Machinery,typhonmachinery.com
U-Knighted rentals,u-knightedrentals.com
U.S. Equipment Source,usequipmentsource.com
U-Save Power Equipment,usavepowerequipment.com
UB Equipment Corporation,ubequipment.com
Ultimate Lift Forklift Service and Repair Inc.,ultimateliftservice.com
Ultimate Tools,konstructionsupply.com
Ultra Rentals - Scissor Lift Rentals,ultrarentalsca.com
Underwood Family Farms,underwoodfamilyfarms.com
Unicorn Metals Recycling,unicornmetals.com
Union De Tula Repair Lawnmower,lawnmowerusa.com
United Equipment Company,unitedequipmentcompany.com
United Lift Service,
United Lifttrucks,unitedlifttrucks.com
United Site Services,unitedsiteservices.com
United Trucks & Equipment Buyers,
Universal Forklift Service,
Unlimited Suppliers,
Unlimited Tool Repair & Fab,unlimitedtoolrepair.com
Up Lift Rents,upliftrents.com
Upland Lawnmower,
Upland Trailer Rentals,uplandtrailerrentals.com
Urban Farm Oasis,urbanfarmoasis.org
Urban Ore,urbanore.com
Urban Refuse dumpster,urbanrefusedumpster.cyou
US Air Conditioning Distributors,us-ac.com
Us Crane,
US EQUIPMENT RENTALS,usequipmentrentals.us
US RENTALS,partymakers.net
US Safety & Supply Co,safetycompany.com
US Truck Sales Inc,ustrucksalesinc.com
USA Ag,usaagsupplies.com
USA Forklift,forkliftcertificationinontarioca.com
USA Forklift Certification,usaforkliftlicense-certification.com
USA Forklift Repair,
USA Site Rentals,usasiterentals.com
Used Forklifts,usedforkliftswestcovina.com
Used Treasures Quality Thrift,
"Utopia Property Management | Palm Desert, CA",utopiamanagement.com
V & J Auto Machine Shop,
V.P.R. Events,vasquezpartyrental.com
V&V Bros RVs and Trailers Parts and Services,vvrvtrailers.com
Valew Quality Truck Bodies - 1954 MFG,valew.com
Valle Vista Home Center,vallevistahomecenter.com
Vallejo Portable Toilet Rentals,
Vallejo Scaffolding Rental,vallejoscaffolding.com
Valley Ace Rental Place,valley-ace-hardware.pointofrentalcloud.com
Valley Agronomics | Merced,farmsupply.coop
Valley Balancing & Machine,valleybal.com
Valley Center Equipment Rental,
Valley Construction Supply,valleyconstructionsupplyinc.com
Valley Crane Inc,valleycraneinc.com
Valley Crane Service LLC,
Valley Forklift & LS Tractor,valleyforklift.com
Valley Industries Corporation,valleytools.net
Valley Medical Supply,valleymedsupply.com
"Valley Pacific Sales, INC",valpacsales.com
Valley Pallet,valleypalletinc.com
Valley Rentals,valley-rental.com
Valley Saw & Garden Equipment,valleysaw.com
Valley Toy Rentals,valleytoyrentals.com
Valley Tractor & Equipment,
ValueMax Rentals,valuemaxrentals.com
Van Bebber Brothers,vanbebbersteel.com
Van Dam Farms - Antelope Acres,vandamav.com
Van Der Vis Inc.,vandervisinc.com
Vanny's Party Supplies & Gifts,
Vanspeed Shop Van Conversions,vanspeedshop.com
"Vantage Auctions, Inc.",vantageauctions.com
VARE Properties,vareproperties.com
Vault Rentals,vaultcinemarentals.com
Vehicle Center and Finance,vehiclecenterandfinance.com
Velocity Truck Centers,velocitytruckcenters.com
Velocity Truck & Trailer Parts,velocitytrucktrailer.com
Vending Machines,
Venegeest,venegeest.com
Ventura Rental Party & Events,venturarental.com
Vertex Ontario AC Repair LLC,
Vic's Crane Inc.,vicscraneinc.com
VictorVille Tents,victorvilletents.wixsite.com
Victory Commercial Truck Sales,victorycommercialtrucks.com
Victory Home Medical Supplies,victoryhms.com
Victory Tractor Implements | Farm Equipment,etractorimplements.com
Vieira's Valley Equipment Co,
Viking Crane,vikingcrane1.com
Viking Materials,vikingmat.net
Village Equipment Rentals,villageequipment.com
Village Supply,
Vintage Arcade Superstore,vintagearcade.net
VIP Forklift Service Plus,vipforklift.com
Viper Equipment,viperequipment.com
Visalia Bounce House & Water Slide Party Rentals,visaliabouncehouse.com
Visalia Portable Toilet Rentals,
Visalia Vintage & Antiques,
Vista Portable Toilet Rentals,
"VJ Party Rentalls In Merced California, Party Of Jumpers, Party Supplies, Portable Toilet",
VMS Mini Excavator Rental,
VNA Health Loan Closet,vna.health
Vogel Equipment,
VOLGA RENTAL- Equipment Rental Agency,volgarental.com
Volvo Cars Mission Viejo,volvocarsmissionviejo.com
Volvo Construction Equipment & Services,vcesvolvo.com
Volvo Trucks,
"VonTour Crane & Rigging, Inc.",vontourinc.com
VSS Compressor,vsscompressor.com
Vulcan Materials Company,vulcanmaterials.com
W & Z Machinery Sales Inc,wzmachinerysystems.com
"Walker Brothers Machinery Moving, Inc",walkerbro.com
Wall Tractor Services,gwalltractor.com
Wally's Rental Center Inc,wallysrentals.com
Walmart Supercenter,walmart.com
Walnut Creek Lawnmower Inc.,
Walnut Creek Portable Toilet Rentals,
Walnut Creek Vacuum & Electric Motor Service,wcvac.com
Walton Equipment Rental,
Warrior Machinery LLC,warriormachinery.com
"water components & building supply, inc.",watercomponents.com
Water Slides For Sale Inc,inflatablewaterslideforsale.com
"Watersavers Irrigation, Inc.",watersaversinc.com
Watsons Equipment LLC,watsonsequip.com
Watsonville Portable Toilet Rentals,
Watts Equipment Co,wattsequipment.com
WCMH Forklift,wcmhforklift.com
We-Do Equipment Repair-Supply,wedoequipment.com
Webb's Farm Supplies,webbsfarmsupplies.com
Weber Aerial Equipment Rental,
WeCare for AbetterU Medical Supply,wecareforabetteru.com
Wellness Medical Equipment and Supplies,wellnesshealthcaresupplies.com
Wes Clarke Plumbing,wesclarkeplumbing.com
West Auctions,westauction.com
"West Coast Backhoe, Inc.",
"West Coast Cranes, Inc.",westcoastcranes.com
West Coast Equipment,
West Coast Waste Removal & Dumpster Rentals,westcoastwasteremovalanddumpsterrentals.com
West Covina Portable Toilet Rentals,
West Covina Scaffolding Rental,westcovinascaffoldingrental.com
West End Material Supply,wems.biz
West Hills Lawn Mower Shop,
West Marine,westmarine.com
West-Mark Corporate / Sales: Ceres,west-mark.com
West Valley Equipment Sales,westvalleyequipment.com
"Westcoast Equipment, Inc.",
Western Ag Irrigation,westernagandturf.com
Western Center for Agricultural Equipment (WCAE),bae.ucdavis.edu
Western Construction Auctions,wca-online.com
Western Crane Services,
Western Edge Contractors Co.,
Western Engineering Supply,western-engineering.com
Western Heavy Equipment Rentals,
Western Industrial Supply Corporation,westernindustrialsupply.net
Western Mower & Engine,westernmower.com
Western Pacific Crane & Equipment,wpcrane.com
Western Ranch & Pet Supply,westernranchandpetsupply.com
Western Rentals Inc.,scottequip.com
Western States Tool & Supply,westernstatestool.com
Western Trencher And Equipment Inc,westerntrencher.com
Western Truck Exchange,usedtrucks.net
Western Truck Parts and Equipment,wtpe.com
Western Turf Equipment,westernturfequipment.com
Westminster HVAC Services,westminsterhvacservices.com
Westminster Mega Pawn,westminsterpawn.com
Westminster Portable Toilet Rentals,
Westmont Campbell FFA,westmont.cuhsd.org
Westrax Machinery,westraxmachinery.net
Westside Building Material,westsidebmc.com
Westside Farm & Feed,westsidefarmandfeed.com
Westside Production Rentals,westsideproductionrentals.com
Weststates Crane,
Westwood Power Tools,westwoodpowertools.com
Wetmores,sandiegofriction.com
Wheel Fun Rentals | 24 E. Mason St.,wheelfunrentals.com
Wheeler Machinery Sales,wheelermachinery.com
White's Crane Service,whitescraneservice.com
Whitehead Construction Equipment Rentals,
Whittier Narrows Feed,
Wholesale Equipment of Fresno,wholesaleequipment.net
WholesaleRack.com,wholesalerack.com
Wide Marine & Automotive,
Wiest Rentals and Sales,wiestrentals.com
Wiggins Lift Co Inc,wigginslift.com
Wilcox Brothers Inc,wilcoxap.com
Wilcox Machine Co,wilcoxmachine.com
Wild West Lift Trucks - Forklifts For Sale & Forklift Repair,wildwestlifttrucks.com
Wiley Equipment Co,wileyequipment.com
Wilkinson Aerial Equipment Rental,
Wilkinson International Inc,wilkinsoninternational.com
Williams Equipment Co,
Williamson Aerial Lift Rental,
Willingham Crane Services,
Wilmington Equipment Sales Inc,
Wilson's Feed,wilsonfamilyfeed.com
Wimpey's Pawn Shop,wimpeyspawn.net
Wise Equipment Rental Rentals,
WM Agri Service,agriserviceinc.com
Wolfe Lift Rentals & Transport,
Woodbridge Truck and Equipment LLC,woodbridgetruckandequipment.com
Woodland Party Rentals,woodlandpartyrental.com
Woodland Portable Toilet Rentals,
Works Plumbing Repair & Drain Cleaning,worksplumbing.com
World Ag Expo,worldagexpo.com
World Equipment,worldequipmentllc.net
World of Plaster Equipment Inc,worldofplaster.net
Wurth Louis and Company,wurthlac.com
xitlali party supply,
XL Equipment Sales,
XL LIFTS,xlliftsinc.com
XY Inc,xycontainer.com
Y & Y Event and Party Rentals,yypartyrental.com
"Yale/Chase Equipment and Services, inc.",yalechase.com
Yamada Company Inc,
Yamazen Inc,yamazen.com
Yardbird Equipment Sales,
Yardeni Event Rentals,yardenievents.com
Yellow Enterprise Inc,yellowenterprise.com
Yerevan Truck & Equipment Sales,yerevantruck.com
Yolo Machinery Erectors,
"Yonkers & Johnson, Inc.",
Yorba Linda Equipment Rentals,
Yorba Linda Feed Store,yorbalindafeedstore.com
Yorba Linda Portable Toilet Rentals,
Yoshi Lawn Mower Shop,yoshilawnmower.shop
Your Party Rental Company,yourpartyrentalcompany.com
Yuba City Portable Toilet Rentals,
Yucaipa Auto & Trailer Center,yucaipatrailers.com
Zaravias Party Rentals,
Zelmari Porta Potty Services,zelmariportapottyservices.us
"Ziegler's Hardware & Supply, Inc.",
ZMI Mobility,zmimobility.com
Zuniga's Equipment Rental & Repair Inc,zunigasequipment.com
20/20 Equipment Company,2020equipmentco.com
21st Century Equipment,21stcenturyequipment.com
2360 Industrial LLC,2360industrial.com
2nd Steel Used Parts and Equipment,2ndsteel.com
3000 W Belleview Ave Tool Rental,
303ProLift Crane & Rigging,303prolift.com
4Rivers Equipment,4riversequipment.com
A Crane Company,acranecompany.com
A & H Rentals LLC,
A & J Time Rentals,equipmentrentalsdenver.com
A1 Equipment,a1equipmentrepair.com
ABC Equipment Sales,
"ABS Rents, LLC",absrents.com
Adept Equipment Services,adeptequipment.com
Advanced Equipment Inc,advancedequipmentinc.org
"Advantage Equipment Rental (free delivery, location unattended)",myadvantageequipment.com
Adventure West River Tube Rentals,adventurewestco.com
Aerial Equipment Specialists,
Affordable Forklift Services,
AIS Industrial & Construction Supply - Denver's Largest Inventory of Tools for Pros,aisind.com
ALL PURPOSE RENTAL & SALES,allpurposerental.com
ALL Seasons Power Equipment,allseasonspe.net
All Seasons Rent All,allseasonsrentall.com
All Seasons - Rental . Sales . Service,getallseasons.com
"Alpine Audio Visual, Inc.",
Alpine Crane and Equipment Services Corp.,
Anchor Porta,
Arapahoe Rental,arapahoerental.com
Armor Steel,
Arnold Machinery Company,arnoldmachinerymh.com
Arvada Excavating,arvadaexcavating.com
Arvada Mechanical and Engine Repair,arvadamechanicalandenginerepair.com
Arvada Rent-Alls,arvadarentalls.com
Atlas Machinery Rentals,rentatlasmachines.com
ATS Roll Offs and Rentals,atsrolloffsandrentals.com
Ault Rental LLC,
Automatics & Machinery,automatics.com
"B & C Steel, Inc.",bandcsteel.com
Backyard Dreams,backyard-dreams.com
Bartlett Power & Automation,
BC Concrete Supplies & Equipment,bcconcretesupplies.com
Becks Equipment Solutions,becksequip.com
"Ben Dowd Excavating, Inc",bendowd.com
Best Rental,bestrentalinc.com
Big Bear Engine Company,4btengines.com
Bill Boom Inc,billboominc.com
"Bill's Equipment & Supply, Inc.",billsequipment.com
Blackhawk Equipment Corporation,blackhawkequipment.com
Blue Hat Crane & Equipment Rentals,bluehatcrane.com
Bobcat of the Rockies,bobcatoftherockies.com
Boomer Crane,boomercrane.com
Boulder A.G. Inc.,boulderaginc.com
Boulder Lumber Company,sterlinglbr.com
Boulder Portable Toilet Rentals,
Boulder Rental Resource,
Bounce On,bounceonpueblo.com
Brad's Equipment Rental,bradsequipmentrental.com
Breckenridge Crane Service,breckenridgecrane.com
Broadway Total Power,broadwaytotalpowerenglewood.stihldealer.net
Brocc Equipment,broccequipment.com
Broomfield Rentals,broomfieldrentalsinc.com
Brothers Equipment Rental (Taylor Equipment Rental now doing business as Brothers),brothersequipmentrental.net
"Bucklen Equipment Company, Inc.",
Budget Event Rental Company,budgeteventrental.com
Business Equipment Service,besofcolorado.com
Butt's Rental Inc.,buttsrental.net
BW Crane Services,bwcranes.com
Byrne Equipment Sales,byrneequipmentsales.com
C.A.S Services,casldar.com
Canyon Crane,
"CAP Excavating and Demolition, Inc.",capexcavating.com
Castle Rock City Portable Rentals company,
Castle Rock Rock LLC,castlerockrock.com
Celtic Equipment,celticequipment.com
"Centennial Equipment Co., Inc.",centennialequipment.com
Centennial Portable Toilet Rentals,
Ceros Industrial Services,cerosindustrial.com
Chandler party rentals,chandlerpartyrental.com
CLEAR CREEK EQUIPMENT & SUPPLY COMPANY,sandblasters.us
Colorado Concrete Accessories,concretetools.com
Colorado Crane Operator School,ccoschool.us
Colorado Machinery,
Colorado Mountain Crane,coloradomountaincrane.com
Colorado Outdoor Power Equipment Inc,coloradopowerequipment.com
Colorado Sports Rent,sportsrent.com
Colorado Summit Cranes and Hauling,coloradosummitcranes.com
Colorado Truck Equipment & Parts,northamericantrucktrailer.com
Colorado / West Equipment Inc.,cowest.net
ColoradoLift Equipment Inc.,coloradolift.com
Columbine Equipment,columbineequipment.com
Conveyor Equipment & Supply,rockymtnsupply.com
Coulson Excavating Co,coulsonex.com
Craig's Power Equipment,craigspower.com
Crane Chimney Co,cranechimneys.homes
Crane Games Thornton,
Crane Heavy Haul,freedomheavyhaul.com
Crane & Hoist Sales Inc,
Crane Repair Co,cranerepairco.com
Crane Service Inc,craneserviceinc.com
Crane Services,cranedenver.com
Creative Lifting Services,creativelifting.com
CRP 4X4 Truck OutFitters,crp4x4.com
Crystal Ski Shop,crystalskishop.com
D&D Heavy Equipment,
D&E Sales,detrailersales.com
Da Lift Shop LLC,
DBC Irrigation Supply Highlands Ranch Littleton,dbcirrigation.com
DBE Manufacturing & Supply,dbesupply.com
DEMC DENVER EAST MACHINERY COMPANY,
Denver East Machinery,denvereast.com
Denver Equipment Rentals,denverequipmentrentals.net
Denver Equipment Sales,
Denver Truck Sales & Equipment,denvertrucksalesandequipment.net
Discount Forklift,discountforkliftbrokers.com
Ditch Witch Of The Rockies,ditchwitchrockies.com
(DTE)Diesel Trucking & Equipment LLC,
DTI Trucks,dtitrucks.com
Duffy Crane & Hauling Inc,duffycrane.com
E Built Crane Service,ebuiltcraneservice.com
"Elite Cranes, LLC",elitecranesco.com
Elite Equipment Rental,eliterentals.net
Elliott Equipment Company - CO,elliottequipco.com
Empire Construction Supply,empireconstructionsupply.com
Equipment 4 Rent,
Equipment International,materialhandlers.net
Equipment International LLC,
Equipment Locators,equiplocators.net
Equipment Rental Source,equipmentrentalsource.com
Equipment Savers,equipmentsavers.com
Erix Crane & Rigging,erixcrane.com
ETI Inc.,etiglobal.com
Evergreen Rentals Inc.,evergreen-rentals.com
Everything Truck & Auto Diesel and Performance LLC,eta-dp.com
Faris Machinery Company,farismachinery.com
First Choice Equipment Sales and Service,firstchoicedryingequipment.com
Flat Iron Equipment,
Flessner Tractor Sales Inc,
Forked,
Forklift Select LLC,forkliftselect.com
Forklift Specialists Inc,forkliftspecialists.com
Forklift Systems of Colorado,
Forklifts Sales Rentals,
Front Range Event Rental,frontrangeeventrental.com
"Front Range Kubota, Inc.",frontrangekubota.com
Front Range Landscape and Nursery,frontrangelandscape.com
G&G Equipment,ggeqpt.com
G4 Construction Equipment LLC,g4hyundai.com
Gibbons Erector's Inc,gibbonscranerental.com
"Girardi's Towing, Heavy Haul & Crane",girardisthc.net
Global Machinery,globalmachinery.com
Grand Banquet & Party Rental,grandbanquetandpartyrentalpueblo.com
"Grand Events & Party Rentals, Grand Junction",signatureeventgj.com
Grand Rental Center Inc,grandrentalcenterpueblo.com
Greeley Porta Potty Rentals,
Greeley Portable Toilet Rentals,
GTM Sales,gtmsales.net
Hardline Equipment,hardlineequipment.com
Haul Right Trailer Rentals,haulrightrentals.com
Hause Equipment Inc,hauseequipment.com
Head Crane Service,headcraneservice.com
Henderson Equipment Sales & Rental,heqsr.com
Heritage Landscape Supply,heritagelandscapesupplygroup.com
"HesLift, LLC",heslift.com
Hi-Ball Crane Services,
High Altitude Equipment,highaltitudeequipment.com
Hitches and Wheels for Rent,
Hixon Mfg. & Supply Co.,hixonmfg.com
Horsley Crane LLC,
Hutchison-Western,hutchison-inc.com
Impact Equipment Rentals,impactequipmentrentals.com
Industrial Lifttruck Specialists LLC,
Inland Truck Parts & Service,inlandtruck.com
Innovative Equipment Supply Corp,innovativeequipmentsupply.com
Intermountain Sales of Denver,intermtnsales.com
International Used Truck Center Denver,internationalusedtrucks.com
Iron Mountain Tool & Equipment Rental--Buena Vista,ironmtnrent.com
J W Skid Loader Service,
Jack's Crane Service,
JAX Fort Collins Farm & Ranch,jaxgoods.com
Josephs' Hardware & Home Center,josephs-hardware.com
Joynt Equipment Company,joyntequipment.com
"K.P. Squared, LLC",kpcranerentals.com
KB Equipment Services LLC,kbequipmentservices.org
KB Rentals Colorado,kbrentalsco.com
Keene Tractor & Equipment,
Kois Brothers Equipment Co,koisbrothers.com
Kran,thekran.com
Kubota of Denver,kubotaofdenver.com
Kuhn Knight of Greeley,kuhnnorthamerica.com
"Legacy Tractor Sales & Service, Inc.",legacytractors.com
"Lift Safe Solutions, LLC",cranecred.org
"Lift Solutions, Inc.",liftsolutionsinc.net
Lift-Truck Connections Inc,
Lighting Services,lsidenver.com
Locktech,lovelocktech.com
Longmont City Porta Potty Rentals,
Longmont Outdoor Power Equipment,longmontoutdoorpower.com
Longmont Portable Toilet Rentals,
Loveland Ford Pro Elite Commercial Center,lovefordproelite.com
Loveland Portable Toilet Rentals,
Loyalty Lifts,
Lucky Jay Crane Ltd,lucky-jay.com
Lynch Material Handling,lmhco.com
"Mac Equipment, Inc.",maceq.com
Macdonald Equipment,macdonaldequipment.com
Marini Diesel Inc.,mditrucks.com
Max High Reach,maxhighreach.com
Maxey Trailer Sales,maxeyco.com
MBI - Previously Workwell Loveland,mbiclinics.com
McCandless Truck Center,mctrux.com
McGuckin Hardware,mcguckin.com
"Merritt Trailers, Inc.",merritt-trailers.com
Mesa Hardware,mesahardware.net
Mile High Rental and Sales,milehighrental.com
MK Equipment,mk-rents.com
Mobile Air & Power Rentals,mobileair.com
Mobility & More,mymobility.biz
Moore Lumber & Ace Hardware Castle Rock,moorelbr.com
Moreta Co Inc,moretaparts.com
Mountain Hippo,mountainhipporentals.com
Mountain Power,mtn-power.com
Mountain Rentals,mountainrentalsinc.com
Mountain Truck & Equipment Co,mountaintruck.com
Mountains Reign Equipment,mountainsreignequipment.com
Murray Implement Inc,murrayimplements.com
Next Level Corporation,nxtlvlcorp.com
Nextran Truck Centers,nextranusa.com
NOCO Trailer Rentals LLC,nocotrailerrentals.com
NoCo Truck Center,nocotruckcenter.com
Northern Colorado Feeders Supply,ncfeederssupply.com
NPS Mobile Crane Service,
"Nytech Heating, Cooling, and Plumbing",nytechmetal.com
Orr Construction Equipment Rentals,
Overland Tractor & Supply,overlandtractor.com
Parker Equipment Rental,parkerequipmentrental.com
Parker Portable Toilet Rentals,
Party Rentals Plus,prppueblo.com
Party Zone,bookpartyzone.com
Patriot Forklifts,patriotforklifts.com
Pawnee Leasing Corporation,pawneeleasing.com
Peak Equipment Rentals,peakequipmentrentals.com
Peak Rentals,rentpeak.com
Performance Equipment,pequipment.com
Pikes Peak Tractors,pikespeaktractors.com
Potestio Brothers Equipment,pbequip.com
Power Equipment Company,power-equip.com
Precision Crane and Screeding,precisionscreed.com
Preferred Equipment Company Denver,preferredequipmentco.com
Premier AC Repair Emergency Services LLC,
Premier Outdoor Power Equipment,premieroutdoorpower.com
Prestige Equipment Inc,prestigeequipment.net
Prime Rentals,primerentals.us
PrimeTime Portables & Waste Services Inc.,primetimeportables.net
"Pro Photo Rental, Inc.",prophotorental.com
Productivity Inc,productivity.com
Professional Tree & Turf Equipment,protreeturf.com
Rampart Equipment INC,rampartequipment.com
"Ray's Backhoe Service, LLC",
RC Special Events,rcspecialevents.com
ReadyDig,readydig.com
Reborn Rental,rebornrental.com
Reddy Rentals & Sales,reddyrentals.net
Redeker Excavating LLC,
Redlund Equipment,redlundequipment.com
Reese Skidsteer Rental,
Reliable Towing & Recovery,reliabletowingandrecovery.com
Rent-A-Trailer,rentatrailerservices.com
Reynolds Aerial Equipment Rental,
Rhino Equipment,rhinoequipment.co
Riverbend Equipment,riverbendeq.com
Riverbend Machinery Inc,riverbendmachinery.com
RMS Cranes,rmscranes.com
"Rock Tools Attachments, LLC",rocktools.com
ROCKY MOUNTAIN AUDIO,rockymountainaudio.com
"Rocky Mountain Construction Equipment, acquired by Rocky Mountain Powertrain",rmce.net
Rocky Mountain Crane Service Inc,rockymountaincrane.com
Rocky Mountain Rental Services LLC,rockymountainrentalservices.com
Ron's Equipment - REC Corp,ronsequipment.com
Rusler Implement Co.,ruslerimplement.com
Rusty Rental LLC,rustyrental.com
S&N Lawnmower,s-nlawnmower.com
Safety and Construction Supply,toolandsafety.com
Scott Murdock Trailer Sales,murdocktrailers.com
Sharpe Equipment,sharpeequipment.com
Sill-TerHar Motors,sthmotors.com
SITECH Rocky Mountain,sitechrockymtn.com
SkiBoulder - Alpine Base & Edge,skiboulder.com
Skylift Rentals,coniferskyliftsrentals.com
Southwest Ag Inc.,swaginc.com
Special Trackwork Inc,specialtrackwork.com
Speken Iron & Metal,spekenironandmetal.com
Spitzer Industrial Products,spitzerip.com
Static Fun Jumps!,staticfun.org
Stockyards Ranch Supply,stockyardsupply.com
Street Smart Rental,streetsmartrental.com
SUMMIT MACHINERY SALES LLC,summitmachinery.com
Sunbelt Rentals Aerial Work Equipment,
Taylor's Rental Center,taylorsrentalcenter.com
Tecra Tools Inc / justCASES,tecratools.com
The Backyard,thebackyard.com
"The Big Tool Box and Highlands Garden Center-Centennial, CO",bigtoolbox.com
The Blade Source Inc.,
The Boyz Rentals & Towing,tbzrentals.com
Thornton Portable Toilet Rentals,
Titan Machinery Denver,titanmachinery.com
Titan Outlet Store,titanoutletstore.com
Total Tool Supply - Greeley,totaltool.com
Trailer It Rentals & Trailer Repair,traileritrentals.com
Tri-City Truck & Equipment,tricityequipco.com
Tuel Tractor Co,tueltractor.com
"U.S. Tractor & Harvest, Inc.",ustractor.com
United Equipment Funding,unitedequipmentfunding.com
Unlimited Equipment Sales,uesales.net
Used Equipment Company,usedequipco.com
Varner Equipment,varnerequipment.com
Vermeer Colorado,vermeercolorado.com
Walker Manufacturing Company,walker.com
Wazee Crane,wazeecrane.com
Wear Parts and Equipment Co. Inc.,wearpartsco.com
Welch Equipment Company,welchequipment.com
"Western Equipment and Truck, Inc.",wetrucks.com
Western Hoist & Crane LLC,westernhcco.com
Western Implement Co,westernimplement.com
Western Material Handling,abetterforklift.com
Westside Crane & Millwright,
Westside Feed & Mercantile,westsidefeed.net
Wickham Tractor Co.,wickhamtractor.com
Wild Birds Unlimited,arvada.wbu.com
Wisdom Crane,wisdomcrane.com
WLH Equipment LLC,wlhequipment.com
Worldwide Machinery,worldwidemachinery.com
Xtreme Crane,xtremecrane.com
You Can Home Medical Supplies,youcanhomemedical.com
Ziggylift,ziggylift.com
909 Washington St Tool Rental,
A & A Crane and Rigging LLC,aacraneandrigging.com
A & A II / ABLE INC,aanda2.com
"A&D Equipment, Inc.",aanddequipment.com
A Lined Handling Systems Inc,a-lined.com
A Plus Audio Visual,aplusaudiovisual.com
A Quick Pick Crane & Rigging Service,aquickpickcrane.com
A to Z Power Equipment,atozequip.com
A to Z Rental- North Haven,atozrentalct.com
"AAA Band Rentals (Instrument Rentals – Norwalk, CT)",aaabandrentals.com
AAA Mobile Boiler,aaamobileboiler.com
Aaron Supreme Storage Container Company,aaronsupreme.com
"ABC Supply Interiors, Inc.",abcsupplyinteriors.com
Able Tool and Equipment,abletool.net
Accurate Crane Services LLC,accuratecranect.com
ACE Rent A Car,acerentacar.com
Action Equipment Rental & Sales,actionequipmentrentalinct.com
Active Equipment Rental,activeequipmentrentals.com
Adams Construction Equipment Rental,
Advanced Equipment Rentals,advancedequipmentrentals.com
Advanced Power Equipment,advanced-power-equipment.com
Aero Crane Services Inc,aerocrane.net
Affordable Equipment Rental LLC,aerentalct.com
AirWaveEnt,airwave-ent.square.site
Al Preston's Garage,alprestonsequipment.com
Alliance Used Truck Center,atphartford.com
American Ladders & Scaffolds Inc.,americanladders.com
Anderson Machinery Co in CT,usedmachinery1.com
Andys Towing Service LLC,andystowingservicellc.com
Anzy's Lawn Mower Services,
Arbor Green Tree Service,arborgreentreeservices.com
Arnco Crane Services Inc,
Arnold's Equipment Rentals,arnoldsrentalsct.com
AV Equipment Rental,
AWP Safety,awpsafety.com
Bahner Lawn & Forest Equipment,
Bauer Inc,bauerct.com
Berkshire Forklift,berkshireforklift.net
Bethel Power Equipment,bethelpower.com
Blasius Chevrolet,blasiuschevrolet.com
Blasius of Bristol,blasiusofbristol.com
Bob's Equipment Services,
Bob's Services llc,bobsservicesct.com
Bongiorno Trucks For Export,trucksforexport.com
Bonuz Boom Lift Rental,
Bounce Blast LLC,bounceblastllc.com
Bounce Family CT,bouncefamilyct.com
Bounce Party Express,bouncepartyexp.com
Brandman's Power Equipment LLC,brandmanspowerequipment.com
BreMar Rental,bremarrental.com
Bridgeport Live Poultry,
Bristol Motors LLC,bristolmotorsct.com
Broad Brook Service LLC,broadbrookservice.com
BRONX WHOLESALE CENTER GROUP. RESTAURANT AND SUPERMARKET EQUIPMENT,bwcrefrigeration.com
Bures Brothers Farm Equipment,
Butler Equipment LLC,butlerequip.com
C Z Equipment LLC,czequipment.com
Cable Management,cablemanagementusa.com
Cece party Rental,myqrcode.mobi
Centi's rental,centisrental.com
Central Connecticut Equipment Rentals,centralctrentals.com
Centric Outdoor Power Equipment LLC (Centric Repair),centricrepair.com
Chadwick-BaRoss,chadwick-baross.com
Chantlos Party Rentals,
Chase Equipment Corporation,chaseequipmentcorp.com
City True Value,citytruevalue.com
CJ's Small Engine Repair,
"Climate Care, LLC",climatecarect.com
CMI Sound Systems,cmisoundsystems.com
Coastal Tool & Supply Corporation,coastaltool.com
Cofiell's Sport & Power Equipment,cofiells.com
Colony Hardware,colonyhardware.com
Connecticut Forklift LLC,connecticutforkliftllc.com
Connecticut Lawn Equipment Inc,
Connecticut Power & Sport,ctpowerandsport.com
Connecticut Rental Center,ctrentalcenter.com
Connecticut Scaffolding,connecticutscaffolding.com
"Contractors Supply, LLC",contractorssupplyllc.com
COR Equipment Sales,
Cormidi USA,cormidiusa.com
Crane America Services Inc,
Crane Company,craneco.com
Crane Wood Sales,cranewoodworking.com
CT Crane & Hoist Services,ctcrane.com
CT Mowers by Collinsville Power Equipment,ctmowers.com
"Cyclone Rake - Woodland Power Products, Inc.",cyclonerake.com
Danbury Automotive Lifts,danburyautomotivelifts.com
Danbury City Porta Potty Rentals,
Danbury Portable Toilet Rentals,
"Decker CAT Rental Store - Equipment & Tool Rental | Bridgeport, CT",deckercatrentalstore.com
"Decker CAT Rental Store - Equipment & Tool Rental | Danbury, CT",deckertoolrental.com
Digger Excavation,diggerexcavationct.com
Doc's Rentals,thedocrents.com
Donahue and son llc,donahueandsonltd.com
"Dubay's Tractor Center, LLC",dubaytractor.com
Durants Party Rentals,durantsparty.com
Eagle Rigging & Equipment Movers,eaglerigging.com
"East Coast Crane & Aerial Services, LLC",
"Eastern Rigging Supply Co., Inc.",easternrigging.com
Electrical Wholesalers Inc. - Central Distribution Center,ew-ct.com
Equip Sales and Leasing Corporation,equip-sales.com
"Equipment Maintenance, Inc.",equipmentmaintenance-ct.com
Equipment Mart of Ny Inc,
Equipment Specialists,es-ct.com
"Evolution Forklift, LLC.",evolutionforklift.com
Expert Rental (formerly Taylor Rental),expertrentalct.com
Express Rental,expressrentalct.com
F & W Equipment Corporation,fwequip.com
Fairgate Farm,fairgatefarm.com
Fancy Parties CT,fancypartiesct.com
"Faris Rental, LLC",faris-rental.ueniweb.com
"Feigenbaum & Nair Scrap Metal Processing, LLC",fnscrapmetal.com
Film and video,
"Finch Turf, Inc",finchturf.com
Forklift Service & Sales,
"Foskett Equipment, Inc",foskettequipment.com
Frank Compo & Sons Inc,frankcompoandsonscranes.com
Freightliner of Hartford - Parts,freightlinerofhartford.com
"G&H Equipment and Sales, LLC",ghequip.com
GA Tree Service,gatreeremovalservices.com
"Gabrielli Truck Sales & Service, Hartford",gabriellitruck.com
Garra Equipment LLC,garraequipment.com
General Crane Service,generalcranect.com
General Rental of Tolland LLC,generalrentaloftolland.com
Germain B&T Party Rentals,germainpartyrentals.com
Girard Ford,girardfordautosales.com
"Goff's Equipment Service, Inc.",goffsequipment.com
Great Rate Rentals,greatraterentals.com
Grillo Services,grilloservices.com
Grunder's Farm Equipment,grundersfarmequip.com
Hariton Machinery Co Inc,haritonmachinery.com
Harry’s Party Rentals LLC,harryspartyrentals.net
"Hartford Truck Equipment, Inc.",hartfordtruck.com
Healy Crane Services,
hearINsound LLC,
Highline Crane & Rigging,highlinecrane.com
Hilltop Heavy Equipment,hilltopheavy.com
Ideal Engine & Mower Service,idealengineandmower.com
IH Rental,ihrental.com
Indeco North America,indeco-breakers.com
Industrial Engineers Inc,industrialengineersinc.com
"Industrial Riggers, Inc.",industrialriggers.com
Ingersoll Auto of Danbury,ingersollautoofdanbury.com
InterQuip USA,interquip.us
Interstates Finest Trucking and Services,ifinesttrucking.wixsite.com
Iron Horse Power Equipment,ironhorseequipmentct.com
J&J Brothers,jj-bros.com
J&R Party Rentals,jrpartyrentals.com
Jack's Rigging & Machinery Sales,jacksrigging.com
JC Crane LLC,
JJAllureRentals,jjallurerentals.com
Jolly John's Truck & Equipment LLC,jollyjohnsequipment.com
Jukonski Services LLC,
Jukonski Truck Sales,trucksellers.com
Jump N Bounce Fun LLC,jumpnbouncefun.com
JustStorage,justselfstorage.com
K & H Equipment Sales Rental Service,khconstructionllc.com
Kahn Tractor & Equipment INC,kahntractor.com
Keith's Appliances,keithsappliances.com
Kent Skidsteer Rentals,
KJ Brands Appliance,kjbrands.com
Knight's Inc,knightsinc.com
Komatsu Danbury,komatsuamerica.com
"L and S Equipment, LLC.",landsequipment.com
Land N' Sea PowerSports,landnseapowersports.net
Liberty Dumpster Rental,libertydumpsterrental.us
Lock Stock & Barrel,lsbfarmsupply.com
Logan Steel / Meriden Ct.,logansteel.com
Loo Haven,loohaven.com
M&H Equipment Service LLC,mhpowerequipment.com
Machinery International Corporation,machyintl.com
Manca Thumbs and Attachments,mancathumbs.com
Marino Crane,
Materials Handling Systems Inc,materialshandlingsys.com
Mattatuck Industrial Scrap Metal,mattatuckscrap.com
"Mazzotta Rentals, Inc.",mazzottarentals.com
"McClain & Co., Inc. - NE Region",mcclain1.com
McMahon Ford,mcmahonfordnorwalk.com
Mechanic Street Gear House,
"Medway Transportation, LLC",medwaytransportation.com
"Meriden Party Rentals, LLC",meridenpartyrentals.com
Meriden Portable Toilet Rentals,
Merit True Value Hardware,merithardwareinc.com
Michaud Rents,michaudrents.com
Mideast Equipment & Auctions,mideastequip.com
Midstate Tractor & Equipment Co,
Milford Portable Toilet Rentals,
Morgan Construction Extinguisher Equipment Rental,
"Muench Company, Inc.",
Namtec Industries LLC,shop.namtecindustries.com
Neco Systems,
New England,
New England Heavy Equipment,neheavyequip.com
New England Power Equipment,nepeinc.com
New England's Slingshot Rentals..,ctslingshotrental.com
New England Tractor,newenglandtractor.com
New Haven Masonry & Building Supply Inc,newhavenmasonrysupply.com
New Haven Scaffolding Inc,
Newtown Power Equipment,newtownpowerequipment.com
Next Equipment Rentals,nextrents.com
Nifty City Party Rentals,niftycitypartyrentals.com
Nor’East Equipment,noreastequip.com
North America Equipment,northamericaequipment.com
North Mill Equipment Finance LLC,nmef.com
Northeast Industrial Truck,forkliftputnam.com
Northeast Machinery LLC,northeastmachinery.com
Northeast Tool Distributors,netooldistributors.com
Northeast Towing & Transport LLC,northeast-towing.com
Norwalk City Porta Potty Rentals,
Norwalk Lawn & Outdoor Power Equipment,ltlandscapingmasornyllc.com
Norwalk Portable Toilet Rentals,
Norwich Porta Potty Rentals,
O&G Showroom & Mason Supply Store,ogind.com
Overhead Door Company of Norwich CT,overheaddoorct.com
Pace Form Rentals,paceformrentals.com
"Paragon Luxury Services, LLC",paragonluxuryservices.com
Park City Power Equipment,parkcitypower.com
Pavement Recyclers,pavementrecyclers.com
Perez Construction Equipment Rentals,
Perreault Spring & Equipment Inc,perreaultspring.com
Pioneer Dumpster Rental,pioneerdumpsterrental.us
Power Cover USA LLC,powercover.com
Power-Plus Equipment & Motorsports,
PowerLiftX | Forklifts + Excavators,powerliftx.com
Precision Devices Inc,precisiondevices.com
PrimeLux Party Rentals,primeluxevents.com
Pro Landscape Supply,prolandscapesupply.com
Pro Mower Power Equipment,
Production Equipment Co,productionequipmentcompany.com
Professional Party Rental,propartyrentalct.com
Quality Cranes,qualitycranes.com
Ray Van Tent & Equipment,rayvantents.com
Rick's Tree Service LLC,rickstreeservicellc.squarespace.com
"River East Power Equipment, LLC",powerequipmentct.com
"River Valley Equipment, LLC",rivervalleyequipmentllc.com
Robinson Construction Equipment Rentals,
Rockville Equipment Inc.,rockvilleequipment.com
Rooke Rentals,
"Ruwet- Sibley Equipment, dba R & S RENTALS & SALES",ruwetsibley.com
Sanitary Equipment Company Inc,sanitaryequipment.com
Saybrook Rentals,saybrookrentals.com
SCAVIN Equipment,scavinequipment.com
Schmidts & Serafines by Superior,schmidtspower.com
Schwartz Construction Equipment Rental,
Seaview Equipment Sales & Rental,seaviewequipment.net
Setaro Motors Inc,setaromotors.com
Shamrock Power Rental & Services LLC,shamrockpowerrentals.com
Shark Equipment Rental,sharkrents.com
Shelton Porta Potty Rentals,
SmartEquip Inc.,smartequip.com
"Smedley Aerial Lifts & Industrial Services, LLC",smedleyaerial.com
Smedley Co,smedleycrane.com
Sno-White Equipment,sno-whiteope.com
Sparks Skidsteer Rental,
SSR Equipment Inc,ssrequipment.com
Stamford Lawn Equipment LLC.,stamfordlawneq.com
Stamford Portable Toilet Rentals,
Stamford Tools & Equipment Rentals,stamfordtoolrentals.com
Stanley & Sons Services,stanleysonsservices.com
"Starlift Equipment Company, Inc.",starlift.com
Steelwrist Inc,steelwrist.com
Stevie D Entertainment,steviedent.com
Stewart & Stevenson Atlantic,stewartandstevenson.com
Sullivan Industrial Services & Rigging,sullivanindustrialservices.com
Summit Crane Co. Inc,summitcraneco.com
Summit ToyotaLift,summithandling.com
Super Partyland LLC,superpartyland.com
Superior Equipment & Supplies,superioreqs.com
Superior Products,superiornetwork.com
"Superior Products Distributors, Inc",spdionline.com
Superior Rental HQ,superiorrental.com
T&G Sales and Service LLC,tandgsalesandservice.com
Tarka Boom Lift Rental,
Taylor Rental Center,norwalktaylorrental.com
Taylor True Value Rental,westbrooktaylor.com
"The Farm Store, LLC",thefarmstorect.com
The Granite Group,thegranitegroup.com
The Law Offices of Neil Crane LLC,ctbankruptcyattorneys.com
The Star Supply Company,star-supply.com
The W. I. Clark Company,wiclark.com
Thomaston Power Equipment,thomastonpower.com
TOPLINE RENTAL,toplinerents.com
Torrington Forming Machinery Inc.,torrington-machinery.com
Tree Wise Guys of CT LLC,treewiseguysct.com
Tri-Lift Inc,triliftinc.com
Tri-Valley Equipment Inc,trivalleyequipment.com
Tyler Equipment Corp,tylerequipment.com
U.S. Heavy Equipment LLC,usheavyequipmentllc.com
UHI Machinery US,uhimachinery.com
United Staging & Rigging,unitedstaging.com
Universal Body & Equipment Co,universal-body.com
US Earthmoving Machinery,usearthmovingmachinery.com
Viking Supply Co,
Vumbaco's Quality Lawn Care,qualitygardenct.com
Walker Crane & Rigging Corporation,walkercrane.com
Waterbury Portable Toilet Rentals,
Wesco Inc. | Tractors and Equipment,wesco-inc.com
"West-Conn Tool & Die, Inc",westconntool.com
West End Power Equipment,westendpower.com
West Haven Portable Toilet Rentals,
Westview Tractors,westviewtractors.com
Wheel It Forward,wheelitforwardusa.org
Woodbury Tractor Co,woodburytractor.com
Yuchai Americas,yuchaiamericas.com
Yurchiak Boom Lift Rental,
Zarnowski Power Equipment,
A. A. Rental,aarental.com
Allen Mitchell & Co,allenmitchell.com
Arynne Crane - The Crane Group at RLAH Real Estate,arynnecrane.com
Capitol Building Supply,cbsi.net
Crane Service Co Inc,
"Curtis Equipment, Inc.",curtisequip.com
DC Party Rental Supplies,dcpartyrentalsupplies.com
DC Supply Inc,dc-supplyinc.net
DLL Scaffolding,dllscaffolding.com
Equipment Leasing and Finance Association,elfaonline.org
Event Technology Solutions,etsaudiovisual.com
Express Mobility Services,expressmobilityservices.com
Goldin & Stafford Inc,goldinandstafford.com
Infinite Equipment,
Lenox Medical Supply,lenoxmedicalsupply.com
"Mitsubishi Heavy Industries America, Inc.",
New Holland,
"Omni Excavators, Inc.",
SMERFEvents AV & Lighting Rental,smerfevents.com
Thos. Somerville Co.,tsconline.com
Tool Rental,
Van Tech Industries LLC,vantechindustries.com
Washington Air Compressor Rental Co.,washair.com
227 RENT,227rent.com
Active Crane Rentals Inc,activecrane.com
"All About That Bounce, Dover, De.",
All Roads Trucks - Dover,allroadstrucks.com
Allan Myers - Dover Equipment Shop,allanmyers.com
Altifarm Enverde LLC,altifarm.com
Armiger's Auto Center Inc. II,armigers.com
"Athenia Mason Supply @ Angerstein's Building Supply, Fireplace and Lighting Center",atheniamason.com
Backyard Adventure Rentals,backyardadventurerentalsde.com
Barton's Rental & Supply,bartons.pro
Bayshore Truck Center,bayshoretrucks.com
Burke Equipment Company,burkeequipment.com
Commercial Equipment Service Inc.,commercialequipmentserviceinc.com
Contractors Materials LLC,
County Line Crane Service,
"David A. Banks, Inc.",davidabanks.com
DC Cranes LLC,
Deerness Machinery,deernessmachinery.square.site
Delaware Crane,delawarecrane.com
Delaware Equipment Rental,delawareequipmentrental.com
First State Crane Services Inc,firststatecrane.com
First State Lift Truck - Used and Refurbished Forklifts,firststatelifttruck.com
First State Tool Rentals,firststatetoolrentals.com
Flanagan's Crane & Rigging,flanaganscrane.com
Fleet Titans,fleettitans.com
Foulk Lawn & Equipment Inc,foulklawn.com
Fused Equipment,fusedequipment.com
JAA’s Crane Service and Equipment,overheadhoistandcrane.com
King Farm (Animal Feed & Livestock Supplies),justplainbusiness.com
Lifting365 USA - Lifting & Material Handling Products Supplier,us.lifting365.com
M&M EQUIPMENT SALES,heavyequipmentde.com
Marydel Ag Supply,marydelag.com
MELGAR EQUIPMENT LLC,
Middletown Equipment Rental,middletownequipment.com
Milford City Porta Potty Rentals,
Mobile Mechanical Services,
NLS machinery,nlsmachinery.com
Pro-Lift Inc.,pro-liftinc.com
"Rent Equip & Party Central of Ocean View, DE",toolandpartyrentalsde.com
Rhinox Group Ltd,rhinox-group.us
Selbyville Tractor & Equipment,selbyvilletractorde.com
Southern States - Milford Cooperative,milfordsouthernstates.com
Standard Industrial Supply Co. Inc.,
State Line Machine Inc,statelinemachine.com
Suburban Lawn Equipment,sublawneq.com
Superior Equipment rental,superiorequipmentrental.com
Taylor & Messick Inc,taylormessick.com
ToyotaLift Northeast,toyotaliftne.com
Tri State Lift Truck,
UNITED STATES POWER EQUIPMENT LLC,uspowerequip.com
"W. C. Littleton & Son, Inc.",wclittleton.com
Woodward Outdoor Equipment,woodwardoutdoor.com
10 Garden St N Tool Rental,
123 Party Rentals,123partyrentals.com
15885 Rick Case Honda Way Tool Rental,
27TH TRUCKS INC.,27th-trucks.com
2M Equip Miami,2mequipmiami.com
2M Equipment LLC,2mequipment.com
305hookup lift rentals,305hookup.com
407 EQUIPMENT SALES LLC,
4K LIFT LLC,4k-lift.com
A-1 Crane Service & Rigging. INC,
A-1 Heavy Equipment Corp,a-1heavyequipment.com
A-1 of Melbourne,a1ofmelbourne.com
A.A. Casey Co.,aacasey.com
A&B Bounce Party Rentals,abbouncepartyrentals.com
A-Best Forklift & Hydraulic,abestforklift.com
"A Cleaning Supplies and Rentals, INC",acleaningsuppliesbroward.com
A & E Rentals,aerents.com
A Fernandez Crane Service,
A & G Equipment Rentals LLC,
A.I.T. Industrial Shelving Racks & Equipment,industrialshelvingracksequipment.com
A&J Equipment Services,ajequipmentservices.com
A-OK Crane Service Inc.,aokcraneservices.com
A Party World Rentals,apartyworldrentals.com
A Plus Crane Service,
A Plus Trailers Inc,954trailers.com
A to Z Mower Inc,atozmower.com
A To Z Rental Center,atozrentallakeland.com
A To Z Rentals & Sales,atoz-bradenton.com
A Tractor Works,atractorworks.com
a2z equipment rental,a2zequipmentrental.com
"AAA Forklifts, Parts & Service",aaaforklifts.com
AAA Restaurant Equipment,
AAA Tool & Saw Services,aaatool.net
ABC Baby and Beach Equipment Rentals,abcbabyrental.com
ABC Companies,abc-companies.com
ABC RENTALS,abcrentalequipment.com
ABD EQUIPMENT & PARTS LLC,abdequipment.com
"Ability Cranes, Inc",
Able Lawnmower Sales & Service,ablelawnmowersales.com
Above all rental equipment,rentaboveall.com
Abra Forklifts,abraforklifts.com
Accord Home Medical Equipment,accordhomemedical.com
Ace Rental Place,lantanaacehardware.com
Ace Skidsteer Rental,
Acosta Tractors Inc,
ACR Cranes Llc,
Action Forklift Inc.,
"Action Truck & Equipment, Inc.",actiontruckandequipment.com
"ADA Lift Rentals of America, LLC.",adaliftrentals.com
ADAPT WASTE Dumpster Rentals,
Adcock Cranes,adcockcranes.com
ADE Repair LLC,aderepair.com
Advanced Material Handling Systems,advancedmhs.com
Advantage Restaurant Equipment,advantagerestaurantequipment.com
Affordable Equipment Inc,
Affordable Medical Supply,affordablemedical.com
Affordable Mowers,affordablemowers.net
Affordable Party Rentals,
Aftermarket.Express,aftermarket.express
Ag-Pro,agprocompanies.com
Ag-Pro,agproco.com
Agri Machinery & Parts,ouramp.com
Agricon Equipment,kubotasuperstore.com
Agrotec International,agro-tec.com
Air-Masters Rentals,airmastersrentals.com
AJL Trucks,ajltrucks.com
"Albaladejo Group LLC, Mobile Truck & Equipment Repair",
Alibech Rentals Ride llc,alivmore.wixsite.com
All American Crane & Rigging,allamericancrane.com
All Around Fun Rental,allaroundfunrental.com
All-Bounce Entertainment,all-bounce.com
All Equipment Repairs and Services,allequipmentrepairsandservices.com
All Hooked Up Towing,allhookeduptowing.com
"All in 1 Bounce, LLC",allin1bounce.com
All In One Equipment Repair INC,
All Land & Equipment,
ALL PARTS MACHINERY,allparts.expert
All Points Equipment LLC,allpointsequipmentsales.com
All Pro Equipment Sales and Rental,tallahasseeallpro.com
All Quality Equipment,allqualityequipment.com
All Quality Forklifts,allqualityforklifts.com
All Roads Kenworth - Fort Lauderdale,allroadskenworth.com
All Roads Kenworth - Fort Pierce,kenworthsf.com
All-Star Equipment,
"All Star Equipment Rental | West Palm Beach, FL",allstarequiprental.com
All Star Equipment Rentals and Sales,allstareq.com
All Terrain Tractor Services,allterraintractorservice.com
"All World Lift Truck Co., LLC.",allworldlifttruck.com
Allegiance Crane & Equipment,allegiancecrane.com
Allright Machinery Corp,sunergyeq.com
Allstar Building Materials Ltd.,allstarbuilding.com
Alltool Rental Co.,alltoolrental.com
"Almeida Forklifts | Repairs, Sales & Rentals",almeidaforklifts.com
"Alpha Equipment Services, LLC",alphaequipmentrentals.com
Alpha Lift Trucks,alphalifttrucks.com
Alquip Agricultural,
Alr Heavy Equipment Corporation,
Altamonte Springs AC Repair,
Altamonte Springs Porta Potty Rentals,altamontespringsportapottyrentals.com
Altamonte Springs Portable Toilet Rentals,
ALVINTER LLC - Port Equipment Spare Parts,alvinter.com
Always Jumpin Party Rentals/Bounce House and Waterslides,alwaysjumpinpartyrentals.com
American Equipment Rental Inc,
American Forklift Rental,americanforkliftrental.com
American Forklift Training,americanforklifttraining.com
american industrial truck service,
AMERICAN IRON LLC,americanironus.com
American Pride Rental Equipment And Sales,ampride.store
American Trucks and Equipment Of Florida,americantrucksandequipment.com
AmeriQuest Used Trucks,ameriquestusedtrucks.com
AMP Trailers,amptrailers.com
Anncar Equipment & Parts,anncarequipment.com
Anytime Production Rentals Inc,anytimerentalsmiami.com
Apex Equipment,apexequipment.com
Apex Event & Party Rentals,apexpartyrentals.com
Apex Forklift Sales and Repair,apexforklift.com
Apopka Mower and Equipment Repair,apopkamower.com
Apopka Portable Toilet Rentals,
Approved Equipment Inc,approvedequipmentflorida.com
APT Machine Tools,aptmtools.com
Aqua Soft Water Systems Inc,aquasoftpalmbeach.com
ASI 3 Commercial Equipment Auctions,asi3auctions.com
Aspen Ridge Dumpster Rental,aspenridgedumpsterrental.us
Asphalt Kingdom,asphaltkingdom.com
Assurance Power Systems,assurancepower.com
Astro Crane & Hoist Services Inc,
AT Machinery Inc.,at-machinery.com
Atlantic Equipment,atlanticasphalt.com
Atlantic Fork Lifts & Parts,atlanticforklifts.com
Atlas Construction Equipment Services,tool-equipment-repair-tampa-bay.com
Atlas Event Rental - Boynton Beach Event Rentals,atlaseventrental.com
"Attaway Crane Service, LLC",
Austin Crane Service,
AutoNation Chevrolet Greenacres,autonationchevroletgreenacres.com
AutoNation Toyota Weston,autonationtoyotaweston.com
Aventura Portable Toilet Rentals,
AW Cranes,awcranes.com
B & C Crane Services Inc,
B.G Small Engine Service Shop,smallengineserviceshop.com
B & S Crane Service,bscraneservice.com
"B&Z Crane Services, Inc.",
Backyard Party Rentals,backyardpartyrentalsfl.com
Bam Discount Restaurant Equipment,bamrestaurantequipment.com
Barber Construction Equipment Rental,
Barcelona Equipment Crane Rental Tampa Bay,barcelonacrane.com
Baron Crane,baroncrane.us
"Barry's Power Equipment, Inc.",barryspowerequipment.com
Bass Bucket Truck Rental & Tree Services,
"Bay City Forklift, Inc",baycityforklift.com
Bayside Bounce and Party Rental LLC,baysidebounce.com
Bayside Crane & Rigging Services,
Bayside Machinery,
Be Active Mobility and Equipment,beactivemobility.com
Beach Equipment Rental Esteban's Place,estabansplace.com
Beach Equipment Rental Esteban's Place,estebansplace.com
Beard Equipment Company,beardequipment.com
Ben's Crane Service Inc.,
Benitez Used Forklift Rental Sales Repair Corp,benitezforklift.com
"Bennett Equipment Rentals, LLC",bennettequipmentrental.com
Best Deal Party Rental Cape Coral,partyrentalbestdeal.com
"Best Fork Lift Parts, Inc.",
Best Rental Center,bestrentalcenter.com
Best Used Machines,bestusedmachines.com
Better Party Rentals,betterrentals.net
Beyel Brothers Inc - Orlando,beyel.com
Biaggi Scaffold Rental,biaggiscaffoldrental.com
Big Bounce Energy,bigbounceenergy.com
Big Dumpz Inc.,bigdumpz.com
Big Gus Tractor & Equipment,biggustractor.com
Big Kahuna Marine & Transport,bigkahunamarine.com
Big Yellow Steel,bigyellowsteel.com
BIK Boom Trucks SE,bikboomtrucks.com
Bills Equipment & Rentals II Inc,billsequipmentandrentals.com
Bishop Supply Inc,bishoptools.com
Bitter Blue Lawn & Garden,instagram.com
Black Creek Tractor & Equipment,blackcreektractor.com
Black Flag Watersports,blackflagwatersports.com
Blades Direct,bladesdirect.net
Blanchard Machinery,blanchardmachinery.net
Blue Coast Trailer Rentals,bluecoasttrailerrentals.com
BLUE GREEN CLEANERZ LLC,bluegreencleanerz.com
Boat Outfitters,boatoutfitters.com
Bob's Bobcat Services Inc,
Bob's Boom Truck Inc,
Bob's Discount Marine Supply,bobsdiscountmarine.com
Bob's Discount Mower Repair,
Bob's Lawnmower Sales and Service,bobslawnmowerservice.com
Bobby Clifton Tractor Services,
Bobcat of Broward,sbequipment.com
"BOBCAT OF METRO DADE, INC.",bobcatofmetrodade.com
Bobs crane service llc,
Boca Power Systems Inc,
Boca Raton Portable Toilet Rentals,
Boca Trailers,bocatrailers.com
Boltz Equipment Inc,boltzequipmentparts.com
Bonita Springs Portable Toilet Rentals,
BOOMCO EQUIPMENT,boomcoequipment.com
BOOMEQUIPMENT,boomequipment.com
Boring & Associates,
Bouck Equipment llc,bouckequipmentllc.com
Bounce 24 party rentals,bounce24partyrentals.com
Bounce Around Rentals,bouncearoundrentalsfl.com
Bounce House Cape Coral,bouncehousecapecoral.com
Bounce N Around Rentals,bouncenaroundrentals.com
Bounce Nation LLC,bouncenationhq.com
Bounce Party Rentals,bouncepartyrentals.com
Bounce Rite Back Party Rentals,brbpartyrentals.com
Bounce USA Party Rentals,bounceandslideinflatables.com
Bouncers and more,bouncersmore.com
BOUNCING BEEZ INFLATABLES- Bounce House Rentals,bouncingbeez.com
Bouncing Fun Factory LLC,yourbouncehouse.com
Bouncy Kids,bouncykids.com
BouYah Watersports - Fontainebleau Miami Beach,bouyahwatersports.com
Boynton Beach Porta Potty Rentals,
Boynton Beach Portable Toilet Rentals,
Boynton Lawn & Garden Equipment,boyntonmower.com
BP Equipment Services Inc.,
Bradenton Outdoor Equipment,
Bradenton Rent All,bradrent.com
Bradley Boom Lift Rental,
Brandon Lift Service Inc,brandonliftservice.com
Brayan Towing LLC,brayantowing.com
"Brevard Feed & Seed, Inc",brevardfeed.com
Briggs Aerial Equip Rental,
Briggs JCB,briggsearthag.com
Brinsea Products Inc,brinsea.com
Brock Services,brockgroup.com
Broedell Plumbing Supply Inc.,broedell.com
Broken Blade Mower Parts (Service and Repair),bbmowerparts.com
Brooker Equipment,brookerequipment.net
Brooks Construction Equipment Rental,
Broward Motorsports Fort Lauderdale,browardmotorsportsftlauderdale.com
Broward Motorsports Jupiter,browardmotorsportsjupiter.com
Brower Equipment Sales,broweronline.com
Brown Equipment Company,becfl.com
Buck's Lawnmower Shop,buckslawnmowershop.net
Budget Tractor Rental,
Bulldog Equipment Rental & Supply,bulldogequipmentrentalsupply.com
Burkhard's Tractor,burkhardstractor.com
Butler lift truck service,
Butler Pro Rentals • Trailers • Dumpsters • Equipment • Junk Removal •Material Delivery,butlerprorentalsfl.com
Buy Manlifts,
BW Tractor RESTORATION & REPAIR,
C & C Crane Works,brevardcrane.com
C & C Enterprises,cc-enterprises.net
C&M Tractor LLC,cmtractorllc.com
C&T Party Rentals,candtpartyrentals.com
Cadel Truck Sales,cadel-global.com
Cal's Lawn Equipment & Repair,
Calisto Rental | Equipment Rental Pompano Beach,calistorental.com
Callidon Equipment,callidonequipment.com
Camejo Crane,camejocrane.com
Cape Coral Chrysler Dodge Jeep Ram,capecoralchryslerdodgejeepram.com
CAPE CORAL EQUIPMENT LLC,capecoralequipment.com
Capital Pawn - Cape Coral,firstcash.com
Car Carrier Supplies,carcarriersupplies.com
Carlos Vasquez Cruz Equipment and Parts,
Casa Sol Stuart,
CASCO Tools,cascotools.com
CASE Power & Equipment of Florida,casepowered.com
Casey Aerial Equip Rental,
Cashman Machinery International,
Causeway Mowers & Lawn Supplies,causewaymower.com
Central Fl Equipment Rental,
Central Florida Arborcare,centralfloridaarborcare.com
Central Florida Bobcat Services,
Central Florida Equipment,cfequipment.com
Central Florida Equipment,cflequipment.com
"Central Florida Forklift, Inc.",centralfloridaforklift.com
Central Florida Lawn Equipment,centralfloridalawnmower.com
Central Hydraulics,cenhyd.com
Central Mowers Outdoor Power Equipment,centralmowersope.com
Cepero Scaffolding Group,
Certified Boom Repair Service,certifiedboomrepair.com
Certified Equipment Service,certifiedequipmentservice.com
Certus Industries,certusequip.com
Chadwell & Sons,chadwellandsons.com
Chandler Equipment,chandler-equipment.com
Chenango Supply Co Inc,chenangosupplycompany.com
Cherry's Party Rentals,cherryspartyrentals.com
Cima Cranes LLC,
Clark Forklifts,wej-fl.com
Clark Tractor Co,clarktractorcompany.com
Claudia's Party Rentals,claudiaseventrentals.com
Claydon Equipment Rental,
Clearwater Fun Rentals - Escooters and Ebikes,clearwaterfunrental.com
Clearwater Porta Potty Rentals,
Clearwater Portable Toilet Rentals,
CNC Heavy Equipment Repair,
Coastal Equipment Rental,coastalequipmentrental.com
Coastal Equipment Sales & Service,coastalequipmentsales.com
Coastal Equipment Systems,coastalequipmentsystem.com
Coastal Instrument & Supply,
Coastal Island Adventures Sarasota Jet Ski Rental,jetskirentalsarasotaflorida.com
"Coastal Lift Truck & Equipment,Inc.",coastallifttruck.com
Coastal Machinery & Attachments Inc.,coastalmachines.com
Coastal Marine Trailer Rental and boat transport,cmtrailerrental.com
Coastal Rental Center,coastalrentalcenter.com
Coastal Tool Rentals,coastalrents.com
Cobb's Tractor,cobbstractor.com
Coggins Crane Inspections,mcogginsllc.com
Coker Crane & Rigging,cokercrane.com
"Commercial Truck Parts and Truck Accessories Store, TruckMax Homestead",commercialtruckpartsonline.com
"Complete Land Solutions, LLC",clsequipment.com
Connor Tractor Kioti Ocala,connortractor.com
Consolidated Crane Inspctn Inc,consolidatedcraneinspection.com
"Construction Equipment, Inc.",constructionequipmentinc.com
Construction Equipment Rentals Florida LLC,constructionsupplyusa.com
Construction Equipment Rentals & Service,
Construction Rental Inc,constructionrentalinc.com
Construction Tools Direct,constructiontoolsdirect.com
Container Systems & Equipment Co,containersys.com
Contemporary Machinery * Engg,
Contractors Cabinet Company,cabinetsmargatefl.com
"Cook Crane Service, Inc.",cookcraneservice.com
"Cook Machinery, LLC",cookmachineryllc.com
Coolstructures Inc,walkincooler.us
Cooper Auto Equipment LLC,flautoequipment.com
Cooper Crane,coopercrane.com
Cornerstone Equipment Service Corp,cornerstoneequipmentservice.com
Corsair Watersports,corsairwatersports.com
Corvenridge Garage Door's Equipment-Repair,
Costex Heavy Equipment Replacement Parts,costex.com
Countrywide Dumpster Rental Lakeland,countrywidedumpsterrental.com
Cowboy Crane,
CPM Equipment Services,acoulson51.wixsite.com
Crane and Mechanical International,
Crane Club at Tesoro,craneclubattesoro.com
"Crane Depot of Tampa, LLC",cranedepotoftampa.com
Crane Institute of America LLC,craneinstitute.com
Crane it Now info,
"Crane Max, LLC",cranemaxfl.com
Crane Pro Solutions,craneprosolutions.net
Crane Reed Properties,crane-reed.com
Crane Rentals,
Crane Rigging,
Crane Shipping Management,craneshippingmanagement.com
Crane Warning Systems Inc,cranewarning.com
Crane305as,
Craneman Inc,
Cratos Equipment,cratos.com
Creel Tractor Company,creeltractor.com
Crown Lift Trucks,crown.com
Crystal Tractor & Equipment,crystaltractor.com
CSR Heavy Construction,csrheavy.com
Cumberland International Trucks,cumberland-companies.com
Cutchins Tree & Crane Service,tree850.com
Cutter Power Equipment,cutterpower.com
Cutters Choice,
D And D Lift Service,liftdoc007.com
D & E Pump Sales & Services,depumpsales.com
D&H Rentals,dhequipmentandtrailers.com
D & J Equipment Inc.,dandjequip.com
"D Welch Equipment Company, LLC",dwelchlift.com
"Dade Equipment, Inc",dadeequipment.com
Dade Lift Parts & Equipment - Miami,dadelift.com
Dan's Backhoe Services,dansbackhoe.com
Darco Heavy Equipment Co.,darcoheavyequipment.com
Darn Tough Equipment Rentals LLC,
Dawson Construction Equipment Rental,
Daytona Beach Portable Toilet Rentals,
Daytona Fun Rental,daytonafunrental.com
Daytona Fun Rentals,daytonafunrentals.online
Daytona Outdoor Power,opedaytona.com
DC Crane Service,dccrane.com
DC heavy equipment & truck parts,
DCM Crane Co,
DeBary Truck Sales,debarytrucksales.com
Dee's Equipment repair,deesrepair.com
"Deep South Cranes, Inc.",deepsouthcranes.com
DeLand Motorsports & Outdoors,delandmotorsports.com
Deland Truck Center,delandtruckcenter.com
Delta Rental,deltatoolrentals.com
Deltona Portable Toilet Rentals,
DHS Equipment,stores.dhsequipmentparts.com
Diamond Tool Store,diamondtoolstore.com
Direct Tools Factory Outlet,directtoolsoutlet.com
DirtPro Skidsteer Rental,
Discount-Equipment.com,discount-equipment.com
Discount Forklift Parts,discountforklifts.com
discount lift rentals,discountliftrentals.com
Displayz Rental,displayzrental.com
Ditch Witch Worx,ditchwitchworx.com
Dixie chopper High Performance Mowchines,highperformancemowchines.com
Dixie Clamp & Scaffold Inc,dixieclampandscaffold.com
DNJ Crane Service,floridacraneservice.com
Do it better inflatables llc,dibsinflatables.com
Do It Yourself Rental & Concrete,diyrental.net
Dobbs Equipment,dobbsequipment.com
Dolphin Lift Rental,
Dolphin Rental Equipment Kendall,dolphinrental.us
Dolphin Water Sport,dolphinwatersport.com
Doral Equipment Parts,doralequipmentparts.com
Doral Party Rental,doralpartyrental.com
Doral Porta Toilet Rentals,
Doral Tools and Equipment Sales and Rentals Inc dba Doral Lifts,dtequip.com
Dorsal Rental Equipment LLC.,dors-rent-equip.squarespace.com
Double H Equipment,doublehequip.com
Downtown Jetski & ATV Rentals,toplinewatersports.com
Dr’s Toy Store,drstoystore.com
Dump Pros Dumpster Rental,dumpprosdumpsterrentals.com
Dunn Boom Lift Rental,
Durante Equipment - Hollywood Location,duranteequip.com
Duval and Son Services,duvaltreeandbobcat.com
Dynamic Equipment Group,dynamicequipmentgroup.com
Dynamic Equipment Group,dynamicequipmentstuartfl.com
Dynamic Equipment Group,dynamicequipmentgroupsarasota.com
E&C Crane Services Corp,
E.R. Truck & Equipment,ertruck.com
Eagle Crane Service Corporation,
East Coast Equipment Group Inc,ecequipment.com
Eastern Crane & Rigging,easterncraneandrigging.com
Eastside Mowers,
ECO RENTALS EQUIPMENT,ecorentalsllc.com
Ed's Crane Service of Lake County Inc.,edscrane.com
EdgeGuard Rentals,edgeguardrentals.com
Electric Forklift Specialists - UPC America,upcamerica.com
Elevate Trailer Rentals,elevatetrailerrentals.com
Elite Crane Service LLC,
Elite Equipment & Rentals,eliteequipmentandrentals.com
Elite Parts LLC,
Elite Trailer Rentals & More Co.,
Ellis Crane Works,elliscraneworks.com
Empire Tool Rental,empiretoolrentalpompanobeach.com
Empower Rental Group,renterg.com
Engel Coolers,engelcoolers.com
Engineering & Equipment Co,e-esupply.com
Epperson Cranes Inc.,eppersoncranes.com
"EQUINE BOOKKEEPING SERVICES, LLC",coolingequipmentspecialist.shop
Equipment Connection Inc,
"Equipment Finders Jax, LLC",equipmentfindersjax.com
Equipment Inspection Services Inc,eis-us.com
Equipment Leader,equipmentleader.com
Equipment Liquidators USA,equipmentliquidatorsusa.com
Equipment Nation,equipmentnation.com
Equipment Rental and Sales,
Equipment Rental Direct,equipmentrentaldirect.com
Equipment Rental Service Inc,erswpb.com
Equipment Repair Co. Inc.,equipmentrepaircompany.com
Equipment Sales of South Florida,
ESS GROUP LLC,equipment-service-supply.com
ETA Hauling & Demolition Junk Removal & Heavy Equipment Services,etahaulingservices.com
ETS Rentals & Repairs,etsrentals.com
EV Equipment LLC,evequipment.com
Event EZ Rent,eventezrent.com
Everglades Equipment Group,evergladesfarmequipment.com
Expert Towing & Transport,experttowingtransport.com
Extra Space Storage,extraspace.com
EZ Access & Equipment,ezaccessandequipment.com
"F & J Equipment, Inc.",fjequipment.com
Factory Direct Supply CS,factorydirectsupply.com
Factory Equipment,factoryequipment.net
"Fama Tractor Parts, Inc.",famatractorparts.com
Family Hardware,familyhardware.com
Farm And Lawn Equipment Specialist,falesequipment.com
Farm City Inc,farmcityfeed.com
Farm & Pet Superstore - Osteen,
Farm Stores N Miami Beach,farmstores.com
Fast Equipment,fastequipment.net
Ferrell's Crane Services,
Fields Equipment Company Inc.,fieldsequip.com
"FIRE TEC, Inc",firetecinc.com
First Choice Equipment & Supply Inc,
Fitness Equipment Headquarters,fitnessequipmentheadquarters.com
Fix Marine Supply,fixmarinesupply.com
Flagler bounce,flaglerbounce.com
Flagler Power Equipment,flaglerpowereq.com
Florida Coast Equipment,floridacoasteq.com
Florida Commercial Trucks,flcommercialtrucks.com
"Florida Concrete Recycling, Inc",flcrinc.net
FLORIDA ENGINES & MACHINERY,floridaengines.net
Florida Farm & Feed,floridafarmandfeed.com
Florida Forklift,floridaforklift.com
"Florida Forklift Supply, Inc",
Florida Georgia Distributing,florida-georgia.com
Florida Machinery Sales,floridamachinery.com
Florida Mechanical Crane Rental,
"Florida Mechanical Systems, Inc.",flmech.com
Florida Party Works LLC,floridapartyworks.com
Florida Power Equipment,floridazeroturn.com
Florida Trailer Supply,trmfl.com
FLORIDA TRUCKS,floridatrucks.com
Floyd Aerial Equipment Rental,
Foote Bros Crane Services,
"Forklift Academy, Inc",orlando.forkliftacademy.com
"Forklift Battery Supply, Inc.",
Forklift Connection Inc,
forklift-depot,forklift-depot.com
Forklift Depot / All Florida Liquidator,aflmiami.com
Forklift Doctor of Florida,forkliftdoctorfl.com
Forklift & Equipment Sales LLC,forkliftequipmentsales.com
Forklift Pros,forkliftprosfl.com
Forklift Rental Miami,forkliftrentalmiami.com
Forklift Rental Miami-South Dade Forklift,southdadeforklift.com
Forklift Rental & Repair,forkliftrentalandrepair.net
Forklift Safety Training Inc. | Miami,forkliftsafetytrainingflorida.com
Forklift Solutions - Pre-owned Forklifts for Sale - We Ship All Over Florida!,forkliftsolutionsusa.com
Forklift Specialist,
Forklift Systems,
Forklifts of Florida,forklifts-florida.com
Forklifts Systems,forkliftsystem.com
ForksMax LLC.,forksmax.com
Formula Machinery LLC,formulamachineryllc.com
Fort Myers Forklift,ftmyersforklift.com
"Forteza Crane Rental, LLC",fortezacranerental.com
FPE | Forklift Parts and Equipment,fpe-store.com
Frank Gay Services,frankgayservices.com
Freedom Crane Service,
Freightliner of Broward,freightlinerfl.com
Freightliner of Treasure Coast,freightlinerftpierce.com
Fronte crane service,
Fronte Crane Services Inc,
Frontline Construction Equipment,drsdrills.com
Ft. Lauderdale Forklift Parts,
Fun Bounce House,fun-bounce-house.com
Fun Cloud,funcloud.party
Fun in the Sun Bounce Houses and Slides,kissimmeebouncehouses.com
Funfetti Party Rental And Decor,funfettiparty.com
Funwaves Watersports,funwaveswatersports.com
G.A.'s Lawnmower Inc,galawnmower.com
G & F Equipment Rental Inc,
G&T Engine Parts,gtengineparts.com
"GAF Equipment, Inc.",gafequipment.com
Garcia's Party Rentals,garciaspartyrentalsbros.com
Gator Alley Equipment Rentals,
Gator Crane Service of Tampa Bay,gatorcranetb.com
Gator Crane Services Inc,gatorcrane.com
Gator Equipment Rental,gatorrental.com
Gator Vacuum & Sewing Co.,gatorvacuum.com
Gatorland Kubota,gatorlandkubota.com
GC Iron,gciron.com
GC Pawn #4 - Gold N Connection LLC,gcpawn.com
General Crane,generalcraneindustries.com
General Rental Center,generalrental.com
General Rental Center,generalrentalboynton.net
General Rental Center,grcmilton.com
Generator Equipment Inc,generatorequipmentinc.kohlergeneratordealer.com
GenerX Generators Oldsmar | Generac Dealer,generxgenerators.com
Genstar Generator Services,genstarservice.com
Gentry Aerial Equipment Rental,
Geomaq Tractor Parts LLC,geomaqtractorparts.com
"George’s Crane Service, Inc.",georgescraneservice.com
Gibbs Equipment,gibbsequipmentllc.com
Gina Used Heavy Equipment Sales LLC,
Giscombes Event Rentals,giscombeseventrentals.com
"Glade & Grove Supply Co, Sarasota",gladeandgrove.com
Glades Small Engine Lawn Mower Repair Generator Repair,
Globe Trailers,globetrailers.com
GM Freedom LLC,gmfreedom.com
Gold Coast Crane Service,goldcoastcrane.com
Gold Coast JCB,goldcoastjcb.com
Goldcoast Trailer & Equipment,goldcoasttrailer.com
Goldenbear Event Rentals,goldenbeareventrentals.com
Gonzalez & Sons Equipment Inc.,gonzalezandsons.net
"Gordon Crane Co., Inc.",gordoncraneco.com
Gorilla Rental,gorillarental.us
Grace Crane Services LLC,
Grand Rental Station,grandrentalstationvolusia.com
Grapplesaw Trucks,grapplesawtrucks.com
Gravely of Bradenton,gravelyofbradenton.com
Grays Heavy Duty Diesel Repairs,
Great Southern Equipment LLC,gsequipment.net
Green Rental Equipment,greenrentalequipment.com
Green Thumb Lawn & Garden LLC,gtmowers.com
Green Thumb Palm Beach,greenthumbpalmbeach.com
Greenacres AC Repair,
Grove Equipment Service,groveequipment.biz
Grower Crane Service Inc.,
Growers Equipment Co,
Gtm International Machinery,gtm-machinery.com
Gulf Coast Crane Rental,
GULF COAST TURF AND TRACTOR,gulfcoasttractor.com
H & H Crane Service,hhcraneservice.com
H&L Equipment Rental Group,h-lequipment.com
H2O,clearwaterjetskis.com
Habana Excavating Inc,habanaexcavating.com
Hakemer Usa Llc,
Hanley's Warehouse Pensacola,
HANOMAG,hanomag.us
Happy and Fun Party Rental,happyandfunpartyrental.com
Harbour Crane Service,harbourcraneservice.com
Harold Howell Construction Equipment,
Harrison Crane,harrisoncrane.com
Harvey Construction Equipment Rental,
Hauser Motorsports & Trailer Sales,
HD Trailers,hdtrailers.com
Heavy Duty Tire LLC,belvedereroadwestpalmbeachfl.heavydutytires.com
Heavy Equipment and Machinery Sales Corp,ventademaquinariapesada.com
Heavy Equipment Marketplace Inc.,
Heavy Equipment Parts Supplier,heavyequipmentpartssupplier.com
Heavy Equipment Parts USA,
Heavy Equipment Rental and Maintenance,seequipmentinc.com
Heavy Equipment Zone,
Heavy Machinery Operator Course,heavymachineryoperatorcourse.com
Heavy Machinery Parts llc,heavymachinerypartsllc.com
HEAVY PARTS MIAMI​-USA,heavypartsmiami.com
Heavy Surplus,heavysurplus.com
Hector Turf,hectorturf.com
Heritage Landscape Supply,fisoutdoor.com
Hershell Crane Services,
HH EQUIPMENT CORP,hhequipmentcorp.com
Hi-Low Equipment,hi-lowequipment.com
Hi-Rise Crane Inc,hi-risecrane.com
Hialeah Farm Supply,
Hialeah Lawn Mower Parts & Services,
HL Supply,hlsproparts.com
Holland Machinery Company,hollandmachinery.net
Hollander's Hydraulics Inc,hollanderinc.com
Home Works Now,homeworksnow.com
Homestead Portable Toilet Rentals,
Horstmeyer Farm & Garden,horstmeyer.com
"House of Ladders, South Florida Inc",houseofladders.com
House Of Party Rentals,houseofpartyrentals.com
Howard Industrial Machine,
Hughes Supply,hughessupply.com
Hunk Porta Potty Rental Gainesville,hunkportapottyrentalgainesville.com
Hunter Crane Merchant Transport & Rigging,huntermerchant.com
HWGA Supply,hwgasupply.com
"Hydraulic Machinery, Inc.",craneworx.com
"I am mobile scrap buyer I purchased copper brass, heavy equipment, machines, and more. I do not purchase appliances.",
"ICP Miami, INC",icpmiami.com
IIF Machinery,iifmachinery.com
Imperial Vacuum and Appliances,imperialhomeappliances.com
In Tents Events,myintentsevents.com
Industrial Equipment Specialists Inc,industrial2000.com
Industrial forklift buyer llc,industrialforkliftbuyer.com
Industrial Forklift Service Inc.,
Industrial Lift Truck Corp.,industriallifttruckcorp.com
Infinite Dumpsters & Equipment Rental,infinite-dumpsters.com
Infinity Jumps,infinity-jumps.com
Ingram Crane Service,ingramcrane.com
International Construction Equipment,iceusa.com
International Tractor Supply,
Intrac Machinery,intracusa.com
iRent Equipment,
"Iron Power Tools, Inc.",ironpowertools.com
IronPower Industries Equipment,ironpowerindustries.com
Ishimotors Car Rentals,ishimotors.com
Island Supply,islandsupply.com
j & a equipment,jaequipment.com
J.Herbert Corporation,jherbertcorp.com
J & J Cranes Inc,jandjcranesinc.com
J&N On Time Corp,dumpsterrentaldeltona.com
JA Powersports Jet Ski Rental Sarasota,japowersportsfl.com
Jack & Gerry's Equipment Inc.,
Jack's Crane,
Jackson Cook,jackson-cook.com
Jamco International,forkliftrentalsorlando.com
Jason Rents,jasonrents.com
JB Crane Rental Inc,
JB Rent-All,jbrentinc.com
JD Equipment & Truck Services LLC,
JD PARTY RENTALS LLC,jdpartyrentals.com
JDB Marine,jdbmarine.com
"JED Alliance Group, Inc",livequipment.com
"Jeff Martin Auctioneers, Inc.",jeffmartinauctioneers.com
Jeff's Equipment Masters Inc,jupitermowers.com
Jetski Miami Rental & ATV rentals,jetskismiamirentals.com
Jim Goodall Equipment Sales,jimgoodall.net
JJ Crane Service,jjcraneservice.com
JLA Equipment Distributors,jladistributors.com
"JLM Small Engine Repair, Inc.",
JMA Attachments,jmattachments.com
"JnB Equipment, Inc.",jnbequipment.net
Joe Blair Lawn Mower,joeblairlawnmower.com
John Deere Regional Distribution Center,
"Johnson Fleet and Farm, Inc.",johnsonfleetandfarm.com
Johnson's Crane Services Inc,johnsonscrane.com
Jon's Well & Pump Services Inc.,jonswellandpumpservicesinc.com
JPC Entertainment,jpcentertainment.com
JPS Tractor Services Inc,
JR Equipment Group,
"JSJ Diesel Sales, Inc.",jsjdiesel.com
Jump Around Party Rental LLC,jumparoundpartyrental.com
Jump Zone Party Rentals,palmcoastbounce.com
Jumpyland Party Rentals,jumpylandpartyrentals.com
Jupiter Financial,jupfin.com
Jupiter Outdoor Center,jupiteroutdoorcenter.com
Just Rent Miami,
JYC Equipment,jycequipment.com
K & J Crane Service,
"K Tractor Parts, Inc.",ktractor.com
K.W.I Grand Rental,kwiocala.com
K.W.I Grand Rental,kwigrandrental.com
Kalfs Crane Services Inc,
Kama Services INC,
"KCS Tractors, Inc",
Keep 'em Runnin' LLC,keepemrunninllc.com
Kelley Equipment Co of Florida,kelleyequipment.com
Kelly Tractor,kellytractorag.com
Kelly Tractor Company,kellytractor.com
kendall Tool Rental,kendalltoolrental.com
"Kenken Tools, Inc.",kenkentoolsinc.com
Kens Equipment Repair,kensequipmentrepairfl.com
Kershaw's Mower & Equipment,
Kiddos Baby and Beach Gear Rentals - Sarasota + Siesta Key,kiddosrentals.com
King Heavy Equipment,kingheavyequipment.com
Kingline Equipment - Cantonmenet,kinglineequipment.com
Kissimmee Portable Toilet Rentals,
"Knox's Crane Service, LLC",knoxcrane.com
KSA Equipment,ksaequipment.com
Kubota,
L & L forklift and equipment repair rent,forkliftluis.com
L&M Lift Truck Repair Service’s,landmlifttruckservice.com
Lake Mary Lawn & Garden Equipment,lakemarylawn.com
Lakeland Bounce House Rental,lakelandbouncehouserental.com
Lakeland Moonwalk,lakelandmoonwalk.com
Lakeland Porta Potty Rentals,
Land Equipment Inc,landequipment.com
Largo HVAC Services,largohvacservices.com
"LARIA FORKLIFT SERVICES, INC.",
Larsen Farms - Ocala warehouse,larsenhay.com
Latux Diamond Blade Distributors,latuxdiamondblades.com
Lawn Equipment Superstore,lawnequipmentsuperstore.com
Leaping To fun,leapingtofun.com
Leasetaurant - Lease Restaurant Equipment,leasetaurant.com
Lee Trailer Sales,shopleetrailers.com
Leppo Rents - Bobcat of Jacksonville,lepporents.com
LESS of Tampa Bay,lesstampabay.com
Liberty Compact,libertycompact.com
Lift Industrial Batteries,liftindustrialbatteries.com
"Lift Masters & Equipment, Inc.",liftmastersinc.com
Lift Power,liftpower.com
LIFT RMF LLC,liftrmf.com
Lift X Rental,liftxrental.com
"Liftco, LLC",liftcoforklifts.com
Lilo Tool Rental - Hialeah,lilotoolrental.com
Lilo Tool Rental - West Miami,
"Linder Industrial Machinery - Pembroke Pines, FL",linder.com
Linder Turf & Tractor,lindertt.com
Lombard Equipment South LLC,lombardequipment.com
Lopefra Corp.,lopefra.com
Love Motorsports of Ocoee,lmsocoee.com
Love Power Equipment,lovepowerequipment.com
LTC Rentals,ltcrentals.com
LTC Rentals,ltcpowerrentals.com
Luke's Heavy Trucks & Equipment,
"Luz Serna Equipment, Inc.",lsequip.com
Lyle Machinery of Pensacola,lylemachinery.com
M Rentals,
M & S Heavy Equipment Services Inc,mandsheavyequipmentservice.com
Mace Equipment Company Inc,maceequipment.com
MachineFi Equipment Group,
Machinery Center Inc,machinerycenter.com
Mack Aerial Rental,
Maddox Industries Inc.,maddoxindustriesinc.com
Maher Truck Center,mahertruckcenter.com
Main Street Mower,mainstreetmower.com
Maitland Tractor,maitlandtractors.com
Major Machinery & Equipment LLC,majormachineryused.com
Makin Waves,clearwaterbeachjetski.com
Maksiwa International Inc,maksiwa.com
Malabar Feed & Farm,malabarfeedandfarm.com
MapleLeaf Porta,
Maquinarias Baruta LLC,maquinariasbaruta.com
Mar Equipment Corporation,marequipmentco.com
Marathon Equipment Inc,marathonequipmentus.com
Marc's Crane Service,marcscraneservice.com
Mario's Bobcat Inc,mariosbobcat.com
Marketside Equipment,marketsideequipment.com
Mas Forklift & Parts Inc,
Masia Rentals,masiarentals.com
Master Excavators Inc,masterexcavators.com
MASTROLIFT - FORKLIFT RENTAL - SALE & PARTS,mastrolift.com
"Material Handling Systems, Inc.",mhscrane.com
"Matt Miller Tractors, Inc.",mattmillertractors.com
"Matt Miller Tractors, Inc.",mmtractormower.com
Maverick crane and rigging,maverickcraneco.com
Mayhugh's Medical Equipment,mayhughsmedical.com
McCullar Crane,mccullarcrane.com
Mechanic Masters Inc,
Megawattage,megawattage.com
Menzi USA Sales Inc,menziusasales.com
Mere's Lawn Mower Sales & Services,mereslawnmower.com
Mesa Diamond,mesadiamond.com
Metro Crane Corp.,
Meyers Construction Equipment Rental,
MFL Industrial Services,mflindustrial.com
Miami Beach Portable Toilet Rentals,
Miami Construction Equipment,
"Miami Container, LLC",miamicontainers.us
MIAMI DADE EQUIPMENTS,miamidadeequipment.com
Miami Equipment & Export Company,miamiequipment.com
"Miami Equipment Services, Inc",miamiequipment.net
Miami Forklift Services,miamiforkliftservices.com
Miami Forklifts,miamiforklifts.com
Miami Heavy Equipment & Trucks LLC,miamiheavy.equipment
Miami Machinery & Trailer Rental,miamimachinerytrailerrental.com
Miami Motors & Machinery LLC,miamimotorsmachinery.com
Miami Portable Cooling,miamiportablecooling.com
Miami Portable Toilet Rentals,
Miami Sound Rental,miamisoundrental.com
Miami Tool Rental,miamitoolrental.com
Miami Transfer Company,mtc-frc.com
Michigan Group,michigangroup.us
Mico Machines Inc,micomachines.com
Mid Florida Material Handling,midfloridamaterialhandling.com
Mid-Florida Restaurant Equipment & Supply,mfres.com
Millennium Machinery Parts & Service Corp,mmpas.com
Miller Heavy Equipment,millerheavyequipment.com
Millers Jump Time Entertainment,millersjumptime.com
MiniExcavators.com,miniexcavators.com
MINING AND ENGINEERING EQUIPMENT,
Miramar Parts & Equipment,miramarpartseq.com
Mirusso Enterprises Inc.,mirussoenterprises.com
MJ equipment 4x4 LLC,mjequipment4x4.com
Mobile Crane Rental,mobilecranerentals.com
Mobile Techs LLC,mobiletechs-fl.com
Mobility Scooters Direct,mobilityscootersdirect.com
Monroe Construction Equipment Rentals,
Monster Bouncy Houses,monsterbouncyhouses.com
Monster Equipment Inc,mymonsterequipment.com
Moran Construction Equipment Rentals,
Morbark Southeast,morbarksoutheast.com
Morgan Construction Equipment Rentals,
Mower Pros,mowerprosinc.com
"Mowers, Inc.",mowersinc.net
Mowers Inc-Lakeland,clemowers.com
Moyer Trucks & Equipment Inc,moyerequip.com
MPC Equipos y Maquinarias,mpclatinoamerica.com
MR Event Rental Inc.,mreventsflorida.com
Mr Forklifts,
Mr.Jetski Miami,mrjetskimiami.com
Mr Lift Truck,mrlift.com
MST Sod Equipment,mstsodequipment.com
MTE Machinery,
MTI Equipment,mtiequip.com
Multilift Services & Equipment,
Murray Construction Equipment Rentals,
MWI Corporation,mwipumps.com
My New Rental,mynewrental.com
N Adams Equipment,
National Crane Services,
National Equipment Depot,nationalequipdepot.com
National Lift Truck Service,nltsuperstore.com
National Lift Truck Service,yalenational.com
National Tool Supply,nationaltool.com
NCH Marine Hydraulics,nchmarinehydraulics.com
New Holland Agriculture,
Newer Spreader,newerspreader.com
Nichols Equipment,nicholsequipment.com
Nieman & Co Rigging & Crane Service Inc,niemanandcomapny.com
NOBLELIFT,nobleliftmiami.com
North American Crane Bureau,cranesafe.com
North Florida Equipment Rentals LLC,northfloridaequipment.com
North Miami Beach Portable Toilet Rentals,
North Port Portable Toilet Rentals,
Northeast Mowers,northeastmowers.com
Nrik Cranes Corp,nrikcranes.com
Numero Uno Forklift Service LLC,numero1forklift.com
Nunez Construction Equipment Rentals,
Oakland Park AC Repair,
Ocala Equipment Rental,
Ocala Tractor LLC TYM Tractors,ocalatractor.com
Ocala Tractor of Palatka,ocalatractorofpalatka.com
Ocean Machinery,oceanmachinery.com
Ocean Reef at Seawalk Pointe,oceanreefapartments.com
Oceanland Equipment LLC,oceanlandequipment.com
Ocoee AC Repair,
Octavix Production,
OJ'S Equipment Rental and Services,ojsrentalservice.com
"OJL Forklift & Equipment, Inc.",ojlforklifts.com
Omnia Machinery USA,omniamachinery.com
On Demand Crane Service,ondemandcraneservice.com
On Site Service Central Florida,brevardmechanic.com
On The Spot Crane Services Inc,onthespotcraneservices.com
Orange City Equipment & Repairs,ocequipmentandrepairs.com
Orange Truck Sales,orangetrucksales.com
Orlando Forklifts,orlandoforklifts.com
Ormond Ace Hardware,ormondacehardware.com
Ormond Beach AC Repair,
Ormond Beach Rentals,ormondrentals.com
Ormond Hay & Feed,ormondhayandfeed.com
Orr Tractor Inc,
Osteen Mower LLC,osteenmower.com
Outpost Rentals,thetoolshack.com
Outpost Rentals,outpostrental.com
Owens Crane Worx,
P&L Crane Service Inc.,plcrane.com
Pace Aerial Equip Rental,
Page Lifts and Racking,skatulich.wix.com
Palm Bay Portable Toilet Rentals,
Palm Bay Power Equipment,palmbaypower.com
Palm Beach County Heavy Equipment Shop,pbcgov.org
Palm Beach Equipment Rental,palmbeachequipmentrental.com
Palmer Aerial Equipment Rental,
Palmer's Feed & Seed,palmersfeedandseed.com
Panhandle Crane Rental Service LLC,
Panhandle Pressure Equipment & Trailers,panhandletrailers.com
Parga Party Rentals and Bounce Houses,pargapartyrentals.com
"Park's Rental and Sales, Inc.",parksrental.com
Parks Boom Lift Rental,
"PARTS CONEXION, INC.",
Parts Supply Inc,partssupplymiami.com
Party Rental Professional,partyrentalpro.com
Party U Rentals Inc,partyurentals.com
Partytime Bounce Houses,
Patrick Construction Equipment Rental,
Pedowitz Machinery Movers,pedowitzmachinerymovers.com
Pensacola Equipment Rentals,bnbcoastalcuts.com
Peoples Pawn & Jewelry,peoplespawn.com
Pickelman's Lawn Mower Repair,
Pickup and Party,pickupandpartywpb.com
Pier 60 Watersports,pier60watersports.com
Piko Mundo party rental,
Pines Mower and Tractor LLC,pinesmower.com
Pioneer Equipment Company (Facility and Rentals),pioneerjaxrentals.com
Pit Equipment,pitequipmentinc.com
Planet Rentals,planetrentals.us
Pool Pros of Coconut Creek Inc,thepoolprosinc.com
"Port of Miami Crane Management, Inc.",cranemgt.com
Porta Poitty Rentals Daytona Beach,
Porta Potty Rentals Delray Beach,
Porta Potty Rentals Homestead,
Porta Potty Rentals Kissimmee,
Porta Potty Rentals Tamarac,
Portable AC Rental,portableacrental.com
"Portable Air and Power, LLC",portableairandpower.com
POSGo,
Power Center,powercenterrepairs.com
Power Equipment Experts,
Power Equipment Sales,outdoorpowerequipmentjacksonville.com
Power Mower Sales,powermowersales.com
Powerhousemachine,powerhousemachines2016.com
PowerTrac Machinery,powertrac.com
Precision Crane & Rigging Inc,precisioncranefl.com
PrecisionUSA,precisionusa.com
Preferred Turf Equipment,preferredturf.com
Premier 1 Towing & Recovery,premier1towing.com
"Premier Equipment, Inc.",premierequipment.com
"Premier Lifting Services, LLC",premierliftingfl.com
"Premier Truck Center, LLC",premiertruckcenterllc.com
Premium Crane LLC,premiumcranellc.com
Premium Crane SW,
Pressure Equipment Solutions - Faitella Enterprises INC.,pressureequipmentsolutions.com
Prestige Equipment Sales & Service,prestige-eq.com
Prestige Lifts,prestigelifts.com
"PRESTIGE PARTY RENTALS - Sunrise, Florida",
"Prestressed Contractors, Inc.",
"Pro Crane & Rigging, LLC",procranerigging.com
Pro Event Rental,proeventrental.com
Pro Mower Parts,promowerparts.com
Proctor Aerial Lift Rentals,
Production Power & Air,productionpowerandair.com
Professional Materials Handling,sideloadlifts.com
ProHaul Trailer Rental,prohaultrailerrental.com
Pronto Mowers,prontomowers.com
ProQuip,pro-quipllc.com
qahdgdtyd,
Quality Brothers Crane Service,
"Quality Equipment & Parts, Inc.",qepusa.com
Quality Equipment Repair,qualityequipmentfl.com
Quality Forklift & Equipment,quality-forklift.com
Quality Mowers,qualitymowersandpower.com
"Quotaserv, Inc",quotaserv.com
R C Mower & Golf Cart Repair & Sales,
R P Lift Services Crane Renting,
Ralph's Precision Machine,
RamsyTruckSales,ramsytrucksales.com
"Rapid Equipment Response, Inc.",rapidequipmentresponse.com
Raymond Building Supply - North Port,rbsc.net
Raymond Handling Consultants,raymondhc.com
Re-Buy Equipment Enterprises LLC,rebuyequipment.com
Reach Services,reachservices.com
Rechtien International Trucks and Idealease of South Florida,rechtien.com
Red Barn Feed and Supply,redbarn1.com
Reid's Mower,reidsmower.com
Reliable Lifting Knuckle Boom | Knuckleboom Services | Rigging Services,reliableliftingknuckleboom.com
Rent-All City,rentallcity.com
Rent And Pull LLC,rentandpull.com
Rent For Event FL,rentforevent.com
Rent Pro,rentproco.com
Rental 2 Depot,1rentaldepot.com
"Rental Depot of Florida, LLC",rentaldepotflorida.com
Rental Gonzalez 24/7,
Rental N Depot,rentalndepot.com
Rental Power Solutions,rentalpowersolutions.com
Rental World,rentalworldfl.com
Rentalex,rentalex.com
RenTooL Equipment Rental,rentool-usa.com
Resell CNC,resellcnc.com
Restaurant Equipment,equipmentod.com
Restaurant Equipment Store,therestaurantequipment.store
Rex Rentals,rexrentalsfl.com
Reyes Construction Equipment Rental,
Reyest Equipment and Tool Rental,reyesttoolrental.com
Rhino Equipment Group,rhinoequipment.us
"Richards Tractors and Implements, Inc.",
Richardson Construction Equipment Rental,
Rick's Crane Service,rickscraneserviceinc.com
Ring Power Cat Rental Store,catrental.ringpower.com
Ring Power Corporation,ringpower.com
Ring Power Lift Trucks,lifttrucks.ringpower.com
Rio Rental Partners,riorentalpartners.com
Ripping It Outdoors,rippingitoutdoors.com
Ritchie Bros. Auctioneers,rbauction.com
Rivas Bobcat Services,
Riverdale Powersports,riverdalepowersports.com
Riverview Crane Services,bayharborservices.com
Riverview Track & Materials-Lakeland FL,riverview-track.com
RJ's Party Rentals,ocalatentrentals.com
RJB Hydraulic Hammers,besthammers.com
Robinson Equipment Co.,
Rock & Dirt Construction Equipment Rental Llc,rockdirt.net
RojasPartyRentalsLLC,
Ronco Equipment Rental & Repair,
Rough & Rugged Industries LLC,roughandruggedindustries.com
"Royal Crane Sales, Royal Truck Sales LLC",royalcranes.com
Royal Edger & Mower Company Inc.,royaledger.com
RPM Equipment Sales,rpmequipmentsales.com
RPM Equipment Sales & Rentals,rpmcrushersandscreens.com
RTA Ball Machine Rentals,ronantennis.com
Rush Forklift,rushforklifts.com
Rutt Services Crane & Rigging,ruttservices.com
"S & M Truck World, Inc.",smtruckworld.com
S & R Crane Services,sandrcrane.com
Saga Motors,
Salco Equipment Rental & Sales,salcoequipment.com
Salvage Reseller,salvagereseller.com
Salvage Trucks Auction,salvagetrucksauction.com
Sanders Farms Of Ocala,sandersfarmsofocala.com
Sanford AC Repair,
Sanford Mower,euromaya.com
Sanford Portable Toilet Rentals,
SANY Dealer Miami,benitezequipment.com
Sarasota Portable Toilet Rentals,
Sarlo Mowers,weknowmow.com
SAW KING,sawking.com
Sawgrass New Holland,sawgrassnh.com
Saxton Skidsteer Services,
Sayco Equipment Sales Inc,saycoequipmentsales.com
SB Tree Service: Tree Removal & Trimming,sbtreeservice.com
Seabird Tool Sales & Rental LLC,seabirdtools.com
Seagull Electronics,seagullelectronics.com
Seavey Garden & Equipment Center,sgecenter.com
SEEWECAN inc - Surveillance Equipment Rental,seewecan.com
Sego's Home Medical Equipment,segoshme.com
Select Crane Sales,selectcrane.com
Seminole Forklift,
Service Rents LLC,servicerents.com
Service Trucks for Sale and Bucket Trucks for Sale,serviceandbuckettrucks.com
Setanta Machinery,setantamachinery.com
Seven Roads Group,sevenroadsgroup.com
Seville Power and Lawn Equipment,sevillepowerandlawnequipment.com
"Shelby Crane Service, Inc",shelbycraneservice.com
SHG EQUIPMENT,shgequipment.com
Short Block Technologies Inc.,sbt.com
Sierra Victor Machinery,sierravictor.com
Sims Crane & Equipment Co.,simscrane.com
Ski-Hi Swing Stage Rentals,sky-hiswingstagerentals.com
"Skid-Steer, Exeavater, Serviees ZSM GROUP LLC",
Skid Steer Rental,equipmentmarketing.pro
Sky Beach Chair Rentals,skyrentalsbeach.com
"Sky Blue Crane Services, LLC",skybluetruckingandcranes.com
Sky High Lift Rentals,skyhighliftrentals.com
Sky Limit Crane & Rigging,skylimitcrane.com
Sky Power Equipment Rental,
Small Engine & Mower Services,happymowers.com
Small Equipment Rx,
Smart Food Truck,foodtruckflorida.com
Smith Ag. Equipment,
SoFlo Containers,soflocontainers.com
SoFlo Slingshot Rentals Hollywood,tgifrides.com
South Brevard Equipment Rental & Sales,southbrevardrental.com
South Equipment Group,southeq.com
South Florida Bounce,southfloridabounce.com
South Florida Equipment Rentals,southflequipmentrentals.com
South Florida Intermodal Equipment Inc,southfloridaintermodal.com
South Florida Truck & Equipment,
Southeastern Rigging & Storage,serigging.com
Southern Coast Forklift Sales & Rentals,southerncoastforklift.com
Southern Crane Service,southerncraneservice.com
Southern Equipment & Supply Company,sescoclean.com
Southern Gulf Equipment Rental & Sales Inc,
Southern Mower Sales,southernmowersalesinc.com
Southern On-site Services,southernonsiteservices.com
Southern Outdoor Equipment Superstore,southernoutdoorequipment.com
Southern Pipe & Supply,southernpipe.com
Southern States Toyotalift,sstlift.com
Southern Supply & Safety,southernsupplyandsafety.com
Southern Surplus Inc. dBA AAA Forklifts,southernsurplusinc.com
Southern Trailer,southerntrailer.com
Southside Mower,southsidemower.com
"Sowell Tractor Company, Inc.",sowelltractorco.com
Space Coast Equipment llc,
Space Coast Party Rentals,spacecoastpartyrentals.com
Space Walk of Gainesville,herecomesfun.com
Spinning Crane Works LLC,centralfloridacraneservice.com
SRQ Auto LLC,srqauto.com
St. Cloud Portable Toilet Rentals,
Stallion Tractors,
Stanley Construction Equipment Rentals,
Star-Ace Dump Trailer Rental,staraceclearingandremoval.com
Star Lift Inc,starliftinc.com
Star Seal of Orlando,starsealfl.com
Statewide Industrial Equipment LLC,statewideindustrialequipment.com
Steel Plus Service Center,
Sterling Equipment & Rental,sterling-rents.com
Stewart Construction Equipment Rental,
Stone Mountain Access Systems,stonemountainaccess.com
Stone Ridge Dumpster Rental,stoneridgedumpsterrental.us
Storage & Handling Equipment Inc.,storage-handling.com
Stucco Equipment LLC,
Suber-Weaver Equipment Repair,
Summit Forklift,summitforklift.com
Sun Coast Trailers,suncoasttrailers.com
Suncoast Lift Truck Services INC,
Suncoast Medical Supply,suncoastmedicalsupply.com
"Sundance Equipment Sales, LLC",sundanceequipsales.com
Sunlift Trucks LLC,sunlifttrucks.net
Sunny Day Party Rentals LLC,sunnydaypartyrentals.com
Sunrise Equipment,
Sunset Tool Company,sunsettoolco.com
Superior Crane & Rigging,adamscrane.com
Superior Handling Equipment LLC,superiorlifts.com
Superior Party Rental,superiorpartyrentals.com
Supply Parts & Tractor,sphequipmentusa.com
Synergy Equipment Pumps Division Sarasota,synergyequip.com
Synergy Equipment Rental,
Synthetic Grass Warehouse,sgwflorida.com
T & A Tractor Services,
T.E.S. Rentals | Equipment & Tool Rental,tesrents.com
T.R. JONES,
TallyBounce Bounce house rentals,tallybounce.com
Tampa Bay Equipment Rental,tampabayequipmentrental.com
Tampa Equipment Rentals,tampa-rentals.com
Tampa Florida Kenworth,floridakenworth.com
Tampa Seahwks,
Tampa Tool Empire,tampatoolempire.com
Taylor Rental / Party Plus,taylorrentalnaples.com
Taylor's Forklift Repair & Services,taylorsforklift.com
TCM Tractor,
Teknia Material Handling,teknialogistics.com
Teran Industries,teranindustries.com
Tesco Equipment LLC,tescohilift.com
Tex Edwards Co Inc,
Texas Trailers Sales & Services,texastrailersfl.com
The Elite Sales Group,elitesalesgroupllc.com
The Equipment Source,equipmentsource.net
The Farm/Big League Garden Center,thefarm.ag
"The Forklift Guys, Inc.",
The Junkluggers of Broward West & Palm Beach South,junkluggers.com
The LensPal,thelenspal.com
The Mower Depot,themowerdepot.com
The Perfect Dump Dumpster Rentals & Junk Removal,theperfectdumpfl.com
The Peterbilt Store - Fort Lauderdale,thepetestore.com
The Power Lift Group LLC - Jacksonville,thepowerliftgroup.com
Thomas Concrete Machinery,thomasconcretemachinery.com
Thompson Cat Rentals - Panama City,rent.cat.com
Thompson Pump & Manufacturing Co,thompsonpump.com
Thompson Tractor,thompsontractorco.com
Thoroughbred Motors,thoroughbredmotors.org
Tiger Boom Lift Rental,
"Tin Tipper Dumpster Rental, LLC.",dumpsterrentalswfl.com
Titus Trucks,titustrucks.com
TLC Truck & Equipment,tlctruckandequipment.com
TND Truck Service,tndtruckservices.com
TNR LIFT TRUCKS INC.,tnrlifttrucks.com
Tobly Equipment Rentals Palm Beach,tobly.com
Tom's Forklift Services,tomsforkliftservice.com
Tool Rental,
Tool Rental Homestead,
Toole's Ace Hardware of Winter Garden,toolesacehardware.com
TOP NOTCH FORKLIFT AND HYDRAULIC CYLINDER REPAIR INC,
Torque One Equipment,gotorqueone.com
Total Mobility Services LLC,totalmobilityservices.org
Town & Country Feed & Supply Inc,
Toyota Nationwide Lift Trucks,toyotanlt.com
Tracto Part Equipment,tractopart.com
TRACTO PARTS CORP.,tractopartsfl.com
Tractoquip of Miami Inc,tractoquip.com
Tractor Export,tractorexport.com
Tractors and Trailers,tractorandtrailers.com
Trail Saw & Mower Service Inc.,trailsaw.com
Transport Tech Inc,neptuneboatlifts.com
Tray Rents,trayrentsit.com
Treasure Coast Lawn Equipment,treasure-lawn-port-st-lucie.keeq.io
Treasure Coast Party Rentals,treasurecoastpartyrentals.com
Treasure Island Machine,
Trenton Farm Equipment,
Tri county forklift rental,tricountyforkliftrental.com
Tri County Forklifts,
Tri-County Racking,tricountyracking.com
Tri-County Tree & Bobcat Services Inc.,
Tri-County Truck & Equipment,tricountytruck.com
"Triple C Equipment Rentals, LLC",
"Tropic Equipment Rentals, Inc.",tropicrentals.net
Tropical Construction Supply,tcsportcharlotte.com
Tropical Lift,tropicallift.com
"TruckMax Inc. - Trucks for sale, Parts and Service",truckmaxhomestead.com
"TruckMax Inc. - Trucks for sale, Parts and Service",truckmaxftpierce.com
Trucks & Parts of Tampa,trucksandparts.com
"Trucks Time, LLC",truckstime.com
True Value Rental,truevaluerentaltampa.com
Tucker Equipment + Event Rental,tuckerrental.com
TUCO EQUIPMENT RENTALS & SALES,tucorentals.com
TURF EQUIPMENT SERVICES LLC.,
TWR Equipment,twrequipment.com
U.S. Crane and Rigging LLC.,uscranellc.com
UMI Stone | The Source,umistone.com
United Rent-All,gainesvilleunitedrentall.com
United Rentals - Storage Containers and Mobile Offices,unitedrentals.com
United Water Restoration Group of Daytona Beach,uwrgdaytonabeachfl.com
United Water Restoration Group of Ormond Beach,unitedwaterrestoration.com
Universal Rentals and Events,universalrentalsandevents.com
Up Equipment USA,upequipmentusa.com
UpLift Equipment Rentals,upliftequipmentrentals.com
USA Heavy Equipment and Parts,usaheavyequip.com
USA-RIPPA.COM Small Heavy Equipment,usa-rippa.com
Used Commercial Equipment & Salvage,
USM Distributors,
VC Equipment Corp,catpumps.com
"Velez And Sons Group , Inc",velezmachinery.com
Venice Outdoor Equipment,veniceoutdoorequipment.com
Vermeer Islands,vermeerislands.com
VEXDEN,vexden.com
"Vibe Forklifts, LLC",vibeforklifts.com
VMG Equipment LLC,vmgequipment.com
Vogels Party Rentals,vogelspartyrentals.com
Volusia Contractors Equipment,vcefl.com
Volusia Medical Supply,volusiamedicalsupply.com
Volusia Rental & Equipment,volusiarental.com
Volusia Trash Masters Dumpster Rental,volusiatrashmasters.com
W C E Equipment,wce-equipment.com
"Walker Miller Equipment Company, Inc.",walkermiller.com
"Wallace Equipment, LLC",
Ward Trucks of Tallahassee,wardtrucks.com
Water Slide & Bounce House Rentals,stluciebouncehousepartyrental.com
"Watercraft Superstore, Inc.",watercraftsuperstore.com
Weekend Tractor Services,
Wellington AC Repair,
Wellington Trailer Rentals and Sales,
"West Orange Equipment Services II, Inc.",westorangeequipment.com
West Volusia Shed Co,westvolusiashed.com
Weston AC Repair,
Weston Event,westonevent.com
Weston Events,weston-events.com
Weston Portable Toilet Rentals,
Whitepalm Luxury Apartment Homes,whitepalmapts.com
William Lehman Leasing,lehmanbussales.com
Williston Crane LLC,willistoncranellc.com
World Kings Rentals LLC,worldskings.com
Worldwide Forklifts,worldwideforklifts.com
Wrenchified Heavy Duty Truck Repair LLC,wrenchifiedhdtr.com
XCMG Dealership Florida | IRONlisting,ironlisting.com
XPERIENCEDTOOLS,
XUMA Rental & Supply,xumarentalandsupply.com
Yacht Power Products,
Yard Party Central,
Yesco Scaffolding LLC,yescorentals.com
Yonker's Tractor Services Inc,
Zeiger Crane Rental,zeigercrane.com
"Zetor North America, Inc.",zetorna.com
1580 Holcomb Bridge Rd Tool Rental,
3B Equipment Rental,3bequipmentrentals.com
770 Arborist Emergency Tree & Crane Service,770arborist.com
81 Inert Recycling,81inertrecycling.com
A-1 Crane Services,
A Crane Rental LLC,acraneusa.com
A&H Mahindra Tractor Sales,aandhtractorsales.com
AA Power Equipment,aapower.net
Absolute Lift Parts,absoluteliftparts.com
Access Equipment LLC,
Accurate Forklift,accurateforklift.net
"Ace Industries, Inc.",aceindustries.com
ACityDiscount Restaurant Equipment,acitydiscount.com
ACS Equipment Rentals,aircompsales.com
ADA Medical Supply,adamedicalsupply.com
Adams Equipment,adamseq.com
Advanced A/V Rentals,advancedav.rentals
Adventure Outdoors,adventureoutdoors.us
Aerial Titans Inc.,aerialtitans.com
Aftershock Equipment,aftershockequipment.com
AG Equipment Hub,agequipmenthub.com
Ag Parts Supply & Equipment,agpartssupplycleveland.com
AHP Enterprises LLC,ahpforklift.com
All American Concrete Small Load Delivery,allamericanconcretega.com
All Lift of Georgia,
All Seasons Outdoor Power Equipment,allseasonsope.com
Allen's Forklift Repair LLC,
Alloy Crane & Machinery,alloycrane.com
Alpha Rental,alpharental.com
Alternative Rentals Atlanta,alternativerentals.com
AmeriGlide Marietta,ameriglide-marietta-ga.com
"Anderson Forklift Supply, Inc.",andersonforklift.com
Anderson Power Services,andersonpowerservices.com
Andy's Lawn Machinery Inc.,andyslawn.com
Aperturent,aperturent.com
APZ Rentals,apzrentals.com
Aramsco,aramsco.com
"Ascendum Machinery, Inc.",ascendummachinery.com
AT-PAC (Office),at-pac.com
Athens Crane and Rigging,
Athens Trailer Supply,athenstrailersupply.com
Atlanta Equipment Repair,
Atlanta Forklift,atlforklift.com
Atlanta Instrument Rental,airental.com
Atlanta Kubota & Atlas Equipment,atlkubota.com
Atlanta Sound and Lighting,atlantasoundandlight.com
Atlantic Coastal Equipment,acesalesandrentals.com
"ATLAS EQUIPMENT - AGCO, KIOTI, MASSEY FERGUSON, YANMAR, HESSTON, SOLIS & WOODS DEALER",atlasequ.com
Augusta Pre-Owned Lawnmower & Equipment Center,
Backyard Events,backyardrsvp.com
Badger Rental Services,badgerrentalservices.com
Barron's Rental Center,barronsrental.com
Bates Equipment Rental & Supply,batesequipmentandrental.com
Beech Tree Supply,beechtreesupply.com
Best Trailers & Supply,besttrailersusa.com
Big Dog Crane,bigdogcrane.com
Big Red Inc Savannah,bigredincorporated.com
Big Sky Tool,bigskytool.com
"Black River Crane & Rigging, LLC",blackrivercrane.com
Blackburn Truck Equipment Inc,blackburntruckequipment.com
Blanchard Equipment,blanchardequipment.com
Bob White Rents,bobwhitealbany.com
Bobcat of Athens,shoemakerequipment.com
Bobcat of Atlanta,bobcatofatlanta.com
Bobcat of Valdosta,bobcatofvaldosta.com
"Boelter Foodservice Design, Equipment & Supply + SuperStore",boelter.com
Boone Construction Equipment Rental,
Border Equipment Atlanta,borderequipment.com
Border Rents,borderrents.com
Bottomland Equipment Company LLC,bottomlandequipco.com
"Boutte Tree, Inc.",bouttetree.com
Bradley Tractor & Equipment Services,
Breezy EZ Portable Fan Rentals,breezyezfans.com
Browning Equipment Rentals,
Budget Equipment Rental,budgetequipment.com
Building Restoration Products,brpsales.com
C Terry Hunt Industries,hunt-construction.com
"Campbell Sales and Service, Inc.",campbellsalesandservice.com
Cannon Crane Rental,cannoncranes.com
Capital Equipment Leasing,capeqleasing.com
Carrier Transicold,carrier.com
Celestia Porta Potty Rentals,
"Central Atlanta Tractor Sales, Inc.",centralatlantatractor.com
Challenger,challenger-ag.us
Chattahoochee Crane Co.,chattahoocheecrane.com
Chattanooga Dozer Parts,chattdozer.com
Chipper LLC Trailers and Equipment,chipperllcsales.com
Circle A Dumpsters,circleadumpsters.com
Clement Equipment Company,clementequipmentco.com
Cobb County Tractor Co Inc,cctractor.com
Coker Equipment Co,cokerequipment.net
Columbus Barricade & Safety,columbusbarricades.com
Columbus Lift Services,columbusliftservice.com
Columbus Store Equipment Co,
Commercial Equipment Repair,cerservice.com
Compass Equipment Leasing Inc,
Complete Lift Service Inc.,completelift.com
Contractor Sales International,contractor-sales.com
Cooper Equipment Contracting,
"Coric Equipment, Inc",coricind.com
Crane Currency,cranecurrency.com
Crane Dude / Rawalwasia Group LLC,cranedude.com
Crane Solutions Inc.,cranesolutionsinc.com
CraneJob,cranejob.com
Cutting Sewing Room Equipment,cutsew.com
D & R Rentals,
De La Rosa Party Rentals,delarosaevents.com
Dealers Supply Co. Inc,dealerssupply.net
Dean Machinery International Inc,deanmachinery.com
"Dependo Rent-All, Inc.",dependorent-all.com
DirtPro Skidsteer Rental,
"Discount Waste, Inc. dba DW1",dw1.com
Division 3 Equipment Rental,division3equipment.com
Dixie Construction Products,dixieconstruction.com
Dowda Farm Equipment,dowdatractor.com
Dozier Crane & Machinery Co,doziercrane.com
Dozier Crane & Rigging,doziercraneandrigging.com
Drifters Trading and Equipment Sales,drifterstrading.com
E T Industrial Supply Co,etindustrial.com
EarthWorm Outdoors,earthwormoutdoors.com
East Coast Forklifts,eastcoastforklifts.com
"Eastern Machinery Movers & Erectors, Inc",easternmachinerymovers.com
Eastman Equipment Co Inc,eastmanequipment.com
EDGE Business Systems - Atlanta Copiers,edgeatl.com
"eGPS Solutions, Inc.",egps.net
Elite Ag LLC,eliteagco.com
Engineered Crane System of Amer,
Engineering & Equipment Company,engineeringandequipmentcoalbany.com
Ensminger's Crane Service,
Equipment Parts Supply,
"Equipment Rental Solutions, Corporation",erscorporation.com
EquipServ,equipserv.net
Erycson Crane Inc,erycsoncrane.com
European Kitchen & BathWorks,eurokbw.com
Evans Heavy Equipment,evanstractor.com
Eversole Tractor & Equipment,eversoletractor.com
Ewing Outdoor Supply,ewingoutdoorsupply.com
Farm Mart,farmmartstatesboro.com
Farm Tractors For Farmers,
Fat Boy Entertainment,
Figueroa Aerial Equipment Rental,
Finest Events | Party Rentals and Accessories,finesteventrentals.com
"Fleeman Tractor Repair & Service, LLC",
Fleet Parts & Maintenance,fleetpartsmaintenance.com
Flint Ag & Turf,flintequipco.com
Flood Pros USA,flood-pros-ga.com
Food Trucks Unlimited,foodtrucksunlimited.com
Forklift Express,forkliftexpress.com
Forklifts Cheap,forkliftscheap.com
Fort Benning Outdoor Recreation & Equipment Rental,benning.armymwr.com
Franklin Tractor,franklintractorco.com
Freightliner of Savannah,freightlinerofsavannah.com
Gear Up Equipment Rental,
Gene & Matt Tractor Sales Inc,gandmtractor.com
Georgia Crane,
Georgia Deer Farm And Agri Center,
Georgia Elite Trucks,gaelitetrucks.com
Georgia Equipment Statesboro,georgiaequipment.com
Georgia Forklift,georgiaforklift.com
"Georgia Mountain Crane, LLC",
Georgia Pallet Rack,gapalletrack.com
GigRite,gigrite.net
Giles Outdoor Power Equipment,gilesoutdoorpowerequipment.com
Global Equipment Exporters,globalequipmentexporters.com
Gordon Machinery Solutions,gordonmachinerysolutions.com
Granite Mountain Machinery,granitemountainmachinery.com
Grant & Cook Equipment Co,grantandcookequipment.com
Gray Brothers Tree Service,graybrotherstreeservice.com
GrinderCrusherScreen,grindercrusherscreen.com
H and m cranes llc,
Harco Equipment Inc,harcoequipment.com
Harkleroad Event Rentals,hoppinginflatables.com
Harris Service & Equipment Co,
Harrison Construction Supply - Alpharetta,harrisonconstructionsupply.com
Hays Tractor & Equipment Inc,haystractor.com
HD Hyundai Construction Equipment North America,na.hd-hyundaice.com
Heavy Duty Distributors Inc,
Heavy Equipment Recyclers,heavyequipmentrecyclers.net
"Heavy Yellow Equipment, LLC",hyellc.com
Hendrix Machinery Inc.,hendrixmachinery.com
high hills equipment,highhillsequipment.com
Highway 9 Mower Repair & Sales,highway9mowerrepairandsales.com
"Hill Company, Inc.",hillcompany.com
Hobbs Home Medical,
Holland Boom Lift Rental,
"Houston Hardware & Garden Center, LLC",houstonhardwareandgardencenterga.com
Howard Brothers Outdoor Power and Hardware,howardbrothers.com
Huggins Rental,
Hurst Equipment,hurstequipment.com
Hyden's Heavy Equipment Service,hydensheavyequipment.com
Hydraulic Supply Company (HSC),hydraulic-supply.com
Iconic Crane & Rigging,iconiccrane.com
IMPACT Rentals,rentimpact.com
"Implement Sales, LLC",implementsales.com
Interstate Equipment Co,interstateeq.com
Ipw/Lift Techs,ipwlifttechs.com
Iron Rhino Equipment,iron-rhino.com
Ivey's Outdoor & Farm Supply,iveysalbanyga.com
"J & B TRACTOR CO., INC.",jandbtractor.com
"J&B Tractor Company, Inc.",waynesboro.jandbtractor.com
J & H Equipment Inc,jhequipment.com
Jackarse Rentals,jackarserentals.com
JAMES SHORT TRACTOR & EQ OF ALTO,jamesshorttractors.com
JCB North America,jcb.com
JDH Equipment Rental & Services,jdhequipmentrental.c37.airoapp.ai
Johns Creek Portable Toilet Rentals,
"Kaeser Compressors, Inc.",us.kaeser.com
KIWI TOOLS,kiwitool.godaddysites.com
Komatsu Forklift of Atlanta,komatsuforklift.com
Lashley Kubota,lashleykubota.com
LDR Site Services,ldrsiteservices.com
LEB Truck & Equipment Inc,lebequip.com
"Lee County Equipment, LLC",leecountyequipmentllc.com
Lift Atlanta Inc.,liftatlanta.com
Live Oak Construction Supply,liveoaksupply.com
Live Oak Equipment,liveoakequipment.com
"LKQ Heavy Truck, Athens",lkq-ht.com
LMC-AG,lmcag.com
"Loughridge Equipment Co., Inc",loughridgeequipment.com
Low Country JCB,lowcountryjcb.com
Low Country Massey Ferguson,lowcountrymachinery.com
M & R Rentals & Sales,mandrrental.com
Macon Ford Tractor,maconfordtractor.com
Macon Outdoor Power Inc.,maconoutdoorpower.com
Macon Portable Toilet Rentals,
Manning Brothers Food Equipment Co.,manningbrothers.com
Mason Tractor Company,masontractor.com
Master Mower Sales & Service,mastermowerga.com
Material Handling Inc,mhiusa.net
Mathis Trailers & Equipment Sales,mathistrailers.com
"Matthews Motors - Commercial Truck Sales, Parts and Repairs",matthewsmotors.org
Maycrest Hardware,maycresthardware.com
MB Cranes LLC,mbcranes.com
MCC Rental,mccrental.com
"Metrac, Inc.",
Metroquip,metroquip.us
MHS - Material Handling Supply Inc.,materialhandlingsupply.net
"Mid GA Funtime, LLC",funtime.rocks
Mid Georgia Industrial Sales Inc,mgisales.com
"Mid-State Tractor & Equip., LLC",midstatetractorandequip.com
Midway Building Supply,midwaybuildingsupply.com
Milton Porta Potty and Dumpster Rentals,miltonportapottydumpsterrentals.com
Mingledorff's - Warner Robins,mingledorffs.com
Mitchell Equipment Rentals LLC,mitchellequipmentrentals.net
Mobile Space Sales-Rental LLC,mobilespacetrailers.com
Mobility Georgia,mobilitygeorgia.com
Mobility Plus Alpharetta,mobilityplus.com
MobilityWorks,mobilityworks.com
Monster Rental,therentalmonster.com
Moran Aerial Equipment Rental,
Moreland Heavy Equipment,
Morseman Equipment Co,
My Mobility Center (Custom Mobility),mymobilitycenter.com
Nash Truck & Trailer Parts,
Nasser Heavy Equipment,nasserheavyequip.com
"National Equipment Dealers, LLC",ned.us
National Equipment Rental Inc,nationalrentals.net
Neighborhood Porta Potty Rentals,
North Fulton Feed & Seed Inc,northfultonfeedandseed.com
North Georgia Equipment Sales,nges.com
North Georgia Heavy Equipment,northgeorgiaheavyequipment.com
Northeast Georgia Rentals Inc,negarentals.com
Northside Forklift Services,northsideforklift.com
Northside Tool Rental (Able 2 Rent All),northsidetoolrental.com
Northside Tool Rental - Cobb,rent.northsidetoolrental.com
Oconee Rental,oconeerental.com
Ogden Forklifts,ogdenforklifts.com
"Oh Yeah Inflatables, LLC",
On-Site Hydraulics Hose Shop,onsitehyd.com
Outdoor Equipment Company & Rentals,outdoorequipmentaugusta.net
Outdoor Recreation,robinsfss.com
Palmer Equipment Co Inc,palmerequipmentco.com
Patriot Lifting,patriotlifting.com
"PDI Rentals, Repairs, & Sales",pditoolsales.com
Peachstate Compact Utility Loaders,peachstatecompactpower.com
Peachtree Equipment,peachtreeequipment.com
Perimeter Takeuchi,
Perrin Farm Equipment,perrinfarmequipment.com
Perry Brothers Equipment,perryequip.com
Phoenix Crane Service,phoenixcrane.com
Pinnacle Material Handling Service,forkliftserviceatl.com
Pinnacle Surfaces,pinnaclesurface.com
Porter Equipment Company,porterequipment.com
Potter Motor Company,pottermotor.com
Power Building Products,
Powerhouse Outdoor Equipment - Warner Robins,powerhouseoutdoorequip.com
Powerhouse True Value Rental,powerhousetruevalue.com
Preferred Rental Company,preferredrent.com
Pro Grade Equipment,progradeequip.com
Professional Service & Repair Inc.,psrinc.biz
Quality Equipment Management,goqem.com
Ray Rents Inc,rayrents.com
Rb construction and equipment,rbconstructionandequipment.com
​​​​​​​​​​Reconditioned Tractors,
"Reliable Equipment Rental, Inc.",reliableequipmentrental.com
"Reliable Restoration, LLC",choosereliable.com
Rent-All Plaza | Atlanta Tool Rental,atlantatoolrental.com
Rent Athens LLC,rentathens.com
Rent Rite Inc - Equipment Rental,
Rental Depot,rentaldepotonline.com
Rental Outfitter,rentaloutfitter.com
"RentalQuip, L.L.C.",rentalquip.com
RentSmart,rentsmartequipment.com
Restaurant Equipment Co. of Savannah,chefreco.com
Reynolds Warren Equipment Co,reynoldswarren.com
Rhinehart of Blue Ridge,rhinehartofblueridge.com
Richmond County Heavy Equipment Shp,
"Rigged-In Crane Services, LLC",riggedincrane.com
Righteous Guitars,righteousguitars.com
River City Equipment,rivercityequipmentsales.com
RMT - Revolution Machine Tools,rmtus.com
RoadReady Truck Center,roadreadymechanic.com
"Robertson, Anschutz, Schneid, Crane & Partners PLLC",raslegalgroup.com
Robinson brothers construction,robinsonbrothersconst.com
Rockbottom Rentals,rockbottomrentals.com
Rome Crane Rental,romecrane.com
Ross Construction Equipment Rentals,
RSM Rentals LLC,rsmrentals.com
Sandvik,
Sandy Springs Locksmith,sandyspringslocksmith.com
Sandy Springs Portable Toilet Rentals,
SANY America Inc.,sanyamerica.com
Savannah Equipment Rentals,
Savannah Equipment Specialists,savannahequipment.com
Savannah Forklifts Repair And Trucks,
SECO Parts and Equipment,secoparts.net
SERVPRO of NW DeKalb / Dunwoody / Brookhaven,servpro.com
Shea Tractor and Equipment Company,sheatractor.com
Shoemaker Irrigation Supply,shoemakerirrigationsupply.com
Silesia Equipment Rental,silesiaequipmentrentals.com
"Simonson Equipment, Inc",simonsonequipment.com
SiteOne Landscape Supply,siteone.com
SKAPS Industries (Headquarter),skaps.com
Skyline Equipment Co Inc,hydraulicliftrepair.com
Skyline Rentals,skylinerentals.net
Smith Equipment Co,
Snapper Industrial Products,snapperindustrialproducts.com
South Georgia Powersports and Outdoor Equipment,southgapowersports.com
"South Georgia Tractor & Equipment, LLC",
Southern Equipment LLC,southernequipmentga.com
Southway Crane & Rigging,southwaycrane.com
SP Elite Equipment,elite-equipmentga.com
Sparta Power Equipment LLC,spartapowerequipment.com
Spartan Equipment Rentals,spartanequipmentrentals.com
Specialty Crane & Fab Inc,gacrane.com
"Sphere Global Logistics, LLC",spheretrucking.com
"Steelhorn Crane Services, Inc",steelhorncrane.com
Suburban Rental,suburbanrental.net
Summit Waste Dumpster Rental,summitwastedumpsterrental.us
Superior Rigging & Erecting Co,superiorrigging.com
Swain Equipment,swainheavyequipment.com
Take A Seat Event Rental,takeaseatatl.net
Takeuchi,takeuchi-us.com
Talisman Rentals Marietta,talismanrentals.com
TAS Outdoor Power Equipment,tasoutdoorequipment.com
Tenkoz Inc,tenkoz.com
Terry's Equipment Sales and Rental,terrysequipmentsales.com
The All-New Bobcat of Macon,bobcatofmacon.com
The Equipment Hub,theequipmenthub.com
The Lawnmower Store,savannahlawnmowerstore.com
The Real Lawnmower Man,thereallawnmowerman.com
Thompson Lift Truck - Atlanta,thompsonlifttruck.com
Tidewater Equipment Rental Company,tidewaterequip.com
"Tim's Crane & Rigging, Inc.",timscrane.com
Toby Hines Crane & Equipment,
Tomahawk Tree Service,tomahawktreeservice.com
Toyota Material Handling Systems,atlantaforklifts.com
Track Loader Parts,bit.ly
Tractor & Equipment Co,tractor-equipment.com
Trane Supply,tranesupply.com
Transport Equipment Co.,transportequipmentco.com
TriStar Aerial Rentals & Equipment Sales,tristaraerial.com
Truck Parts Specialists,
Turf Machine,turfmachinecompany.com
Turf Masters Lawn Care,turfmasterslawncare.com
USA Crane & Hoist Services,usacrane.com
USA Equipment Direct,usaequipmentdirect.com
Vector Tools,vectortoolsstore.com
Vermeer Southeast - Marietta,vermeersoutheast.com
Voigt's Crane Rental of Georgia LLC,voigtscranerental.com
Wade Tractor & Equipment Inc,wadetractor.com
"Wallace Truck And Equipment Sales, Inc.",wallaceequipmentsales.com
Walsh Equipment Rental Rentals,
Warner Robins Portable Toilet Rentals,
WesPro JCB,wesprojcb.com
West Winder Equipment,westwinder.com
Wiedmann Bros. Distributing Company,wiedmannbros.com
Wolf Creek Equipment,wolfcreekequipment.com
Xtreme Fun Rentals,
Yancey Bros. Co.,yanceybros.com
YORK Factory Direct,yorknow.com
Accel Events & Tents,accelrentals.com
All N Heavy Equipment Rentals,allnheavyequipmentrentals.net
Allied Machinery Corporation,alliedmachinerycorp.com
Aloha Keiki Rentals,alohakeikirentals.com
Aloha Power Equipment,alohapowerequipment.com
"Associated Crane & Services, LLC",
Atlas Equipment LLC,
Atlas Sales Co,atlas-sales.com
B. Hayman Co.,bhayman.com
Bacon Rentals,baconrents.com
Bacon Universal,baconuniversal.com
"Best Mobility Products ,Wheelchair and Mobility scooter rental",bestmobilityproducts.com
Bob's Equipment Sales & Rentals,bobsequipment.com
Bobcat of Honolulu,bobcatofhonolulu.com
Bobcat of Maui,bobcatofmaui.com
Contractor's Equipment & Services,contractorsequipmentservice.com
Crane Hoisting Hawaii LLC,cranehoistinghawaii.com
Crane Tech,
CraneHawaii.com,cranehawaii.com
Diversified Crane Maui,diversifiedcranemaui.com
Diversified Equipment Inc.,diversifiedequipmentinc.com
Doc Bailey Construction Equipment of Hawaii,dbcehi.com
Equipment Oahu - Equipment Sales and Rentals on Oahu,equipmentoahu.com
Farm & Garden,farmandgardenbigisland.com
Forklift Hawaii,forklifthawaii.com
Fred Rader Mill Supply,fredraderhawaii.com
G P Roadway Solutions - Rental,gproadwaysolutions.com
Garden Exchange Ltd,gardenexchangehilo.com
H T & T Truck Center,htt-hawaii.com
Haku Crane & Rigging LLC,hakucrane.com
Hawaii Farm Services,agcocorpdealers.com
Hawaii Forklift Service,
Hawaii Machinery,
Hawaii Truck Parts Sales and Services LLC,hawaiitruckpartssalesandservices.com
Hawaiian Crane & Rigging Ltd,hawaiiancrane.com
Hawaiian Rent-All,hawaiianrentall.com
"Henry's Equipment Rental & Sales, inc",henrysequipment.com
Hilton's Crane Service LLC,publicreputation.com
Honolulu Crane Service,honolulucrane.com
Iron Gear Rentals,irongearrentals.com
Kamaaina Crane Service LLC,kamaainacrane.com
Kimo's Equipment Rentals LLC,
L5C SERVICES,l5cequipment.com
Lopey's Mini Crane Service,lopeysminicraneservices.com
Lumor Heavy Equipment Repair,lumorheavyequipment.com
Mak Bros Equipment Rentals Hawaii,makbrosrentals.com
Maui Crane Services,
MK Equipment Corporation,mkequipment.com
Ness Turf Equipment,nessturf.com
Oahu Mobility Scooters and Wheelchair Rentals - book online today,oahumobilityscooters.com
PACIFIC CRANE SERVICE HAWAII LLC,
Pacific Industrial Equipment,pacificindustrialequipment.com
Pacific Pile & Crane Inc,ppcmaui.com
Papé Hawaiian Lift Truck,hawaiianlifttruck.com
Papé Machinery,papemachinery.com
Restaurant Equipment Hawai'i,restaurantequipmenthawaii.com
RPL Equipment LLC,
Servco Forklift & Industrial Equipment,servcoforklift.com
Service Rentals & Supplies Inc,service-rentals.com
State High Lift,commercialshelving.com
Toolmaster Hawai‘i,toolmasterhawaii.com
Truck Equipment Hawaii Inc,truckequipmenthawaii.com
Universal Equipment Rental Hawaii,universalrentalhawaii.com
Vertical Technologies,verticaltechhawaii.com
Waylen Crane Service,waylencrane.com
Wisdom Industries Inc,
101 Mobility of Des Moines,101mobility.com
A-1 Crane Rental & Machinery,a-1cranerental.com
A-1 Rental Equipment & More,a-1rentalinc.com
A & J Equipment,ajequipmentiowa.com
ACE Equipment Rentals,rentaceqc.com
AE Outdoor Power,aeoutdoorpower.com
Aero Rental & Party Shoppe,aerorental.com
AFE Crane,afecrane.com
AgriVision Equipment,agrivisionequipment.com
Agrivision Equipment Group,
Allstate Rental,
Ames Outdoor Supply,amesoutdoorsupply.com
Ankeny Hardware Hank,ankenyhardwarehank.com
Ankeny Portable Toilet Rentals,
Armor Equipment,armor-equip.com
Arrow Towing,arrowtowing.com
ATTACHMENT DISTRIBUTION CENTER,
Automotive Lift Services,autoliftserv.com
Available Material Handling,availablematerialhandling.com
Avenue Rental,avenuerentalinc.com
BDS Equipment,bdsequip.com
Belzer Equipment Inc,belzerequip.com
Berg Trailer Sales,bergautotrailer.com
Beyer Motorsports Truck & Auto Repair,beyerperformance.com
Big 10 University Towing,big10towing.com
Big Ten Rentals,bigtenrentals.com
BIGGS Trailer & Equipment Rentals,biggsrents.com
Black Hawk Rental / Black Hawk Equipment of Cedar Falls,blackhawkequipsyou.com
Black sheep services & equipment rentals inc.,blacksheeprents.com
Blackhawk Machinery,blackhawkmachinerysales.com
Bob's Crane Service & Equipment Rental,bobscraneservice.com
Bobcat of Ames,bobcatofames.com
Bounce Party Supplies LLC,bouncepartysupplies.com
Brown Equipment,brownequipmentia.com
"Brown's Heavy Equipment, Inc.",brownsheavyequipment.com
Bruce Crane Services,brucecraneservice.com
Brunkan Equipment,brunkans.com
"BW Contractors, Inc.",bwcontractorsinc.com
Capital City Equipment Company,capitalcityequipmentcompany.com
Carroll Construction Supply,carrollsupply.com
Case Corporation,
CB Lawn Equipment,cblawnequipment.com
Cedar River Rental Company LLC,cedar-river-rental-company.pointofrentalcloud.com
Central Iowa Farm Store,centraliowafarmstore.com
"Central Iowa Lawn & Home Care, Inc.",centralialawn.com
Central Service & Supply,centralsands.com
Central States Mobility,centralstatesmobility.com
Champion Crane Service Incorporated,championcrane.com
"City Tractor Co., Inc.",citytractor.com
CJ Beeps Equipment LLC,cjbeepsequipment.com
Clive Power Equipment,clivepowerequipment.com
ConAgTech,conagtechmw.com
Contractor Sales & Service,cssequip.com
Contractors Rental Co,crc-dsm.com
Controlled Materials & Equipment,
Coonrod Wrecker & Crane Service,
"Corning Rental, Sales, & Service",corningrental.com
"Correct Truck & Trailer, Inc",usedtruckdealer.com
Corridor Equipment Rental,corridorequipmentrental.com
Cove Equipment,coveequip.com
Craig Construction Equipment Rental,
Crane Equipment & Service (VM Hoist & Crane),ces-cranes.com
Cummings Construction Equipment Rentals,
D & L Equipment,dandlequipment.net
Dan Deery Truck Center,dandeerytoyota.com
Davis Equipment Corporation,davisequip.com
DB Equipment,dbequipmentinc.com
Dealtraxs LLC,dealtraxs.com
Deere & Company MTIC (Iowa State Univ),
Del-Clay Farm Equipment,delclay.com
Des Moines Event Rentals,dsmevents.com
Des Moines Party Rentals,desmoinespartyrentals.com
DICA Outrigger Pads,dicausa.com
Duke Rentals,dukerentals.com
Dump Stars QC LLC,dumpstarsqc.com
Eastern Iowa Equipment Rental LLC,
EasyLift Scissor Lift Rental,
Emerson Crane Rental Inc,emersoncranerental.com
Equipment Marketers,equipmentmarketers.com
Erixon Equipment,erixonequipment.com
Farm Equipment 24-7,farmequipment24-7.com
Food Equipment Services,
Forklift International - USA,forklift-international.com
Forklifts Of Des Moines,forkliftsdsm.com
"Franzen Family Tractors & Parts, LLC",franzenfamilyparts.com
Giant Loaders USA Headquarters,giantloaders.com
Gibbs Rental & Sales Ltd,gibbs-partyrental.com
Gierke Robinson Co,grco.com
Global Equipment LLC,global-equipmentllc.com
Gordon Flesch Company,gflesch.com
Great American Outdoor,
GTG Peterbilt - Davenport,gtgpeterbilt.com
Hampton Cranes Inc,hamptoncranesqc.com
HARDI North America,hardi-us.com
Hawkeye Equipment,
Heavy Equipment LLC,heautosales.com
"Helle Farm Equipment, Inc.",hellefarmequipment.com
Herc,hercvoluntarybenefits.com
HODGE | Dubuque,hodgecompany.com
Hotsy Cleaning Systems,hotsyiowa.com
Housby,housby.com
Howie Equipment & Trailer Sales,howieequipment.com
Hoyne Power Equipment,
Hull Aerial Equipment Rental,
Hupp Toyotalift,hupptoyotalift.com
ibenry LLC,ibenry.com
Industrial Equipment Services LLC.,
Inter Change Tractor (John Deere),
Iowa City Equipment Services Division,
Iowa Equipment,iowaequip.com
Iowa Farm Equipment,iowafarmequipment.com
Iowa Forklift and Equipment,iaforklift.com
Iowa Mobility LLC,iowawheelchairvans.com
J J Scheckel Corporation,jjscheckel.com
J Townsend Crane Service,jtownsendcrane.com
Jensen Crane Services,rasmussengroup.com
Jim Elwood Implement,jimelwoodimplement.com
"Jim Hawk Truck Trailers, Inc. And Hawk Equipment",jhtt.com
Joanne's Event Rentals LLC,joanneseventrentals.com
John Deere Davenport Training Center,
John Deere Davenport Works,about.deere.com
John Deere Tractor & Engine Museum,deere.com
John Deere Used Lawn and Garden Sales and Service,
John's Crane Service,johnscraneservice.com
JP Party Rentals,jppartyrentals.com
JRB Attachments LLC,
K & A Farm Equipment Inc,kafarmequipment.com
Keen Equipment,
Kenny's towing and unlock LLC,kennystowingandunlock.com
King's Material,kingsmaterial.com
Kordell Truck & Trailer Sales,kordelltrucksales.com
Koshatka Farm Equipment Inc.,koshatkafarmequipment.com
KT Pacer,ktpacer.com
Kubota of Council Bluffs - LDI,kubotaofldi.com
"LAFORGE Systems, LLC",laforge.us
Laser Crane Service LLC,lasercraneservice.com
Lenoch & Cilek Ace Hardware,iowacityace.com
Lindeman Tractor Inc,lindemantractorinc.com
LMT Machinery,lmtmachinery.com
Logan Contractors Supply,logancontractors.com
Lowry Equipment Inc,lowryequipmentinc.com
Mason City Red Power,redpowerteam.com
Material Handling Wholesaler,mhwmag.com
MATERIAL MOVERS INC.,materialmoversinc.com
McGrath Powersports,mcgrathpowersports.com
McKay Machinery,mckaymachinery.com
Metro Rental,rentaliowa.com
"Mid Country Machinery, LLC",midcountrymachinery.com
Mid Iowa Equipment Inc,usedtractorequipment.com
Midwest Construction Rentals,midwestrentals.biz
Midwest Equipment Sales Inc,midwesteq.com
Midwest Honda Suzuki Kubota,midwestcycles.net
Midwest Overhead Crane Co.,mwocc.com
Midwest’s Finest Used Equipment,mfue.org
Midwestern Equipment LC,midwesternequip.com
Mitko LLC,mitkollc.com
Mobilis Home Medical Equipment,mobilismed.com
Morning Sun Farm Implement Inc,msfarmimpl.com
"Morse Equipment Company, LLC",morse-equipment.com
"New Tec, Inc.",ntlifts.com
Next Gen Equipment LLC,nextgeneq.com
Nichols Equipment,nichols-equipment.com
Nodaway Valley Equipment,nodawayvalleyequipment.com
Ockenfels Crane Company,ockenfelscranecompany.com
One Source Handling,onesourcehandling.com
Outdoor & More Inc,outdoorandmorecf.com
P&K Midwest,pkmidwest.com
P&P Small Engines,pandpsmallengines.com
Patrick Aerial Equipment Rental,
Peterbilt of Sioux City,pbtruck.com
"Plant Equipment Company, Inc",plantequipmentco.com
Porter Construction Equipment Rental,
Porter Do It Best Hardware and Rental,porterdoitbest.com
Potasi Equipment,
POWER Machinery Yard,
Prairie Ag Supply,prairieagsupply.com
Pyramid Services Inc,pyramid-services.com
Quick Rental,myquickrental.com
Quinn Equipment - Marion,quinnequipment.com
Raccoon River Rental,raccoonriverrental.com
Rasmussen Mechanical Services,rasmech.com
RDO Truck Centers,rdotruckcenter.com
reBorrowed,reborrowed.com
Resource Rental,resourcerental.com
"Rexco Equipment, Inc.",rexcoequipment.com
"River's Edge Towing, LLC",riversedgetowing.com
RMH Systems,rmhsystems.com
Rock Rental LLC,rock-rental.com
Roeder Brothers,roederbros.com
Roeder Implement,roederimplement.com
Roeder Outdoor Power,lawnpower.com
"Rollin' Coal Farm Toys, LLC",rollincoalfarmtoys.com
Rowley Equipment,bodimp.com
"RTL Equipment, Inc",rtlequipment.com
Rueter's Equipment - Elkhart,rueterco.com
Russo Outdoor Power Plus,midway1.com
Schmidt Excavating & Snow Removal,icexcavate.com
Schminke Equipment,schminkeequipment.com
"Security Equipment, Inc.",seisecurity.com
Simple Lift Rentals & Sales LLC,simpleliftrentals.com
Sioux City Portable Toilet Rentals,
Sioux City Truck and Trailer,northamericantrucktrailer.net
Six Crane Service,sixcraneservice.com
Smith Machinery Company (Main Office),smithmachinery.com
Sooland Bobcat,soolandbobcat.com
"Star Equipment, Ltd",starequip.com
Steve's Farm Supply Inc,
Sunbelt Rentals,tandtequipmentrentals.com
Sundown Equipment,capitalcitykubotagroup.com
Tasheena Rentals,
Taylor Equipment Inc.,
Tegeler Wrecker & Crane,tegelerwreckercedarrapids.com
The Harnack Company,theharnackcompany.com
The Sled Shed,thesledshedcr.com
The Sled Shed,thesledshedwloo.com
Theisen's Home Farm Auto of Davenport,theisens.com
Thomas Trailers and Equipment,thomasamerican.com
"Toys For Trucks - Dubuque, IA - Car, Truck, Jeep and Off-Road Accessories",toysfortrucks.com
Tractor Zoom,tractorzoompro.com
Tri-City Equipment Company,tricityequipment.com
Tri-State Crane & Rigging Service,tristatecranes.com
Truck Country,truckcountry.com
"Truck Equipment, Inc.",truckequipmentinc.com
Ulrich Sales,davetheaugerman.com
UMS Motors Solutions,
Urbandale Portable Toilet Rentals,
"US Crane and Equipment, Inc.",us-craneinc.com
US Foods,usfoods.com
Van Wall Equipment,vanwall.com
Van Wall Lift Truck,vanwalllift.com
VC Party Rental,vcpartyrental.com
Vetter Equipment,vetterequip.com
Welter Storage Equipment Co Inc,welterstorage.com
West Des Moines Portable Toilet Rentals,
West Truck Sales and Leasing,westtruckmn.com
What A Blast Rentals LLC,whatablastrentals.com
Ziegler Ag Equipment Sioux City,zieglerag.com
Zuidberg North America,zuidbergna.com
40 Rentals,40rents.com
A-1 Rentals,a1rental.net
A G Equipment Inc,ag-equipt.com
A Tool Rental LLC.,
A1 Mowers & More,matkinauto.com
Ace Crane,
Adventure Sport Rentals,adventuresportrentals.com
Agri-Service,agri-service.com
AirFlow Caldwell AC Repair LLC,
Allison Construction Equipment Rental,
American Construction Supply & Rental,americanconstructionsupply.com
Americold Logistics Nampa,americold.com
Amerigo Inc,amerigo.homestead.com
Anderson Ag Equipment,andersonagequipment.com
Apex Crane Service LLC,apxcrane.com
Apex Equipment Rentals,apexequiprental.com
Armstrong Western LLC (Western Auction Co.),armstrongwestern.com
B & W Crane & Rigging,bwcrane.com
Barrie's Ski and Sports,barriessports.com
Bauherr Crane,bauherrcrane.com
Big D Ranch,bigdranch.com
Big Deal Events - Game & Party Rentals,
Big Little Tractor LLC,biglittletractor.com
Boesiger's Tractor & Repair,tractorsalesandrepair.com
Boise Crane Inc,boisecrane.com
Boise Rigging Supply,boiserigging.com
Boise West Equipment,boisewestequip.com
Bonneville Industrial Supply,biscostores.com
Boomers Crane & Transport,boomerscrane.com
Bounce With Me,bouncewithme.net
Bouncin Bins Services,boise.bouncinbins.com
Bulldog Equipment Rentals,bulldogequipmentrentals.com
Burks Tractor Co. LLC,burkstractor.com
Cache Cranes LLC,cachecranes.llc
Caldwell Portable Toilet Rentals,
Campbell Tractor Company,campbelltractor.com
Cannon Construction Equipment Rental,
Cascade Equipment Rental,cascade-equipment-rental.pointofrentalcloud.com
CDA Equipment,cdaequip.com
CDA Pawn Bros. LLC,cdapawnbros.com
Central Equipment,centralequipment.us
Chad's Rentals & Hoge Inc,chadsrentals.com
Coastline Equipment,coastlineequipment.com
Cobalt Truck Equipment,cobalttruck.com
Coeur D'Alene Crane & Const,cdacrane.com
Coeur d'Alene Portable Toilet Rentals,
Coeur D'Alene Power Tool,cdapowertool.com
Coeur d'Alene Tractor,cdatractor.com
Coeur d'Alene Watersports,cdawatersports.com
Concrete Construction Supply,concreteconstructionsupply.com
Contractor Sales,contractorsales222.com
Cool Caldwell AC Repair's LLC,
Country Equipment Rentals,countryequipmentrentals.com
Covenant Security Equipment,covenantsecurityequipment.com
Crane Customs,cranecustom.com
Cupcake Bounce and Party Rentals,cupcakebounce.com
Curry Crane Inc,
Custom Truck,customtruck.info
D&B Supply Nampa,dbsupply.com
David Steed Equipment Sales & Rentals,davidsteed.com
Double Edge Equipment,doubleedgeequipment.com
Driscoll Top Hay LLC.,driscollmc.com
Dunn Construction Equipment Rentals,
Eagle Rock Jumpers,eaglerockjumpersif.com
East Idaho Equipment and Trailer Rentals,eastidahoequipment.com
East Idaho Power Equipment,eipowerequipment.com
Electrical Wholesale Supply Co,electricalwholesale.com
Eleven 1 Equipment,eleven1eq.com
Elpert Aerial Lift Rental,
"Empire Boom, LLC",
European Machine,europeanmachine.com
EventRent,idahoeventrent.com
Excel Equipment Company Sales and Rental,excelequip.com
"Falls Equipment Rentals - Online Reservation, Local Pickup/Delivery",fallsequipment.com
"Family Fun Party, Balloons, Toys, and more",familyfunparty.com
Farm Equipment USA,farmequipmentusa.com
Farm Stuff,
Filter Meridian AC Repair INC,
Fork Lift Specialties LLC,
Fuller Construction Equipment Rentals,
G & R Rental and Sales,gr-rentals.com
Gem State Equipment Sales LLC,
Global Tractor Company,globaltractor.com
Gravity Crane & Transport,gravitycraneandtransport.com
Grizzly Equipment Rentals,grizrental.com
GRT Crane Services,grtcrane.com
Hagadone Marine Group,hagadonemarine.com
Heavy Metal Truck & Equipment Repair,
Heberer Trucking & Excavating,heberertrucking.com
High Desert Bobcat - Nampa,hdbobcat.com
"HMW Vehicle, RV & Equipment Transport LLC",haulingmemoriesworthwhile.com
Hobby Time Equipment,hobbytimeequipment.com
Hole In Fun! Mobile Mini Golf,holeinfun.net
Idaho Equipment,idequipmentrental.com
Idaho Falls Portable Toilet Pros,
Idaho Farm Equipment Sales,
Idaho Implement,idahoimplement.com
Idaho material handling,
Idaho Material Handling Inc,imhboise.com
Idaho Tool & Equipment,idahotool.com
Idaho Tractor Inc,idahotractor.com
"Idaho Truck & Equipment Company, Inc.",itec-boise.com
Idaho Xtreme Rentals,idxtreme.com
Inland Crane Inc,inlandcrane.com
Integrity Equipment Rentals,
Intermountain New Holland,i-newholland.com
Interwest Supply,interwestsupply.com
J & J Enterprises,jandjent.com
J&J Machinery,jjmachinery.com
Jordan Sales and Service,jordansales.com
JTC Demolition Coeur d'Alene,jtcdemolition.com
KGM Enterprises,kgmenterprises.com
KH Rental & Sales,k-hardware.pointofrentalcloud.com
KJ Watersports Boat Rentals,coeurdaleneboatrentals.com
Lake City Equipment & Event Rental,lakecityrental.com
Lakeside Water Rentals,idahojetskirentals.com
"Lansing Building Products - Caldwell, ID",lansingnow.com
Lawn Equipment Company,lawnequipco.com
Limelight Equipment,limelightequipmentusa.com
Lux Restroom Trailers,luxonthego.com
Machinery Northwest,machinerynw.com
Mammoth Heavy Equipment,mammothheavyequipment.com
Marson Farm Pro,marsonfarmpro.com
Mercury Porta Rentals,
Meridian Portable Toilet Rentals,
MetroQuip,metroquip.net
Mini Excavator Rental Solutions,miniexcavatorrentalsolutions.com
Motion Auto Supply,motionauto.com
Mountain View Equipment Company,mtvieweq.com
Mountain West Equipment,mountainwestequipment.com
Mountain West Farm Equipment,mwfe.com
"Mountain West Power Equipment — Nampa, Idaho | Formerly RMT Equipment",rmtequipment.com
Mountain West Rentals & Sales,mwrentals.com
Musselman Equipment & Driveline Service Of Idaho Falls,musselmandrivelineservice.com
North 40 Outfitters,north40.com
"Northwest Equipment Sales, Inc.",nwesales.com
NW Mixer Feeders,nwmixerfeeders.com
On-Site Material Handling,on-sitemh.com
Overtime Equipment,
Pa and I Equipment Rentals,
"Parker Tree Service, Inc.",parkertreeservice.com
Parties For Rent,partiesforrent.com
Pick & Drift Crane,pickdriftcrane.com
PK Rental,
Pocatello Porta Potty and Dumpster Rentals,
Pocatello Portable Toilet Rentals,
PortaPros,portapros.com
PRM Industries,
ProCare Medical Equipment,procareme.com
Quintero Party Rentals,quinteropartyrentals.com
R & A Equipment,randaequipment.com
Ragan Equipment,raganequipment.com
Rain for Rent,rainforrent.com
Reel Handy Rentals,reelhandyrentals.com
RentalsIdaho LLC,
Renter Center - Equipment Rentals Twin Falls Idaho,rentercenter.net
RENTOWN,rentownrto.com
Rippa Idaho,rippaid.com
Rock Creek Rental,
Rocky Mountain Crane & Equipment Rental,rockymtncranes.com
Rocky Mountain Roll,rockymountainroll.com
Sawtooth Crane,sawtoothcrane.com
Schow's Equipment & Powersports,schowsep.com
Schow's Truck & Equipment,schows.com
Seid Crane Services,seidcraneservice.com
SEIGE Equipment Rentals,seigeequipment.com
Selkirk Equipment,selkirkequipment.com
"Shane Soroka Equipment Co., LLC",sorokaequipment.com
Simko Crane Service LLC,
Simplot Western Stockmen's,simplot.com
Specialty Construction Supply,specialtysupply.com
"Star Crane & Rigging, Inc.",
Stauffer's Towing & Recovery,staufferstowing.com
Summit Seed Coatings,summitseedcoatings.com
Supreme Equipment,supremeequipmentidaho.com
Tates Rents - Orchard,tatesrents.com
The Battery Guy,the-battery-guy.com
Topcon Solutions Store,topconsolutions.com
Tractor Sales & Auto Inc,tractorsalesinc.com
Treasure Valley Crane Service LLC,tvcrane.com
Tri M Crane LLC,
Truck Ranch Twin Falls,truckranch.com
Twin Falls Equipment Rental,
Twin Falls Portable Toilet Rentals,
Twin Falls Trailer Rental,twinfallstrailerrental.com
Used Equipment,usedpotatoequipment.com
Utility Trailer Sales of Boise,mwutility.com
"Valley Compact Demolition Excavation, LLC",valleycompact.com
Vermeer Mountain West,vermeermountainwest.com
Viking Industrial Systems,vikingindustrial.com
Welding Unlimited Crane Service,idahocrane.org
Western States Cat,westernstatescat.com
Woody's Outdoor Power,woodysoutdoorpower.com
XPert Crane Services,
YOUNGS EQUIPMENT SALES INC,youngsequipmentsales.com
1st Choice Equipment LLC,1stchoiceequipment.com
1st Rental and Sales,firstrentalandsales.com
2 & 92 Used Truck Parts Inc,2and92truckparts.com
2 Froggy Jumps LLC,2froggyjumps.com
24 Hr Quickfix,
24k Refinery,24krefinery.com
251 Springhill Rd Tool Rental,
2555 N Normandy Ave Tool Rental,
2803 S Cicero Ave Tool Rental,
2nd Life Equipment LLC,2ndlifeequipment.com
3-D Services Bobcat and Excavator Rentals,123bobcat.com
365 Equipment and Supply,365equipmentandsupply.com
4u party rentals,
5.11,511tactical.com
520 Machinery Sales,520machinery.com
825 E Dundee Rd Tool Rental,
8650 Dempster St Tool Rental,
A&A Equipment and Supply,aa.equipment
A-L-L Equipment,a-l-lequipment.com
"A Lift Above, Inc.",aliftabove.com
A to Z Rental,a-to-zrental.com
A USA Rentals,ausarentals.com
A Warehouse On Wheels,awarehouseonwheels.com
AA Rental Center,aarentalcenter.net
AAA Rents,aaarentsqc.com
Aaron Equipment Company,aaronequipment.com
ABC Automotive & Electronics.,abcautoelectronics.com
"Access Elevator, Inc. of Roselle",allaboutaccess.com
Access Equipment,accessequipmentil.com
Accurate Industries - America's Steam & Sauna Authority,accurateindustries.com
ACME Truck Brake & Supply Co.,acmetruckbrake.com
Addison Building Materials,addisonbuilding.com
Adelman's Truck Parts,adelmans.com
Admiral Lawnmower,admirallawnmower.com
Advanced Crane Services,advancedcranesvcs.com
"Advantage Material Handling, Inc.",advantagematerialhandling.com
Ag Builders Construction & Crane service,
Aggregate and Construction Equipment & Rentals,
AGM Truck Service,agmtruckservice.com
Agri-Fab Distributor Center,agri-fab.com
AHW LLC,ahwllc.com
Aim To Tame,aimtotametreeservicepeoriail.com
Air Blue,airblueinc.com
AJ Crane LLC,ajcranepeoria.com
"AJ's Lawnmower, Inc.",ajslawnmower.com
Albion Equipment Co,albionequipment.com
Albion Oak Park,albionoakpark.com
Alexander Equipment Co,alexequip.com
"Alexander Equipment Rental, Inc.",aerialliftequipment.com
Algor Plumbing and Heating Supply,algorphs.com
All In One Rentals Inc,
"All Skidsteers, inc",stores.allskidsteers.com
Altman Machinery Co.,altmanmachinery.com
"Altorfer Ag Products - Rock Falls, IL",altorferag.com
"Altorfer CAT – Addison, IL",altorfer.com
America 1st Dumpster L.L.C.,america1stdumpster.com
American Crane & Aerial,americancraneandaerial.com
American Liftruck Services Ltd,americanliftruck.com
American Rental,americanrental.com
American Rigging & Millwright Service,americanrigging.net
Anchor Excavation Contractors,elmhurstexcavation.com
Andreas Equipment & Fleet Care,andreasfleetrepair.com
Ango Kernan Rentals & Sales,angokernanrentalandsales.com
"Anthony Crane Rental, Inc.",
ANTIQUE TRACTOR SALVAGE,
"Anything In Motion, Inc",anythinginmotion.com
Apex Material Handling,apexmhc.com
Apollo Forklift,apolloliftus.com
Arco Machinery Movers,arcomachinerymovers.com
Arden Equipment Inc.,arden-equipmentinc.com
Aria Computer Rentals - Computer & iPad Rentals,ariaav.com
Arlington Heights City Porta Potty Rentals,
Arlington Machinery,arlingtonmachinery.com
Arlington Power Equipment,arlingtonpower.com
Arlington Rental,arlingtonrental.com
Arlington Toyota,toyotaarlington.com
Associated,associated-solutions.com
Associated Equipment Distribution Aed,aednet.org
Atlas Bobcat,atlasbobcat.com
Atlas Crane Service LLC,atlascrane.com
Atlas International Lift Trucks,atlasd2d.com
Atlas Toyota Material Handling,atlastoyota.com
Atlas Truck Center,atlastruckcenter.com
ATP Equipment Exchange inc,atpequipment.com
Aurora Forklifts & Material Handling,
Aurora Truck Center Aurora Spring & Aurora Hose,auroraspring.com
"Automatic Door Authority, Inc.",automaticdoorauthority.com
Avant Tecno USA Inc.,avanttecno.com
Awesome Machines Sales And Rental,awesomemachines.net
Axle & Equipment Sales Co Inc,
B & B Hardware and Rental,bbdib.com
B I Rental Inc,birents.com
B.J. Trailer & Truck Repair,bjtrailerrepair.com
"Badger Infrastructure Solutions - Central Illinois, IL",badgerinc.com
Bahrns ToyotaLift,bahrnstoyotalift.com
Barker Implement,barkerimp.com
Barn Owl Garden Center,barnowlgarden.com
Barnes Industrial Equipment Inc,
Bartlett Portable Toilet Rentals,
Bastert Farm Equipment,bastertequipment.com
Bauer Built Tire & Service,bauerbuilt.com
Bay Crane Midwest,gatwoodcrane.com
Bedwell Farm Equipment Co,bedwellfarmequip.com
Belleville Porta Potty Rentals,
Belmont Machinery Company,belmontmachinery.com
Benoist Brothers Supply Company,benoist.com
Berland's House of Tools,berlandstools.com
Berwyn Portable Toilet Rentals,
Berwyn's Toys & Trains,berwynstoytrains.com
Bettenhausen Chrysler Dodge Jeep Ram,bettenhausencdjr.com
Better Repair,
BHC Party Rentals,bouncehousechi.com
Birkey's Farm Store,birkeys.com
Birkey's Kubota,birkeyskubota.com
"Bison Aerial Equipment, LLC",bisonaerialequipment.com
Black Book Equipment,
Black Cat Scaffold,blackcatscaffold.com
Black Star ACA,blackstaraca.com
Black Stone Equipment & Services Arlington Heights,blackstoneequip.com
Blackhawk Supply,blackhawksupply.com
Blackout Equipment LLC,blackoutequipment.com
Blick's Construction Co,
BluBox-It,blubox-it.com
Blue Ridge Tractor Company,brtractor.com
Bluff Equipment Inc,bluffequipment.net
Blumberg Machinery Co,blumbergmachinery.com
Blunier Implement Inc,blunierimplement.com
Bobcat,bobcatofbloomington.com
Bobcat of Rockford,bobcatofrockford.com
Bobcat Rental and Used Sales,rentriterentals.com
"Bock's Equipment & Repair, Inc.",bocksequip.com
Bodner Equipment Co,bodnerequipment.com
Boga Fix,bogafix.com
Boiler Equipment Company,becequipment.com
Borchers Equipment,borchersequipment.com
Boschung America,boschung.com
Bounce Houses R Us,bouncehousesrus.com
Bounce Unlimited,bounceunlimited.net
Bracing Systems Construction Supplies and Equipment,bracingsystems.com
Brandt Industries,brandt.ca
BreakPoint Demolition & Excavation,demolitioncrystallake.com
Bredemann Toyota Service and Parts,bredemanntoyota.com
Budget Car Rental,budget.com
Buffalo Grove Farmers Market,
BuildingPoint Midwest & Gulf Coast,buildingpointmwgc.com
Burnett Crane Services LLC,
Burris Equipment,burrisequipment.com
busy house bounce,
Buttrey Rental Services Inc,buttrey.com
"C&C Equipment Repair ,INC",candctruckshop.com
C.E.Rentals Inc.,cerentals.com
C & H Repair Plus Supply,thetoolteam.com
C & K Equipment and Auto,cksellsit.com
C & L Backhoe Service,clbackhoe.com
"C&L Rentals, Sales & Service Inc.",candlrentals.com
Cabela's,stores.cabelas.com
Calhoun Rentals & Service LLC,calhounrentals.com
Call-A-Tool,
Calumet City Porta Potty Rentals,
Calumet City Portable Toilet Rentals,
Calumet Lift Truck Service Company Inc.,callift.com
Calumet Lift Truck Services Co - Engine Rebuild Center,
Camper Exchange Inc,camperexchange.com
"Cardinal Equipment, Inc",cardinalequipment.net
"Carepaks Health Services, Inc.",carepakshs.com
Carol Stream Lawn & Power,carolstreamlawnpower.com
Case Farm Machinery,casefarmmachinery.com
Casey Equipment,caseyequipment.com
Castle Sales & Leasing,castlesalesusa.com
Caterpillar Building AD,
Caterpillar Inc,cat.com
CB Trailer Rentals LLC,cb-trailerrentals.com
CCS Contractor Equipment & Supply - Naperville,ccs-ces.com
Celebrations Party & Event Rental,celebrationsquincy.biz
Central Crane Rental Services LLC,
Central IL Equipment Sales Inc.,ciesinc.com
Central Illinois Ag,centralilag.com
"Central Metal Recycling, LLC",centralmetalrecycling.net
Central Parts Warehouse,centralparts.com
"Centre State International Trucks, Inc. Idealease",centrestate.com
CES RENTS,cesrents.com
"CF Industries Holdings, Inc",cfindustries.com
Champaign Portable Toilet Rentals,
"Channahon General Rental, Inc.",channahonrental.com
"Charles Equipment Energy Systems, LLC.",charlesequipment.com
"CharNor Manufacturing, Inc.",charnor.com
Chartrand Equipment,chartrandequip.com
Chellino Crane Rental,
Cherry's Industrial Equipment Corp,cherrysind.com
Chicago Audio Rentals,chicagoaudiorentals.com
Chicago Heavy Equipment Services,chhes.com
Chicago Industrial Equipment Inc,chicagoindustrial.com
Chicago Jack Services,chicagojack.com
Chicago Lifts,chicagolifts.com
Chicago Machinery Inc.,chicagomachineryinc.com
"Chicago Party Rental, Inc.",partyrentalchicago.wixsite.com
CHICAGO SOUND AND BACKLINE,soundandbackline.com
Chicagoland Equipment Services,ceslifts.com
Chicagoland Equipment & Supply,chicagolandequipment.com
Chrisman Farm Center - Massey Ferguson,chrismanfc.com
Christofano Equipment Inc,christofano.com
( Church Street Forklift )Service & Repair & Parts We Service all Forklift Makes & Models,churchstreetforklift.com
"Cicero Manufacturing & Supply Company, Inc.",cicerosupply.com
"CIT Trucks - Mokena, IL",cittrucks.com
"City Food Equipment - Lombard, IL - New & Used Restaurant Equipment & Kitchen Supply Store",cityfoodequipment.com
City Utility Equipment,cityutilityequipment.com
City Welding Sales,citywelding.com
Cityhome Vacuums & More,cityhomevacuum.com
CleanAir Engineering,cleanair.com
Clear Sound Entertainment and Party Rentals,clearsoundpartyrentals.com
CMA/Flodyne/Hydradyne,cmafh.com
CNH Industrial,cnhindustrial.com
Coffman Truck Sales,coffmantrucks.com
Cole Implement,coleimplement.com
Coleman LLC,
Comfort Arrows,comfortarrows.com
Commercial Material Solutions LLC,commercialmaterial.com
Commonwealth Running Company,commonwealthrunning.com
"Contractors Material, Inc.",
Cook Party Rentals,cookpartyrentals.com
"Coop Equipment Distributors, LLC",coop-us.com
Crafty Beaver Home Center,craftybeaver.com
Crane Authority,craneauthority.com
Crane Construction Company LLC,craneconstruction.com
Crane Network,cranenetwork.com
Cranes & Equipment Corporation,cranesequip.com
Crawford Company,crawford-company.com
Crawford Equipment Co,crawfordequipco.com
Creative Crane & Rigging Inc,creativecrane.com
"Cross Implement, Inc.",crossimplement.com
Crossroads Contractor Supply,crossroadscontractorsupplyil.com
Crossroads Truck Equipment,crossroadstruckequipment.com
Crudele Equipment Services,crudeleequipmentservices.com
Culligan of Crystal Lake,uswatercompany.com
Cummins Allison | Chicago - a CPI Company,cranepi.com
Custom Rebuilt,custom-rebuilt.com
"Custom Service Crane, Inc.",customservicecrane.com
Dan's Crane Rental Service( West Chicago Yard),danscrane.com
Dan's Used Equipment Deals,
"Dave Schmidt Truck Service, Inc.",daveschmidttruck.com
Davenport Tractor,
Dawdy Dumpster Services LLC,dawdyservices.com
Decatur Portable Toilet Rentals,
Dedicated Equipment LLC,
"DeJong Equipment Co, Inc.",dejongequipment.com
DEKALB COUNTY LIFTS,rhinolinings.com
DeKalb Implement Company,dekalbimpco.com
"DeKalb Lawn & Equipment Co., Inc.",dekalblawnandequipment.com
DeKalb Portable Toilet Rentals,
DeKane Equipment Corporation,dekane.com
DePasquale Crane Rental,depasqualecranerental.com
Des Plaines City Porta Potty Rentals,
Des Plaines Material & Supply,desplainesmaterial.com
DeSHAZO Crane Service - Chicago,deshazo.com
Designed Equipment Corporation,designedequipment.com
"Diamond Industrial Tools, Inc.",todit.com
Dick's Crane Rental Services Inc,
"Diedrich Implements, Inc.",diedrichimplements.com
DirtPro Skidsteer Rental,
Ditch Witch Midwest,ditchwitchmidwest.com
Doosan Infracore America Corporation,
Downstate Equipment Services LLC,downstatesales.com
Drake-Scruggs Equipment Inc,drake-scruggs.com
"DSM TRUCK REPAIR, INC.",dsmtruckrepair.com
"DuPage Rent-All, Inc.",
Durango Equipment,durango-rentals.com
Dworak rentals,
E J Kehrer Farm Supply Inc,ejkehrerfarmsupply.com
Easy Street Material Handling Equipment,easystreetmhe.com
Ed's Rental & Sales,edsrental.com
Edwards Equipment & Trailers,edwardstrailers.com
Elgin Equipment Group LLC,
Elgin Equipment Leasing,elginequipmentleasing.com
Elgin Portable Toilet Rentals,
"Eliftruck.com, Inc.",eliftruck.com
Elite Backhoe Rental Company,
elite heavy equipment services,eliteheavyequipment.com
Elmhurst Portable Toilet Rentals,
EME Rentals LLC,
EME Restaurant Equipment New and Used,emerestaurantequipment.com
Emjay Sales & Leasing Inc,emjaysales.com
"EMS Hauling,LLC",emshauling.com
Ennis Excavation & Equipment Rental,
Enterprise Lift Truck Service Inc.,enterpriselifttruck.com
Entler Excavating Co Inc,entlerex.com
Equipment City Co LLC,equipmentcity.com
Equipment International Ltd,equipment-international.com
Equipment Relocation Services,ersequipment.com
Equipment Service Co Inc,truckequipmentservice.com
ERA Industries,
ERB Turf Equipment,erbturf.com
Essex Rental Corp.,
Evanston Porta Potty Rentals,
Event Equipment Rentals & Sales,eventequipmentrentals.com
Evento,rentevento.com
Excel Truck Center,excel-truckcenter.com
"Factory Cleaning Equipment, LLC",thesweeper.com
Fairfield Equipment LLC,fairfieldequip.com
"Family Medical Equipment & Supply, Inc.",familymedicalpeoria.com
Farm Power Tractor Repair,
Farm Progress Show Decatur,farmprogressshow.com
Farmall Works,
Fastener Superstore,fastenersuperstore.com
Fine Motors Tractors,
Finkbiner Equipment Co,finkbinerequipment.com
Finnegans' RV Center,finnrv.com
Fischer Crane Co,fischercrane.com
Fitzgerald Equipment Co,fitzgeraldequipment.com
Five Star Equipment Rental And Supply,fivestargroup.biz
Flatbed Equipment,flatbedequipment.com
Fleet Equipment Center Inc,fleetequipment.com
FleetPro Parts & Tires Inc,fleetpropt.com
"Fliginger Equipment, Inc.",fligingerequip.com
Floyd Steel Erectors Inc.,floydcrane.com
Forest Garage Doors,forestdoor.com
"Forklift Firm, LLC.",forkliftfirm.com
Forklift of Liberty,forkliftofliberty.com
Forklifts N More,forklifts-n-more.com
"Forming America, LLC.",formingamerica.com
Four Seasons Amusements,fourseasonsamusements.com
Frain Industries,fraingroup.com
Frank's Small Engine Repair,frankssmallenginerepair.weebly.com
Franks Mobile Lawnmower Repair and More...,
Froggys bouncers & party rental,
Fun Bounces Rental,funbouncesrental.com
Funtime Services Event Rentals,funtimeevent.com
FunTown Inflatables,funtowninflatables.com
G And M Rentals Inc,
G.F. Crane Service,gfcrane.com
"G & H Marine, Inc.",ghmarine.com
G & R Equipment Inc,americantrux.com
Gallo Equipment Company,galloequipment.com
Gateway Rental,gatewayrental.net
GEA Farm Technologies Inc,gea.com
General Equipment Corporation Of Illinois,gecofil.com
General Kinematics Corporation,generalkinematics.com
General Truck Parts & Equipment,generaltruckparts.com
GenServe Generator Service,genserveinc.com
German-Bliss Equipment Inc.,germanbliss.com
Gilco Scaffolding Co,gilcoscaffolding.com
Gladwin Machinery & Supply Inc,gladwinmachinery.com
"Glenview Luxury Imports Car Dealership, Used Cars, Aston Martin",glenviewluxuryimports.com
Glenview Portable Toilet Rentals,
Global Equipment,
Goebbert's Farm - South Barrington,goebbertspumpkinfarm.com
Goldrock Event Rentals LLC,goldrockrentals.com
Grand Rental Station Tool Equip Dept: 7am-4pm M-F; SAT 8am-1pm ------ Party Rental Dept: M-F 9am-4pm,grandrentalfairview.com
Gravely Tractor Sales & Services,
"Great Lakes Equipment Sales, Inc.",usedvacuumtrucks.com
Greenwise Landscapes,iamgreenwise.com
griswold feed and seed store,
Groth Manufacturing,grothmfg.com
GSC Lease LLC,gsclease.com
Guardian Material Handling,guardianmaterialhandling.com
H & A Rentals,handarentalsil.com
H&R Agri-Power Farm & Turf formerly know as F.B. McAfoos & Company,hragripower.com
H&S Windy City Towing,hswindycitytow.com
"Hall Equipment Company, LLC",hallequip.com
Hall's G.E.D. Towing Inc,hallsgedtow.com
Hall's Rental,hallsrental.com
Halloran Power Equipment Inc,halloranpower.com
Handy True Value Hardware,truevalue.com
Hanover Park Portable Toilet Rentals,
Hardrock Equipment Rentals Inc,hardrockequipment.net
Hartmann Turf & Tractor,hartmannturf.com
Heartland Tents & Event Rentals,heartlandtents.com
"Heath Industrial Auction Services, Inc.",heathindustrial.com
helix professional tools,helixtools.net
Helken Equipment,helkenequipment.com
Herdzco Industrial,herdzcoindustrial.com
"Herriott's Rents, Tents, & Events",herriotts.com
"Hertz Farm Management, Inc.",hertz.ag
Hi-Way Tractor & Equipment,hiwaytractorreviews.com
Historic Wagner Farm,glenviewparks.org
Hodges Aerial Equipment Rental,
Hoebing's Lawn & Garden,hoebingslawnandgarden.com
Hoerr Machinery,hoerrmachinery.com
Hoffman Estates Portable Toilet Rentals,
"HOGAN GRAIN, INC.",hogangrainequip.com
"Hollywood Crane Services, Inc.",
Holman Auto Truck,holman.com
Holt Equipment Rental,
Home Services,iaqductcleaning.com
House of Rental,houseofrental.com
"Hoyer Outdoor Equipment, Inc.",hoyerequipment.com
HTE Rental Services,
HUMBOLDT MFG. CO.,humboldtmfg.com
Hutchins Excavating,hutchinsexcavating.com
"Hwacheon Machinery America, Inc.",hwacheon.com
HWC Crane Service Inc.,hwccraneservice.com
I-80 TRUCK AND TRAILER REPAIR,diesel.com
Ibarra Motors Inc,ibarramotors.com
Illini Contractor Supply,illinicontractorsupply.com
"Illini Hi Reach, Inc.",hi-reach.com
Illini Outdoor Power,illinioutdoorpower.com
Illinois Aggregate Equipment,
Illinois Conveyor Enterprises,illinoisconveyorenterprises.com
"Illinois Crane, Inc",illinoiscrane.com
Illinois Equipment Distributors,illinoisequipmentdistributors.com
"Illinois Industrial Equipment, Inc.",budget-forklifts.com
Illinois Lift Equipment,illinoislift.com
Illinois Power Equipment,illinoispowerequipment.com
"ILoca Services, Inc.",semitrailers.net
Impel Union - Chicago,impelunion.com
"Imperial Crane Services, Inc",imperialcrane.com
INDECK Power Equipment Company,indeck.com
Industrial Battery,industrialbatteryinc.com
Industrial Plant Machinery Sales,ipeinfo.com
Infinity Truck Sales Inc,infinitytrucksales.net
Inflatafun Rentals,inflatafunrental.com
Integra Asset Solutions,integra-as.com
"Interstate Construction Equipment, Inc.",interstateconstructioneqpt.com
Irvin Tractor,irvintractor.com
Iwema Excavating,
J and R Sales Service and Repair Inc.,
J&M Small Engine Repair Inc.,jmsmallenginerepairinc.com
J.O. Harris Sales,joharrissales.com
J&R Rental,jrrental.com
J & S Lawn Mower & Equipment,
Jack's Inc. Power Tool Center,jacksrental.com
Jansen Farm Equipment Inc,jansenfarm.com
JC Licht Ace Hardware Berwyn,jclicht.com
Jefco Crane Service,jefcocrane.com
Jeff's Small Engine,jeffssmallengine.net
Jelco Inc,jelcoinc.com
JENNINGS IMPLEMENT CO.,jenningsbement.com
Jim Burke Excavating Inc,burkeexcavating.com
JJ Kane Auctions,jjkane.com
JMc Equipment Sales Inc.,jmcequipmentsales.com
Joe's Towing & Recovery,joes-towing.com
John Deere & Co Demo Site,
John Deere Commons,
John Deere Construction & Forestry,
John Deere Moline Cylinder Works,
John Deere Parts Distribution Center,
John Deere Store,johndeerestore.com
"John J. Cahill Plumbing, Heating & Air Conditioning",cahillinc.com
John's Crane & Hoist Services Inc,
John Sakash Company,johnsakash.com
Johnsen's Farm & Country Store,johnsensfarmandcountrystoreelburn.com
Johnston Machinery Corporation,johnstonmachinery.com
Johnstone Supply,johnstonesupply.com
Jones Boys Inc,jonesboysinc.com
"JRH Services, INC",jrhservicesdecatur.com
Jumpin Jupiter Moon Bounce,jumpinjupiters.com
JX Truck Center - Bolingbrook,jxtruckcenter.com
K B Crane Services Inc,
K1 Transfreight Inc,k1transfreight.com
Karyme's Party Rentals,karymespartyrentals.com
Kas Rental,kasrental.com
Kemper Industrial Equipment,kempermidwest.com
Kempler Industries Used Machinery,kempler.com
Kevins Bobcat Rentals & Sales,
KG Lift,kgliftinc.com
Kinetic Remote Systems TechnoCranes,kineticremotesystems.com
Kitamura Machinery of USA,kitamura-machinery.com
KMH Systems Inc,
Knee Walker Rental Wheeling,
Knoll Crane Inc - Crane Rental Service,knollcraneinc.com
Koebers Medical Supply,koebersmedicalsupply.com
Komatsu America Corp.,komatsu.com
Kubota,pillareq.com
Kubota Engine America Corporation,kubotaengine.com
Kuhns Equipment LLC,kuhnsequip.com
Kurent Safety & Industrial Supply,kurentsafety.com
La Bendicion Truck Sales,
"La Grange Crane Service, Inc.",lagrangecrane.com
Ladd Farm Mart,laddfarmmart.com
Landa Party Rentals,landapartyrental.com
Lang Home Medical Equipment,langhme.com
LAUGFS USA LLC,laugfsrubber.com
"Lawson Products, Inc",lawsonproducts.com
Leach Enterprises,leach-ent.com
Lee Jensen Sales Co Inc,leejensensales.com
Lehan's Medical Equipment,lehansmedical.com
"Leroy's Lawn Equipment, Inc.",leroyslawnequipment.com
Let's Party Rental,letspartyrental.com
Liberty Machinery Company,libertymachinery.com
Lifestyle Equipment LLC,lifestyle-equipment.com
Lift & Load Machine Rentals,liftandloadmachinerentals.com
"Lift Systems, Inc.",lift-systems.com
Liftomatic Material Handling,liftomatic.com
LiftTech Material Handling Services,lifttechmhs.com
LINC Systems - Distribution Center,lincsystems.com
Lincoln Rental & Sales,lincolnrent-all.com
Lion Fencing,lionfencing.com
Little Tractor & Equipment Company,littletractor.com
Lizzy Lift,lizzylift.com
Loeb,loebequipment.com
Lombard Party Rentals,lombardpartyrental.com
Lopez Event Rentals,lopezeventrentals.com
Luna Party Rental,lunapartyrental.com
Lynch Chicago Inc.,lynchchicago.com
Lynde Brothers INC,dumpster-rental.com
"M&K Truck Centers, Des Plaines",mktruckcenters.com
M&M Equipment Corp.,mmequip.com
M & T Truck Sales,mt-trucks.com
Machinery Marketing International,mmi-direct.com
Machinery Parts Warehouse,machinerypartswarehouse.com
Machinery Pete,machinerypete.com
"Machinery Solutions Group, Inc.",machinerysolutionsgroup.com
Machinery Systems Inc.,machsys.com
Macy's,macys.com
MAH Machine Company,mahmachine.com
Manheim Chicago,manheim.com
Mann Cranes Inc Mann Crane Services,
Manny's Forklifts Inc,
Mark Drug Medical Supply,markdrugmedicalsupply.com
Marky Booth Photo Booth Rental | Chicago,markybooth.com
Marley Starr Entertainment Llc,marleystarrentertainment.com
Martin Equipment,martinequipment.com
MAS Rigging Inc,masrigging.com
Mascoutah Equipment Co Inc,mascoutahequip.com
"Master Truck & Trailer, LLC",
MASTERMAN Heavy Equipment Service LLC,mastermanheavyrepair.com
MatchHire,matchhire.com
Material Handling & Equipment,materialhandling.com
Material Handling Wholesale,mhwc.com
Mathews Co,mathewscompany.com
Mathis-Kelley Construction,mathis-kelley.com
Mathis-Kelley Construction Supply Company,mathiskelley.com
Max Pro Truck Service Inc.,
"MC Machinery Systems, Inc.",mcmachinery.com
McCabe Bros Incorporated,
McCann Industries,mccannonline.com
McCullough Equipment Group Frankfort,mcagplus.com
McKenna Automotive Services & Hydraulics,servicebymckenna.com
MDM Entertainment,mdmentertainment.com
Mechanic GFB Inc,
"Medical Supplies and Services, Inc",medicalsuppliesandservices.com
MedServ Equipment Corp,medservdme.com
MedSource LLC,medsourcellc.com
Meinke Garden Center Inc,meinkegardencenter.com
Menards,menards.com
Meridian Implement,
Meridian Implement Co,meridianimplement.com
Merit Crane Rental LLC,meritcrane.com
"Merx Truck & Trailer - Schaumburg, IL",merxtt.com
Metro Lift Truck Services,metro-lift.com
Meurer Brothers Tree Care,mbtreecare.com
"MGS Rentals, LLC",mgsrentals.com
Mid-States Aggregate Equipment,midstatesagg.com
Midwest Construction Rentals,midwestconstructionrentals.com
Midwest Crane and Rigging Inc.,midwestcraneandrigging.com
Midwest Equipment,midwestequip.com
Midwest Equipment Rental & Sales (Formerly DeKalb Tool Rental),rentmidwestequip.com
"Midwest High Reach, Inc.",midwesthighreach.com
Midwest Industrial Sales,mwisales.com
Midwest Industrial Supplies & Services Inc,
Midwest Millwright Services Inc.,midwestmillwrightservices.com
Midwest Mobility,midwestmobility.net
"Midwest Paving Equipment, Inc.",midwestpavingequipment.com
MIDWEST POWER EQUIPMENT INC,midwestpowerequipmentinc.com
Midwest Tractor Sales Breese,midwesttractorsales.com
Midwest Wholesale Tractors,midwesttractors.com
Midwestern Propane Gas Co.,midwesternpropane.com
Midwestern Sales Company,midwesternsales.com
Mike's Crane Rental,mikescranerental.net
Milestone Equipment & Supplies,mestornado.com
Mills Technologies,mills-technologies.com
Mississippi Truck & Trailer,qctrailers.com
Mississippi Truck & Trailer,mistnt.com
Mitsubishi Materials USA Corporation,mmus-carbide.com
MM Warehouse Pallet Racking,iwswarehouseracking.com
Mobile Office Inc,mobileofficeinc.com
Morgan Equipment Rental,
Moritz Equipment & Outdoor Power,moritz-equipment.com
Morris & Company Entertainment Inc.,morrisco.com
"Mowers And More, Inc.",mowersandmoreinc.com
Mowers Direct,mowersdirect.com
Mt. Sterling Implement Co.,mtsterlingimplement.com
Mueller Aerial Equipment Rental,
Murphy's Contractors Equipment,murphyscontractorsequip.com
Mutual Ace Hardware,mutualrentals.com
Mutual Sales Corporation,mutualsalescorp.com
Mutual Wheel Co.,mutualwheel.com
MVP Truck Parts,mvptruckparts.com
Naperville Portable Toilet Rentals,
"Napleton's River Oaks Lincoln, LLC",napletonlincolnriveroaks.com
National Lift Truck,nlt.com
National Rental Inc.,
National Truck & Construction Parts,ntandcparts.com
Nava Rentals,navarental.com
Next Level Lift & Equipment inc.,nextlevelliftinc.com
Nichols Crane Rental Co,nicholscranerental.com
Nichols Tillage Tools Inc,
NITE Equipment,niteequip.com
NOBLELIFT North America,nobleliftna.com
Noonan Equipment & Event Rental,noonanrental.com
Noram,
Nordstrom,nordstrom.com
Normal Portable Toilet Rentals,
North Shore Towing & Semi Truck Heavy Wrecker,northshoretowinginc.com
North Star JCB,northstarjcb.com
North Wall Rock Climbing Gym,climbnorthwall.com
Northshore Medical Supplies,nsmglenview.com
Northshore Truck & Equipment,northshoretruckequipment.com
Northwest Freightliner,northwestfreightliner.com
Northwest Lawn & Power Equipment,northwestlawnandpower.net
NorthWest Truck & Trailer Repair Inc,nvatransportation.com
Northwest Trucks-Bolingbrook,nwtrucksbolingbrook.com
Novak and Parker Home Appliance,novakandparker.com
Nu-Trend Accessibility Systems,nutrendaccess.com
O'Donnell Crane Services,odonnellcrane.com
O'Hare Towing Service & Semi Truck Heavy Duty Wrecker,oharetowing.com
"O'Leary's Contractors Equipment & Supply, Inc.",olearysequipment.com
O'Neil Metal Buildings and Roofing,oneilbuildings.com
Oak Hill Equipment LLC,oakhillequipmentllc.com
Oak Lawn Party Rentals,oaklawnpartyrentals.com
Oak Lawn Portable Toilet Rentals,
Ogden Motors,ogdenmotors.net
Okawville Equipment,okawvilleequipment.com
OLD ORCHARD NISSAN,oldorchardnissan.com
OLYMPUS Culinary Solutions,olympusculinary.com
One Source Equipment Rentals,onesourcerental.com
Onyx Excavation & Demolition,demolitionbuffalogrove.com
"Orion Machinery, Inc.",orionmach.net
Orland Park Portable Toilet Rentals,
"Overhead Material Handling Illinois, Inc.",overheadmaterial.com
P&G Crane,pandgcrane.com
Palatine Farmers' Market,palatine.il.us
Parallel Ag,parallelag.com
Park Ridge Portable Toilet Rentals,
Party People Rental Company,partypeoplerental.com
Party Plus Events,partypluspalatine.com
Party Time - Deco & Rentals LLC,partytime-decoandrentals.com
Paul's Crane Service LLC,paulscraneservicellc.com
Pawlicki Enterprises LLC,pawlickienterprises.com
Peabudy's North,peabudysinc.com
"Pennell Forklift Service, Inc",pennellforklift.com
Pepe's Party Rental,pepespartyrental.com
Perfection Global,perfectionglobal.com
PERI Formwork Systems Inc. | Chicago Yard,peri-usa.com
"Peters Machine, LLC",petersmachine.com
Petland Hoffman Estates,petlandhoffmanestates.com
Pfister Seeds,nutechseed.com
PHS Lift,phslift.com
Pines Rental,pinesrental.com
Plainfield Party Rental,plainfieldparty.com
Plainfield Trailer Rentals,mytrailer.rentals
Pleasant Street Machinery,pleasantstmachinery.com
"PORTA-AIR, INC",porta-air.com
Portable Equipment Company,
Power Garage Doors,power-garagedoors.com
Power Lift Equipment Inc,powerliftinc.com
Prairieland Feeds,prairielandfeeds.com
Prism Health Care Services & Prism Retail Store,prismhc.com
Prolift Inc | Forklift Repair,proliftchicago.com
Puig Tool & Equipment,puigtool.com
QC Crane,qccrane.com
Quad Cities Gardening Equipment and Supply,qcgardeningsupply.com
Quality Lift Truck Service Inc,qualitylifttruckserviceinc.com
Quality Machine Tool Services,qualitymts.com
Quality Rental & Sales,qualityrentalandsales.com
Quality Truck & Equipment Co.,4qte.com
"Qualityused, LLC",qualityused.store
Quincy Portable Toilet Rentals,
Quincy Rental,quincyrental.net
"Quincy Tractor, LLC",quincytractor.com
R-Equipment,requipment.com
R G Smith Equipment Co,
"R Gingerich Crane, Inc.",gingerichcrane.com
R.H. Witt Heating & Sheet Metal,rhwitt.com
R L Hoener Co,
R R Hafley Crane Services Inc,
RA Equipment LLC,
Rack Attack Chicago,rackattack.com
RAECO Rents LLC,raecorents.com
Ralph Helm Inc. Lawn Equipment Center,ralphhelminc.com
Ramsey Farm Machinery,ramseyfarmmachinery.com
Randall Industries,randallind.com
Raptor Tech Inc.,raptortechinc.com
Ray O'Herron Company,oherron.com
RCE Equipment Solutions,rcequip.com
Red E Crane,
Reed Machinery & Transportation,reedmachinery.net
Regional Truck Equipment,regionaltruck.com
Reid Equipment Rental,
Rent AC,rent-ac.com
Rent Rite Equipment,rentriteequipment.com
Rental City Inc,rentalcityil.com
Rental Housing.Rentals,
"Rentals & More, Inc.",rentalsandmoreinc.com
Rentals Unlimited,rentals-unlimited.com
Revels Turf & Tractor,revelstractor.com
Richard Aerial Equipment Rental,
Richards Building Supply,richards-supply.com
Richelieu Chicago,richelieu.com
Ricon,riconcorp.com
Riechmann Bros. LLC,riechmannbros.com
Rigging Services Inc,riggingsvs.com
"River Rand Auto Truck & Trailer Rental, LLC.",
RNT,
RoadLift Towing & Recovery LLC,roadlifttowing.us
Roc-Pit Equipment - MASCHIO GASPARDO Full Line Store,rocpitequip.com
Rock River Outdoor Equipment,rockriveroutdoorequipment.com
"Rocket Crane Services, Inc",rocketcranes.com
Rockford Industrial Equipment,rieonline.com
Rockford Portable Toilet Rentals,
Rockford Rigging,rockfordrigging.com
Rohlfs Implement Co.,rohlfsimp.com
Roland Machinery,rolandmachinery.com
ROQ Events & Photo Booths,roqevents.com
Route 12 Rental Company,route12rental.com
Route 14 Rental - Sales - Service,
Route One Trailers,routeonetrailers.com
"Royal Crane Service, Inc",royalcrane.us
RP Heavy Equipment Services LLC,
RP Rents,gorprents.com
RRMC DIESEL TRUCK REPAIR,
Runnion Equipment,runnionequipment.com
Rupp Equipment Rentals,ruppmasonry.com
Rupp Rental Quincy IL Equipment Rental,rupprental.com
Russ Erlinger Crane Service,erlingercrane.com
Russell Aerial Equipment Rental,
Russo Power Equipment,russopower.com
RWA Ventilation Solutions (WeSellFans.com),wesellfans.com
S&K Industrial - Decatur,sandkindustrial.com
Salgados Party Rental,salgadospartyrentals.com
Santana Equipment Forklift Sales and Rentals,santanaequipment.com
Savage Pro Audio,
Scandinavian Ski Shop,scanskishop.com
Schaaf Equipment Co,schaafequipment.com
SCHAUMBURG MACHINERY TECHNOLOGY,smtmachineries.com
Schneider Crane Services Inc,schneidercrane.com
Scorp AI Vision | 360 Degree Photobooth Rental Service,scorpaivision.weebly.com
Scott Equipment Sales,scottequipmentsales.com
Seedburo Equipment Company,seedburo.com
Semi Truck & Trailer Center Inc,pclogisticsgroup.com
Service One Access Inc,serviceoneaccess.com
ServiceNET,servicenetforklift.com
Shaff Implement Co Inc,shaffimplement.com
Shavitz Heating and Air Conditioning,shavitz.com
Sherman Mobility Superstore,shermandodge.com
Shiloh Valley Ag Sales,shilohvalleyag.com
Shiloh Valley Equipment Co,shiloh-valley.com
Shorewood Home & Auto,shorewoodhomeandauto.com
Sievers Equipment Co,sieversequipment.com
Sievert Crane & Hoist,sievertcrane.com
Signature Truck Center,signaturetruckcenter.com
SITECH Midway,sitechmidway.com
Skokie Portable Toilet Rentals,
Sky Climber Access Solutions - Chicago,skyclimberaccesssolutions.com
Skyline Djs Entertainment,
"Sloan Implement - Lanark, IL",sloans.com
Smith Machinery,smithmach55.com
Snax rentals,snaxrentals.com
Somerset Equipment Sales,somersetequipmentsales.com
Sparta Equipment Sales & Services,spartaequipment.com
Specialty Equipment Insurance Services,specialtyequipmentinsurance.com
Specialty Vehicle Sales Inc,specialtyvehiclesalesinc.com
Spiker Farms,spikerfarms.com
Springfield Farm & Home Supply,farmandhomesupply.com
Springfield Tractor & Trailer Sales Inc.,sttsi.com
"SRJ, Inc",gett-tooth.com
Standard Equipment Company,standardequipment.com
Standard Industrial & Automotive Equipment Inc,standardus.com
Standard Lumber Company,standardlumberco.com
Sterling Steel & Crane Service,
"Stevenson Crane, Rigging & Heavy Haul",stevensoncrane.com
Streamwood Porta Potty Rentals,
Streamwood Portable Toilet Rentals,
Suchomski Equipment,suchequip.com
Suits Equipment Rental,suitsequipmentrental.com
Superior Tool Rental & Repair,superiortoolrental.com
Supreme Party Rentals & Services,
Surplus Record Machinery & Electrical Equipment,surplusrecord.com
"SVI International, LLC.",sviinternational.com
TCB Equipment Leasing,tcbequipmentleasing.com
TE Equipment LLC,teequipment.com
Ted's Feed Store,tedsfeedstore.com
TeeJet® Technologies,teejet.com
Temperature Equipment Corp.,tecmungo.com
The Cary Company,thecarycompany.com
The GLEN VIEW,glenviewluxuryapartments.com
The Music Shoppe Inc.,themusicshoppe.com
The Rental Guys,qcrentalguys.com
The Treehouse of Schaumburg Luxury Apartments,treehouseofschaumburg.com
The Wrench Truck & Trailer Repair,thewrenchrepair.com
Thomas Construction Equipment Rentals,
"Thompson Rental Station, Inc.",thompsonsrental.com
Three Oaks Recreation Area,crystallake.org
Tinley Park Portable Toilet Rentals,
"Tinney Tool & Machine Co., Inc.",tinneytool.com
Tohnichi America Corporation,tohnichi.com
"Tom's Service Zone, LLC",tomsservicezone.com
Top Fitness Store - Downers Grove,topfitness.com
"Toplift North America, Inc",topliftnorthamerica.com
Totally Wired Services,totallywiredservices.com
Tower Equipment Corp,towerequipmentcorp.com
Transport Equipment Inc,transportequipmentinc.com
Trellis Farm & Garden,trellisfarm.com
Trench Plate Rental Co,tprco.com
Tri-County Event Rentals,werenttables.com
Trident Crane Service,tridentcrane.com
Tristate Machinery Inc,tristatemachinery.com
Truck Clinic Corp.,truck-clinic.com
Turek and Sons Construction Supply,turekandsons.com
Two Men and a Junk Truck,twomenandajunktruck.com
U Pull It Rentals,upullitrentals.com
U.S. Machinery Movers,usmachinerymovers.com
"Ultimate Machining & Engineering, Inc.",ultusa.com
"Ultimate Rental Services, Inc.",ultimaterentalservices.com
Unique Party Rental,upartyrental.com
United Heavy Equipment,
United Standard Industries,unitedstandard.com
United States Equipment Exchange,useex.com
Unzicker Equipment Inc.,unzickerequipment.com
Uplift Equipment,upliftequipment.com
Urbana Portable Toilet Rentals,
US Equipment Sales and Rentals,usequipsales.com
US Lift & Warehouse Equipment Inc.,uslift.com
Used Equipment House,usedequipmenthouse.com
USM ReRents,usmrerents.com
USSI Rentals Inc.,utilityssi.com
V & J Lawn Mower Repair and Snow Blower Repair,vandjparts.com
VandJ Landscaping & Services Inc,vandjlandscape.com
Vermeer Midwest,vermeermidwest.com
Victoria Equipment Co,victoriaequipment.com
Village Plumbing & Sewer Service Inc.,villageplumbing.org
"VIPAR Heavy Duty, Inc.",vipar.com
"Voss Equipment, Inc",vossequipment.com
Wabash Power Equipment Company,wabashpower.com
"Waggoner Equipment Rental, LLC",waggonerllc.com
"Warner Farm Equipment, Inc.",warnerbrothersinc.com
Water Clinic,
Waukegan Porta Potty Rentals,
Way-Ken Contractors Supply Company,way-ken.com
We Lift You,weliftyou.com
Weaver's Rent-All,weaversrentall.com
Weimer Machine,weimermachine.com
Weissenborn Lawn Equipment,weissenbornlawn.com
Wellbuilt Equipment,wellbuiltequipment.com
"Wes's Service, Inc.",wessservice.com
Wesco,anixter.com
West Peoria Hardware,
Western Landscape Supply,westernlandscape.biz
Wheaton Dumpster Rental,
Wheaton Porta Potty Rentals,
Wheaton Portable Toilet Rentals,
Wheel & Sprocket,wheelandsprocket.com
White Equipment Rentals,
Whitey's Crane Rental,whiteyscranerental.com
Wieland's Lawn Mower Hospital,gowielands.com
WildCountry,wildcountry4fun.com
Willrett Farms Pioneer Seeds,willrettfarms.com
Win Win Equipment,winwinequipment.com
Wirtz Rentals Co,wirtzrentals.com
Wolter / formerly Midway Industrial - moved to Bolingbrook location,midwaylift.com
Woods Equipment Company,
World of Powersports (Decatur),worldofpowersports.com
Worldwide Equipment Sales LLC,wdelivers.com
Yaeger's Farm Market & Distributing Company,yaegersfarmmarket.com
YARDMAX,yardmax.com
"Yarger Machinery Sales, Inc.",yargersales.com
Yates Aerial Equipment Rental,
Zorin Material Handling Co,
1 TEC Properties Tree Service,1tecproperties.com
3D Construction & Equipment Rental,
A-1 EQUIPMENT,a-1equipment.com
A-1 For Fun,a-1forfun.com
"A & M Equipment, Inc.",
AAYS Event Rentals,aaysrental.com
ABI Attachments,abiattachments.com
AC Stace Party Rentals,acstacepartyrentals.weebly.com
Ace Equipment Rental,aceequipmentrental.com
Action Equipment Sales,actionequipmentsales.com
Advance Equipment Service,advanceequipmentservice.com
Affordable Tree and Crane Service,
AFR EQUIPMENT,afrequipment.com
"Airworx Construction Equipment & Supply, LLC",airworxcorp.com
Al Paso Used Equipment LLC,
All-American Tent Rental,allamericantents.com
Allied Equipment Service Corp,allied-eq.com
Alta Equipment Company,howelltractor.com
Alvarez Party Rentals,alvarezparty.com
American Party-Time Inc,americantoolandpartyrental.com
American Rental Home Furnishings,shopamericanrental.com
American Tool-Time LLC,americantooltime.com
AmeriRent Equipment,amerirentequipment.com
AMG Resources Corporation,amgresources.com
Apex Rentals & Sales LLC,apextrailer.net
Aqua Systems of Muncie,ilovemywater.com
ASAP Tree and Crane Services,asapindy.com
Axle Inc.,axleinc.com
"B & C Services, Inc",muncieheavytruck.com
B&W Equipment Co,bandwequipment.com
Badger Indiana Equipment,badgerindianaequipment.com
Bane Welker Equipment - Terre Haute,bane-welker.com
"BC Heavy Truck & Electric, INC.",bcheavytruck.us
Beaver Materials,beavergravel.com
Bedford Crane Services,iseco-bcs.com
Beemsterboer Slag & Ballast,beemcompanies.com
Bendle Lawn Equipment - Main,bendlelawnequip.com
"Best Equipment Company, Inc.",bestequipmentco.com
Bingham Farm Machinery,binghamfarmmachinery.com
Black Equipment,blackequipment.com
BLACK Industrial & Safety Supply Inc,blackindustrial.com
BLACK JCB,blackjcb.com
"Blesch Brothers Equipment Co., Inc.",bleschbros.com
Bluestone Tree,bluestonetree.com
Blufftoncranecompany,blufftoncranecompany.com
Bobcat of Fort Wayne,bobcatoffortwayne.net
Bobcat of Indy,bobcatofindy.com
Bobcat of Lafayette,bobcatoflafayette.com
"Bohl Crane, Inc.",bohlco.com
Booth Machinery Sales,boothmachinery.com
Bowen Construction Equipment Rentals,
Boyd & Sons Machinery,boydandsonsmachinery.com
Brolyn Auctions,brolynauctions.com
Budget Tractor Rental,
Burnham Rentals,burnhamrentals.com
"Burns Rent-Alls, Inc. Tool Rental",burnstoolrentals.com
Butch Evans Equipment Sales,butchevanseq.com
Cahill's Rental & Sales Inc,
Calcon Industrial Supply,calconsupply.com
Campbell's Service Equipment & Parts,indianapolismowerrepair.com
Campus Rentals,bsucampusrentals.com
Capital Machinery Systems,capital-compressor.com
Caribbean Truck and Equipment,caribbeantruckandequipment.com
Carmel Welding,carmelwelding.com
Castongia Tractor,castrac.com
Castongia Tractor,castongias.com
CDR Crane Rental,
Chinn Equipment Co Inc,chinnequipment.com
Cintas Facility Services,cintas.com
Circle City Equipment Rentals,circlecityequipment.com
Claussen Equipment Co,claussenequipment.com
Coker Crane,cokercraneindy.com
Coldwell & Company,coldwellco.com
Collins Ag Equipment,collinsagequipment.com
Collins Equipment,collinseq.com
Columbus Indiana Party Rentals,columbusindianapartyrentals.com
Complete Outdoor Equipment,completeoutdoorequipment.com
Compliance Crane Services,compliancecrane.com
Connolly's Do it Best Hardware & Rental,doitbest.com
Continental Battery Systems of Indianapolis,continentalbattery.com
Contractors Equipment & Supplies,
Crane Credit Union,cranecu.org
"Crane Environmental Services, LLC",crane-es.com
Crane Industrial Service Company Inc.,ciscocrane.com
"Crane Remodeling & Contracting, LLC",
Crane Technology Inc,
CRE Rentals,crerentals.com
Dalton Equipment Rentals,
Dave's Farm Service LLC,davesfarmservice.com
DB Equipment Rentals LLC,
Dean Ford Farm Equipment,deanfordfarms.com
Dean's Rent All,deansrentall.com
Deaney Equipment,deaneyequipment.com
Dearborn Overhead Crane,dearborncrane.com
DEK Heavy Equipment Service LLC,
Derby Hill Equipment,derbyhillequipment.com
Deshazo Crane,
DirtPro Skidsteer Rental,
DIY Rentals,diyrentals.org
"Doc's Crane & Rigging, Inc",docscraneandrigging.com
"Don Grubb Excavating & Used Equipment, Inc.",
Dorsey Excavating,dorseyexcavating.com
Dotlich Crane Services,dotlichcrane.com
Dowling Sons Inc.,
Drews Parts,drewsparts.com
Edward's Equipment,edwardstractor.com
Edwards Equipment,edwardsfarmequip.com
Ellettsville True Value Hardware & Rental,ellettsvilletruevalue.com
Elper's Truck Equipment - a Fleet Service Partners Company,elperstruck.com
Equipment Remarketing LLC,99lifts.com
Equipment Surplus,
ERS,ersvacrent.com
Everywhere Signs & Crane Service,everywheresigns.com
"Excel Equipment, LLC",excel-equipment.com
Family Planet LLC,
Ferguson Equipment Inc.,
First Place Rental,firstplacerental.com
Fitzsimmons Home Medical Equipment,fitzhme.com
FLT Equipment,kmhfleet.com
Forklift Man LLC,forkliftmanllc.com
"Four Star Rental, Inc",fourstarrental.com
Fowler Industrial Services LLC,
Full moon party rentals,fullmoonpartyrentals.com
G & L Corporation,g-lcorp.com
G.M.B. Towing NOBODY PAYS MORE FOR JUNK CARS,sellyourfleet.net
G & W Excavators Inc,
Gardners Outdoor Power Equipment,gardnersopein.com
Gary Material Supply,garymaterial.com
General Rentals Corporation,generalrentals.com
George Machinery LLC,georgemachinery.com
"Gillette Generators, Inc",gillettegenerators.com
Glascock Equipment & Sales Inc.,gesales.com
Global Equipment Truck Sales,gemtrucksales.com
Golden Aerial Equipment Rental,
Gotta Go Surplus,gottagosurplus.com
Graber Crane Service,grabercraneservice.com
Graber Crane & Transport Service,
Green Farm Parts,greenfarmparts.com
Greenwood Tool Rentals and Party Supplies,greenwoodtoolrental.com
Griffin Fluid Management,griffinfluidmanagement.com
Ground Force Equipment,groundforceequipment.com
H&R Industrial,hrindust.com
Hague Quality Water of Kokomo,kokomoqualitywater.com
"Hahn Systems, LLC",hahnsystems.com
Hamlin Equipment Rental,hamlinrental.com
Hammond Machine Works Inc,hammondmachine.com
Hampton Equipment LLC,hamptonused.com
Hardings Inc,hardingsinc.com
Hare Truck Center,haretruckcenter.com
Hawkins Industrial Truck,
Heartland Tree Service,heartlandtreeservices.com
Heavy Equipment Parts Store,heavyequipmentpartsstore.com
Herc Rental,
Hercamp Crane,31wrecker.com
Hercules Machinery Corporation,hmc-us.com
Hi Way 3 Hardware,hi-way3hardware.com
Highland Lawn Mower Service,highlandlawnmowerservice.com
"Hoist Material Handling, Inc.",hoistlift.com
Holder Equipment LLC,
Hook 4 Hire,hook4hire.com
Hoosier Crane Service,
Hoosier Crane Service Company,hoosiercrane.com
Hoosier Tools,hoosiertools.com
"Hopf Equipment, Inc.",hopfequipment.com
"Howmac, Inc.",howmacinc.com
Hudson Tool Rental,hudsonrental.net
I Dig It Rentals LLC,
Ibex,ibexequipment.com
ICE Rigging,
Indiana Equipment Repair and Sales,indianaequip.com
Indiana Equipment Sales,indianaequipmentsales.org
Industrial Air Centers,iacserv.com
Industrial Installations Inc.,industrialinstallations.com
"Industrial Motor & Tool, LLC",imtdirect.com
"Industrial Rents, Inc.",
Indy Equipment Rental,indyequipmentrental.com
Indy Inflatables of Kokomo,indyinflatables.com
Indy Rental & Sales,indyrents.biz
"Integrity Sales & Service, Inc.",99trucks.net
"Iron Ranch Equipment, LLC",ironranchequipment.com
ITR America,itramerica.com
J & D Machinery Repair,jdmrin.com
J G Case Construction Inc,jgcase.com
"JB's Salvage, Inc",jbsalvage.com
JC Rental & Sales LLC,jcrentalllc.com
"JCB Excavating, LLC",
"JED Equipment Co., Inc",jedequipment.com
Job Rentals and Sales,
John Deere,ttgequipment.com
Johnson Crane Services,
"JTH Industries, LLC",jthindustriesllc.com
Jumpin Wheelies Party Rentals,jumpinwheelies.com
Juncker Brothers Sales & Services,
Juncker Outdoor Power & Equipment,junckerinc.com
K & R Tool Shed,toolshedindy.com
K&S Rolloff,kandsrolloff.com
"Ken Shourds Equipment, Inc.",kenshourdsequipment.com
Kenney Machinery Corporation,kenneymachinery.com
Kentucky Truck Sales,kentuckytrucksales.com
Kingdom Jumper's Rentals,kingdomjumpers.com
KnepCo Crane Services,knepcocraneservices.com
Knox Equipment,jwknoxinc.com
Kobelco Compressors Manufacturing of IN,kobelco.co.jp
"Koberstein Rental & Sales, Inc.",kobersteinrental.com
Kokomo Central Equipment Department,
KP's Trailer and Equipment Rentals,kpstrailers.com
Kubota,macallisterkubota.com
Kubota of Terre Haute,kubotaofterrehaute.com
L2 Structures,l2structures.com
LA Farm Equipment,lafarmequipment.com
Lakeshore Equipment Sales,lakeshoreequipmentsales.com
Lawrence County Equipment,lawrencecoequipment.com
Lawrence Tool Rental,lawrencetoolrental.com
Lee's Small Engine Service & Repair,leessmallengineserviceandrepair.com
Lents Crane & Rigging,lentscraneandrigging.com
Lift-A-Loft Corporation,liftaloft.com
Lift It Crane and Rigging,liftitcranes.com
Lift Solutions,liftsolutions1.com
Linton Equipment Sales,
Loader Parts Source,loaderpartssource.com
Log Home Center & Supply,loghomecenter.com
LPZ Equipment Sales & Services,lpzequipment.com
MacAllister Machinery,macallister.com
MACALLISTER MACHINERY AGRICULTURE DIVISION,macallisterag.com
MacAllister Power Systems Rental,macallisterpowersystems.com
MacAllister Rentals,macallisterrentals.com
Machine Tool Solutions,machtoolinc.com
Machinery Mover,machinemoves.com
MainLine Crane Service LLC,
Manitowoc Crane,manitowoccranes.com
Mansfield Material Handling,mansfieldrack.com
Marshall Crane Service,marshallcraneservice.com
Martin Crane Services LLC,martincraneservice.com
Master Rental,masterrental.com
Material Handling Exchange,m-h-e.com
Materials Handling Equipment,mhe-lift.com
McGavic,mcgavic.com
McGavic Outdoor Power Equipment,mcgavicoutdoorpower.com
McMahon Truck Centers Louisville,mcmahontrucks.com
Meisler Trailer Rentals,warehouseonwheels.com
Meredith Machinery,meredithmachinery.com
Meyer Tent Rental,
Meyer Truck Equipment,meyertruckeq.com
MH Equipment,mhequipment.com
Michiana Equipment LLC,michianaequipment.com
Michiana Forklift,michianaforklift.com
Michiana Truck Center,michianatrucks.com
Mid-State Truck Equipment,mid-statetruck.com
Midwest Crane Service,midwestcraneco.com
Midwest Equipment Company - Indiana,taylormidwest.com
"Midwest Equipment & Supply Co., Inc.",mweco.com
Midwest Heavy Equipment,midwestheavyequipment.com
"Midwest Rentals, Inc.",midwestrentalsinc.com
Miller Equipment Rentals LLC,millerequipmentrentalsllc.com
Misco Crane Service,miscoenterprises.com
Mitsubishi Caterpillar Forklift,
Modern Crane Solutions,
Mongo Attachments,mongoattachments.com
More Farm Stores- Warsaw,morefarmstores.com
Morehead Machinery Inc,moreheadmachinery.com
Morrison Construction Company,mcco.com
Morrison Forklift Rental,
MRL Enterprises Inc,mrlmovers.com
Mullin Equipment,mullinequipment.com
Mullin Rental Service,mullinrentalservice.com
Muncie Equipment Rentals,muncieequipmentrentals.com
Muncie Power Products - Muncie,munciepower.com
Myers Excavating,myersexcavation.com
Myers Implement Inc-Farm Equipment,
"Nagel Lift Truck, Inc.",nagellift.com
"New Holland Greentown, Inc.",nhgt.net
New Holland Rochester Inc,newhollandrochester.com
"New Holland Rossville, Inc.",nhrossville.com
Newlon Metals,newlonmetals.com
North Central Outdoor Power,northcentraloutdoorpower.com
Northside Rental Service,northsiderental.com
Northwest Equipment and Trailer,northwestequipmentandtrailer.com
Northwest Towing & Recovery,northwesttowing.com
NWI Generator,nwigenerator.com
Nye's Wrecker Service,nyeswrecker.com
Ogle's Tool & Party Rentals,oglesrentals.com
Ott Equipment Services Inc,ottequipment.com
Outdoor Concepts - Muncie,outdoorconcepts.com
Outdoor Power Equipment,opemuncie.com
Perfect Parties Tents and Events,perfectparties-events.com
PHED Mobility LLC,wheelchairgolfcarts.com
"Plainfield Equipment, Inc.",plainfieldequipment.com
Plevna Implement Company,plevnaimplement.com
"Polley Equipment, LLC",polleyequipment.com
Premier Equipment Sales,premier-es.net
Premier Outdoor Power Equipment,premieroutdoor.in
Premier Outdoor Powersports,premier-outdoor.com
Premium and Exotic Wholesale,premiumandexotic.com
Pro Line Rental and Sales,prolinerental.com
Pro-Trade Tool & Supply Co,
Progress Rail Services,progressrail.com
PullRite/Pulliam Enterprises,pullrite.com
"Quality Forklift Repair, LLC/ Quality Lift Equipment",qle-lift.com
Quality Supply and Tool,qualitysupplyandtool.com
R H Marlin Inc,rhmarlin.com
Raja Crane,
Randolph Aerial Equipment Rental,
"RCS Contractor Supplies, Inc",rcs-supplies.net
Real Discounts,
Red Ball Recycling,redballrecycling.com
Region Party Rentals LLC,regionpartyrentals.com
Region Small Engine and Outdoor Power Equipment Repair,
Rent-A-Tool Rentals LLC,
Rent-A-Wreck,rentawreck.com
Reynolds Farm Equipment,reynoldsfarmequipment.com
"RH Motorsports, LLC",rhmotorsports.net
"Riata Ranch Company, Inc.",riataranch.com
Rigg's Outdoor Power Equipment,riggsdirect.com
Rinker Farm Equipment,mikerinkerfarmequipment.com
RINO Rents,rinorents.com
Robinson Construction Equipment,
Rockport Equipment,rockportequipment.com
Rodriguez Enterprises,rodriguezmaterialhandling.com
"Ronson Equipment Co., LLC",ronsonequipment.com
"Roudebush Equipment, Inc.",roudebushequipment.com
Rowe Truck Equipment of Lafayette,rowetruck.com
"RPM Machinery, LLC",rpmmachinery.com
Ruim Equipment Co. Inc.,ruimequipment.com
Rumpke - Monroe County Resource Recovery Facility,rumpke.com
Runnings,runnings.com
Runyon Surface Prep Rental & Supply,runyonsurfaceprep.com
Rupley Farm Equipment,rupleyfarmlawn.com
Ruxer Truck Center,ruxertruck.com
RW Rolloff LLC,rwrolloff.com
S & A Equipment Rental,sandarentals.com
S & K Air Power Tools & Supply,
Safety Hoist & Crane,safetyhoistandcrane.godaddysites.com
"Safety Training Services, Inc.",safetytrainingservices.net
"Salem Rental, Inc.",salemrentalsalem.com
Sanger Crane Services,
Schaefer's Indiana Turf,indianaturf.com
Scherer & Maxfield Inc,maxfieldsmowers.com
Schrock Farm Supply,
Scott's Crane Service,scottscraneservice.com
Select Equipment Co Inc,selectequipment.net
Selking International Trucks - Fort Wayne,selkinginternational.com
Service Sanitation,servicesanitation.com
Shades Industrial,shadesindustrial.com
Shamrock Truck Sales,shamrocktrucksales.com
Shelby Equipment Inc,shelbyequipment.net
Shorr Packaging Corp,shorr.com
Shroyer Solutions LLC,shroyersolutions.com
SIGMA Equipment,sigmaequipment.com
Simmons Equipment Sales,simmonsequipmentindiana.com
Simply Extravagant Party Rentals,
SJE Equipment Rental,sjerental.com
Small Engine Warehouse,smallenginewarehouse.com
SMC Corporation of America,smcusa.com
South Bend Attachments,southbendattachments.com
South Bend Portable Toilet Rentals,
South Side Rent-All & Sales,southsiderentall.net
Southlake Lift Truck,southlakelifttruck.com
Southside Rental,southsiderents.com
Speedy Crane Services,
Stephens Machine Inc,stephensmachine.com
Sternberg International Truck Sales & Service,sternberginternational.com
Steve's Anderson Arbor Care Inc,stevesandersonarborcareofindiana.com
Stevens Sales and Service,stevenssalesandservice.com
"Stone's Farm Service, Inc",stonesfarmservice.com
Stoops Freightliner-Western Star,stoops.com
"Storage Solutions, Inc.",storage-solutions.com
Strack & Van Til,strackandvantil.com
Straub Outdoor Power,strauboutdoorpower.com
"Summit Contractor Supply, Inc.",summitcontractorsupply.com
Superior Equipment,superiorequipmentllc.com
Superior Heavy Equipment Sales LLC,superiorheavyequipmentsales.com
Swindell Farm Equipment,swindellfarmequipment.com
Tallman Equipment Company INC.,tallmanequipment.com
Taylor Forklifts of Indiana,
Taylor Machine Works,taylorforkliftsofindiana.com
Terpstra Sales & Service,terpstrasales.com
Terre Haute Equipment Company and Supply llc,thequipmentcoandsupply.com
THAYER & SONS OUTDOOR POWER,thayerandsons.com
The Borrowed Eclective,theborrowedeclective.com
The Habegger Corporation - Bloomington,habeggercorp.com
The Mower Shop,themowershop.com
The Sweeper Co,thesweeperco.com
Thermo King Midwest,tkmidwest.com
Tipton Tool and Equipment Rental,tiptontool.com
TLS Industrial Trucks Inc,tlsindustrialtrucks.com
Tolin K & K Hobby,
Tom Wood Outdoor Equipment Anderson,tomwoodoutdoorequipmentanderson.com
Toyota Material Handling,toyotaforklift.com
Tractor Sales,tractorsalesandparts.com
Tractor Tools Direct,tractortoolsdirect.com
"Tractor Zone, LLC",tractorzone.com
Trailers Midwest Inc,trailersmidwest.com
TransChicago Truck Group,transchicago.com
Traylor Equipment,traylorequipment.com
Tri City Industrial Power,tricitypower.com
Tri-County Rental,tri-countyrental.net
"Triad Diagnostic Solutions, LLC",triad-ds.com
Tristate Forklift Tire,tristateforklifttire.com
"Truck Centers, Inc. - Freightliner Western Star Dealer",truckcentersinc.com
TRULAND Equipment,trulandequip.com
Tye's Bounce Parties LLC,tyesbounceparties.com
Tynan Equipment Company,tynaneq.com
UFP Packaging,ufppackaging.com
United Rentals - Aerial,locations.unitedrentals.com
Universal Machinery Sales,universalmachinerysales.net
"Verduyn Tarps Inc. (Gary, IN)",verduyntarps.com
Vital Industrial Solutions,vital-tools.com
Wakarusa Ag,wakarusaag.com
Wakarusa Heavy Equipment Sales & Rental,wakarusaequipment.com
Ward Equipment,wardequipment.com
Watchdog Trailers LLC.,watchdogtrailers.com
Waterfield Automotive Machine,
Waterloo Heavy Equipment,waterlooequipment.com
Weaver Ag & Lawn Equipment,weaveragandlawn.com
Weaver JCB,weaverjcb.com
"Weaver Outdoors, LLC",weaveroutdoors.com
Weber Aerial Equipment Rental,
Wendt LLP Rigging Heavy,wendtrigging.com
West Lafayette Agri Sales Inc,wlagrisales.com
West Side Tractor Sales,westsidetractorsales.com
Wheel Horse Lawn & Garden Tractors,
White Cap,jobsitesupply.com
"Wholesale Auto Lifts & Equipment, LLC",wholesaleautolifts.com
Wilson Crane,wilson-crane.com
Wright Brothers Implement Sales LLC,wrightbrosimpl.com
"Xtra Mile Trailer Rentals | Mishawaka, IN",xtramilerentals.com
Yeoman Machinery Corporation,stores.ebay.com
Zimmer Tractor,zimmertractor.com
"3BD Trailer Rentals, LLC",3bdtrailerrentals.com
"4 Point Crane Services, LLC.",4pointcrane.com
"A&K Railroad Materials, Inc.",akrailroad.com
AAA Event Rental,aaaeventrental.com
ACA Event Rental,acaeventrental.com
"ACTParts, Inc.",actparts.com
AGI - Hutchinson Mayrath,hutchinson-mayrath.com
Agri Center,agricenter.us
Allen Rentals,allenrentalsmhk.com
Allied Crane LLC,alliedcrane.net
Alpha Forklift Company,
American Equipment Co,americanequipment.us
Anderson Equipment LLC,andersonsequipment.com
Anderson Rental,andersonrentalkc.com
Andover Rental Center,andoverrentalcenter.com
Associated Equipment Sales,aeskc.com
Audio Rent KC,audiorentkc.com
Axe It Up Hutch,axeituphutch.com
"B & B Hydraulics, Inc.",bbhydraulics.com
Bad Boy Mowers of Salina,badboysalina.com
"Belger Cartage Service, Inc.",belger.net
"Berry Companies, Inc.",berrycompaniesinc.com
Berry Material Handling,berrymaterial.com
Bledsoe Rentals,bledsoerentals.com
Blue Hat,bluehatrentals.com
Blue Rock Machinery,blue-rock-machinery.com
Blue Valley Tractor & Supply,bluevalleytractor.com
Bobcat of Salina,bobcatofsalina.com
"Bond Services, LLC",
Broderson Manufacturing Corporation,bmccranes.com
C3 Skidsteer Services LLC,c3skidsteerservices.com
"Capital Crane, LLC",capitalcraneks.com
Capital Equipment Company,
Cat Cans Pumping & Installation,catcansofmanhattan.com
Central Equipment,centralautomotiveequipment.com
Central Equipment Sales,centralequipsales.com
Central Plains Cranes,centralplainscranes.com
Central Power Systems & Services,cpower.com
"Chad's Crane Service, Inc.",
Champion Turf Parts,
City Rent A Truck,cityrentatruck.com
Clark Sales & Services Inc,
Clutcher,clutcher.com
Colby AG Center,colbyag.com
Commercial Capital Company,ccckc.com
Complete Weddings + Events,completewedo.com
Construction Rental Inc,hutchinson.construction-rental.com
Construction Rental Inc.,salina.construction-rental.com
Cottins Hardware & Rental,cottinshardware.com
Crane America Services Inc,
Crane Rental,cranerentalks.com
D & D Equipment Sales-Rentals,danddrents.com
Dauer Implement Co Inc. & Dauer Truck Center,dauertruckcenter.com
Decker Rentals and Services,deckerrentals.com
DH Lawn&Garden Equipment,dhlawnequipment.com
DITEQ Corporation,diteq.com
"Drexel Technologies, Inc.",drexeltech.com
Duncan's Truck & Trailer Repair,
Eck Services,eckelectric.com
Equip-Bid Auctions Kansas City Online Auction Company,equip-bid.com
Equipment Rental Contractors,
Equipment Sales,americanequipmentsinc.com
Ernie Rieke Equipment Co,
"Fairbank, Wichita",fairbankequipment.com
Fairview Service Center,fairviewservicecenter.com
Feldmans Farm & Home,feldmans-fh.com
Ferco Rental,
Flint Hills Rental,flinthillsrental.com
FMR Rentals,
"Foley Equipment - Wichita, KS",foleyeq.com
Foley Power Solutions,foleypowersolutions.com
"Foley Rental - Wichita, KS",catrentalstore.com
Fts Trailer Sales,ftstrailers.com
Fun Services of KC LLC,funservicesmidwest.com
Gerken Rent-All,gerkenrentall.com
GLT Services,
"Great Bend Crane Rental, LLC",stonesandco.com
Guitarma,guitarmalfk.com
Haas Crane & Equipment Rentals,haascrane.com
Hall Industrial,hallservices.com
Haynes Equipment Company,haynesequip.com
Haysville Rental Center,haysvillerental.com
Health-E-Quip,health-e-quip.com
"Heavy Equipment Service, Inc.",
Heinen Outdoor Power Equipment,heinenope.com
Heinen Repair Service,heinenrepair.com
Helten Farm Repair and Sales,heltenfarmrepair.com
Hiawatha Implement,hiawathaimplement.com
High Reach Equipment,
Hometown Outdoor Power,hometownoutdoorpower.com
Hughes Machinery,fcxperformance.com
Husqvarna Construction Products,husqvarna.com
Impact Enterprises,
Industrial Sales,industrialsales.us
J & H Farm Equipment Co,
Jayhawk Equipment Rental,jayhawkequipment.com
Jetstream Equipment Co LLC,jetstreamequipment.com
Jim Wilson Crane Services,jwcranes.com
John Deere Ag Marketing Center,
Johnson County Equipment & Party Rental,jocoequipmentrental.com
Jones Skidsteer Rentals,
K & K Sales,kktrailersales.com
K42 Equipment Rental & Sales LLC.,k42rentalandsales.com
"KanEquip, Inc.",kanequip.com
Kansas City Equipment,kansascityequipment.com
Kansas Golf & Turf Inc,shopkgt.com
Kansas Powertrain & Equipment,kansaspowertrain.com
Kansas Rental Inc,kansas-rental.com
Kansas Truck Equipment,kansastruck.net
Kosch Manufacturing,koschmfg.com
KS-RV Machinery,ksdrives.com
Kubota Of Salina,kubotaofsalina.com
KUHN Krause,kuhn-usa.com
Lambert Tractor & Mach Sales,lamberttractor.com
Land Pride,landpride.com
Lawrence Feed & Farm Supply,
Lawrence Portable Toilet Rentals,
LDI - Salina,ldi.us
Leu+Co,leucoproperties.net
"LIFT N LOCK, LLC",liftnlockllc.com
Lift Parts Service LLC,liftpartsservice.com
Lift Truck Specialists of KS,lifttruckpro.com
LilyPad Septic & Portable Restroom Services,lilypadseptic.com
"Lubbers Equipment, Inc.",lubbersequipment.com
MachineFinder,machinefinder.com
Maisch Small Engine,maischsmallengine.com
Manhattan Crane Services,manhattancrane.com
Manhattan Portable Toilet Rentals,
Mass Street Music,massstreetmusic.com
Maximum Outdoor Equipment & Service,maximumoutdoor.com
Mc Connell Machinery Co,mcconnellmachineryco.com
Medina Aerial Equipment Rental,
Meyer Truck Center Inc,meyertruckcenter.com
Mid America Truck Equipment,midamericatruck.com
MID-STATE RENTAL,midstaterentals.com
Midwest Crane & Rigging,midwestcranellc.com
Midwest Truck Equipment,usabiznvas.top
Mike's Equipment Co,mikesequipment.com
Miracle Crane,miraclecrane.com
Monosem Inc,monosem-inc.com
Murdock Supply Co Inc,mcos.com
MVT Machinery Yard,
Mynatt Truck & Equipment Co,mynatt-truck.com
nuWay Ag Kansas,nuwayag.com
Oakley AG Center,oakleyag.com
Outdoor Equipment Solutions,outdoorequipmentsolutions.com
Parts ASAP | Arrow Material Handling Products,arrowmhp.com
Petersen Skidsteer Rental,
Polk Crane Services Inc,polkcrane.com
PrairieLand Partners,prairielandpartners.com
Premier Farm & Home,premierfarmandhome.com
Price Bros Equipment Co,pricebroseq.com
Prime Rock Equipment,prime-rock-equipment.com
Purple Wave Auction,purplewave.com
QCKC Automotive Machine Shop,qc-kc.com
R & F Farm Supply Inc,rffarm.com
"R & R Equipment, Inc.",randrequipment.net
"REED Company, LLC",reedsales.com
Reger Rental Sales & Services,
Road Builders Machinery & Supply,roadbuildersmachinery.com
Rock Line Equipment,rocklineequipment.com
Rock Rentals,rockrentalsks.com
Rossville Truck & Tractor,rossvilletruckandtractor.com
RPM Equipment Leasing,rpmsnowkc.com
RR Equipment Sales & Service,rrequipmentict.com
Sales Midwest,salesmidwest.com
Salisbury Construction & Industrial Supply,salisburyco.com
Sanilift,saniliftinc.com
"Sankey Auto Center, Inc.",sankeycars.com
Schmidt & Sons Inc,schmidtinc.com
Scott Temperature,scotttemp.com
SE Sand,
Seely Crane LLC,seelycranellc.com
Seiler Geospatial,seilergeo.com
Select One Security and Communications,selectonesecurity.com
"Sellers Equipment, Inc.",
Seven Sons Truck & Trailer Repair,7sonsttr.com
Shay Equipment,shayequipment.com
Shield Agricultural Equipment,shieldag.com
Shoppa's Mid America,shoppasmidamerica.com
Shuck Implement,massey-shuckimplement.com
SITECH Central,sitech-central.com
Skyland Industrial,skylandindustrialks.com
Smitty's Lawn & Garden Equipment,smittyslg.com
Stallbaumer Rentals,itstime2rent.com
Star Rental LLC - Hiawatha KS,starequipmentrental.com
State Tractor & Equipment Company Inc,ste-equipment.com
"State Tractor Trucking, Inc",statetractor.com
Stillwell Sales,stillwellsales.com
Stone Farm & Sales,stonefarms.com
Superior Rents Equipment Rental,superiorrents.com
Tarwater Farm & Home Supply,tarwaters.com
"TECH, Inc",techinc.org
TG Event Rental,tgeventrental.com
Tower Crane Rental - Wichita,towercranerentalllc.com
Trailergating,trailergating.com
"Transport Truck Sales, Inc",transporttrucksaleskcks.com
Tri-Hull Crane Rental,
Trinity Sales & Rental,trinitysales.com
Truck Center Companies - Salina,truckcentercompanies.com
United Crane Service,ucs-ict.com
Used Truck Pros,usedtruckpros.com
Van Keppel,vankeppel.com
Vermeer Great Plains,vermeergp.com
Walters Construction Equipment Rentals,
Wichita Plant Services,wpsconst.com
Wichita Tractor Co.,wichitatractor.com
"Wilkerson Crane Rental, LLC",wilkersoncranerental.com
2 M Tractor Storage & Dumpster,2mtractor.com
502 Equipment,502equipment.com
A Town Equipment Rental and Sales,atownrentals.com
"Action Machinery, Inc.",actionmachineryinc.com
Action Rental Center & Hardware,arcberea.com
Ademar Rentals LLC,ademarrentals.com
Advantage Tent & Party Rental,advantagetentrental.com
Affordable Crane Service,louisvillecranes.com
Affordable Cranes,
Ag Central,agcentralusa.com
Amburgey's Farm Machinery Inc.,amburgeysfarmmachinery.com
American Industrial Contractors,aicus.com
American Industrial Repair,overheadcranesair.com
AmeriGlide Lexington,ameriglide-lexington-ky.com
"Andersons' Sales & Service, Inc.",andersonssales.com
Ardent Industrial Equipment,ardentequipment.com
Art's Rental Equipment,artsrental.com
"Ascend Equipment - Crane Rental, Sales & Repair",ascendequip.com
B&B Equipment Rental,bandbequipmentrental.com
Baileys Equipment Service Inc.,
Big Three Tractor Co.,bigthreetractor.com
Bluegrass Diesel Specialists,bluegrassdiesel.com
Bluegrass Equipment Rentals,bluegrassequipmentrental.com
"Bluegrass Lawn & Garden, Inc.",bluegrasslawnandgarden.com
Bounce Party Connection,thebouncepartyconnection.com
"Boyd CAT - Louisville, KY",boydcat.com
Bramco Inc,bramco.com
Brandeis Machinery & Supply Company,brandeismachinery.com
Brodhead Farm Equipment,
Browning Equipment Company,browningope.com
Bryant's Rent-All Inc,bryantsrentall.com
Bypass Rental Center of Lexington,bypassrental.com
C & K Sales & Services,cksalesandservice.com
Camo Crane Rental LLC,camocrane.com
"Cardinal Carryor, Inc.",cardinalcarryor.com
Central Equipment,centralequipment.com
Central Equipment Rental,centralerental.com
Central Farm Supply-Kentucky,centralfarmky.com
CherriCare,cherricare.com
Chris Sanger Crane LLC,
Clark Heavy Equipment,clarkheavyequip.com
Clark Material Handling Co,clarkmhc.com
Complete Forklift Repair,completeforkliftrepair.com
Conserv Machinery,conservmachinery.com
Construction Machinery Company,cmcky.com
Corbin Equipment & Sales,corbinequipment.com
Cornerstone Equipment,kycornerstone.com
Cottrell Farm Equipment,
County Equipment Company LLC,countyequipment.com
Craigmyle Farm Equipment,craigmylefarmeq.com
Crane & Boom Services of Kentucky,
Crawford Equipment Rentals,crawfordequipment.com
D-Crane Rental,d-cranerental.com
DAVIS EQUIPMENT COMPANY,davisequipco.com
Decker Crane Services,
Derby City Equipment,derbycityequipment.com
Derby state equipment company,derbystateequipment.com
"Diamond Equipment, Inc.",diamondequipment.com
DirtPro Skidsteer Rental,
Ditch Witch Mid-States,ditchwitchmidstates.com
Dixon Farm Equipment,mdixonfarms.com
Duncan Machinery Movers,duncanmachinerymoversky.com
E-Z Rent-It Inc,ezrentit.com
EarthworX Equipment,earthworxequipment.com
Empower Tools,
"ENCON Equipment - Rentals, Sales & Service - Nicholasville, KY",enconequipment.com
Equipment Sales & Rentals,equipmentsalesandrentals.com
ERS Forklift Repair,
Fedders Feed And Seed,feddersfeed.com
Gear Up Rentals LLC,
General Rental Center,generalrentalfrankfort.com
General Steel Crane & Rigging,gen-steel.com
Giles Farm Equipment,
Gilmore Construction Equipment Rentals,
Gordon’s Hardware,gordonsfarmandhardware.com
Green River Rentals - Bowling Green,greenriverrental.com
"H&H Farm Equipment, Inc.",
Hagan's Outdoor Equipment,gohagan.com
"HAYDON EQUIPMENT, INC.",haydonequipment.com
"HOBDY, DYE & READ, INC.",hdrtractors.com
Holbrook Equipment,holbrookequipment.com
Holland Inc,hollandexcavating.com
Holt Equipment Co,holtequipment.net
Hotsy Equipment Company,hotsyonline.com
Hus Equipment,husequipment.com
Industrial Leasing,indles.com
Jacobi Sales Inc,jacobisales.com
Johnson Equipment,jequipmentbg.com
KATO-CES,katoces.com
Kenton Equipment,kentonequipment.com
Kentucky Machinery Co LLC,kentuckymachinery.com
Kubota Tractor of the Tristate,kubotatractorofthetristate.com
LBX Company,en.lbxco.com
LCL Equip Sales and Rental,lclequipsalesandrental.com
Legacy Outdoor Power Equipment,
Lexington Equipment,stihl.com
Lexington Outdoor Power Equipment,lexoutdoorpower.com
Lg Fox Inc Material Handling,lgfoxinc.com
Lincoln Equipment Rental,
Load Banks Direct,loadbanksdirect.com
Louisville Outdoor Turf Products,louisvilleotp.com
"Louisville Tractor, Inc.",louisvilletractor.com
"MAC Productions, Inc. - Audio Visual",mac-av.com
MAD Equipment Company LLC,mad-eq.com
Marshall Crane and Equipment,marshallcranes.com
Martin's Equipment Group - Southeastern,southeasternfarmsupply.net
Maxim Crane Works,maximcrane.com
"McKeel Equipment Co., Inc.",mckeelequipment.com
Mid America Machinery,midamericamachinery.com
Mid-South AG Equipment Inc.,shop.midsouthag.com
Midsouth Rentals LLC.-Owensboro,midsouthrentals.us
Miller Crane LLC,
"Mitzi Autry's Portable Toilets, LLC.",mitziautrysportabletoilets.com
Modern Crane & Rigging Inc,moderncraneinc.com
Montgomery Tractor Sales,montgomerytractorsales.com
Morgan's Farm Equipment,morgansfarmequipment.com
Mueller Roofing Distributors,mueller1875.com
Municipal Equipment Inc.,municipalequipmentinc.com
Newman Tractor,newmantractor.com
Northern Kentucky Equipment,nkyequipment.com
Norwood Crane & Leasing,
O'Bryan's Farm Equipment,obryansequipment.com
O'Kentucky Rentals,
OBRYAN IMPLEMENT SALES,obryanimplement.com
Ohio Valley Ag,ohiovalleyag.com
"Okeson Crane Service & Construction, LLC",okesoncraneservice.com
Outcrop Equipment Sales & Rental,outcroprentals.com
Pac-Van,pacvan.com
Powell Aerial Equipment Rental,
Premier Equipment Inc,premierequipmentparts.com
ProLift Toyota Material Handling,prolifttoyota.com
Reliable Equipment Sales,restrucksales.com
Rent It Today,rentittoday.com
"Rental PRO London, KY",rental-pro.com
"Rentz Management, Inc.",rentzmanagement.com
Rose Farm Supply,rosefarmsupply.com
Rough Country Equipment LLC,roughcountryequip.com
Rudd Equipment Company,ruddequipment.com
Ryan's Roll-Off Dumpsters,ryansrolloffdumpsters.com
Saf-Ti-Co Inc,
Sanford and Sons Sales and Service,sanfordandsons.com
Schrecker Supply Company,
Shaker JCB,shakerjcb.com
Sims Construction Equipment Rental,
Skye Equipment Rentals,skye.rentals
Somerset Farm Equipment,somersetfarmequipment.com
Southeast Crane Services,secranes.com
Southern Kentucky Industrial Equipment,skie.biz
"Standlee Hay Company, Inc.",standleeforage.com
Sterett Crane,sterettcrane.com
Sterett Equipment,
Steve Barlow Equipment,barlowequipment.com
Sweet Farm Equipment LLC,sweettractors.com
Taul Equipment Inc.,taulequipment.com
The Mower Shop,themowershoponline.com
The Village Theater and Mikes Music Productions,mikesmusicohio.com
TMP Crane & Fleet Services,
Trackside Rentals and Construction,tracksiderentals.com
Tractor Parts of Bowling Green,tractorpartsofbg.com
Valley Farm Equipment,valleyfarmeq.com
Wayne's Equipment Co.,polarisoflagrange.com
Weir - ESCO Division,esco.weir
Western Crane Service Inc.,wcsky.com
Whayne Supply,whayne.com
Wilhite Limited Inc,wilhitelimited.com
Wilson Equipment Company,wilsonequipment.com
Wright Implement,wrightimp.com
3B Outdoor Equipment,3boutdoorequipment.com
"3C's Equipment, Inc.",3csequipment.com
"4-H Equipment, LLC",4hequipment.com
A-Rental Depot,
A Rental Gallery,rentalgallery.com
AAA Rent All,aaarentall.com
Abell & Son,abellandson.com
Acadiana Outdoor Power & Rental,breauxbridgerental.com
Advanced Equipment Rental Llc,
Aerial Hydraulic's Inc,aerial-hydraulics.com
Affordable used Restaurant Equipment,
Airtool Equipment Rental Inc,
Alexandria City Porta Potty Rentals,
All Truck Parts & Equip.,all-truck.com
Allegiance Ag and Turf,allegianceag.farm
American Crane,
Anthony's Crane & Rigging,
"B & B Rental & Sales, Inc.",
"Ball's Crane Service, LLC",lbcranes.com
Bayou Forklift Solutions,bayouforkliftsolutions.com
Bayou Kubota,bayoukubota.com
Bengal Equipment,bengalequipment.com
Big Easy Event Rentals LLC,bigeasyeventrentals.com
Big John's Crane & Equipment LLC,
Black Beard Trailer Rentals,
Bolton Equipment Services,boltonequipment.com
Bonnette Auction Co,bonnetteauctions.com
Borel Equipment Company LLC,
Bossier Power Equipment,bossierpower.com
Bounce World Nola,bounceworldnola.com
Broken Tractor,brokentractor.com
Budget Equipment LLC,
C & M Outdoor Power Equipment,cmoutdoorpower.com
C & M Rental,
Calcasieu Rentals Inc,calcasieurentals.com
CDH Crane Rentals LLC,cdhrentals.com
Central Gulf Machinery,centralgulfmachinery.com
Chauvin Brothers Tractor,chauvintractor.com
Clean Rite Equipment and Environmental,cleanrite-eq.com
Coast Machinery LLC,marshmaster.com
Coastal Crane Services LLC,
"Coastal Pump & Equipment, LLC.",coastalpumps.com
Commercial Power Equipment of Shreveport,mybigmower.com
Congress Outdoor Power Equipment,congressoutdoor.com
Contractors Crane Company,contractorscraneco.com
Crawler Supply Co.,crawlersupply.com
Cutters Outdoor Power Equipment,cuttersoutdoorpower.com
D&S Equipment LLC,dsequipmentllc.com
Dansby's Taylor Rental Center,taylorrentalmonroela.com
Dealers Truck Equipment Co LLC,dealerstruck.com
Deep South Crane & Rigging,deepsouthcrane.com
Deep South JCB,deepsouthjcb.com
Denton Farms Tractors & Implements,
Dewitt Equipment,dewittequipmentrentals.com
Ditch Witch Of Louisiana,ditchwitchla.com
Dodson Equipment Company,dodsonpartsauto.com
Doug Ashy Rentals,dougashy.com
"Duhon Machinery Co., Inc.",duhonmachinery.com
E3 Construction Materials,
Eastbank Outdoor Power,eastbankoutdoorpower.com
"Emery Equipment Sales & Rentals, Inc.",emeryequipment.com
Encore Event Rentals,encoreeventrentals.com
Energy Pipe and Equipment Rentals LLC,ep-er.com
Equipment Inc.,equipmentinc.com
Equipment Rental and Repair on Barksdale AFB,barksdalelife.com
Evergreen Tractor & Equipment,evergreentractor.com
Farm Equipment Co Inc.,
Farm Pro Feed & Supply 2,farmprosupply.com
Fluid Crane & Construction,fluidcrane.com
Flying B Rental,flyingbrental.com
Forsythe Tractor and Equipment LLC,forsythetractor.com
G and T Crane Inc,
Gautreaux’s Outdoor Power-Baton Rouge,gautreauxsoutdoorpower.com
"Geaux Southern Rentals, LLC",geauxsouthernrentals.com
GeoShack - Monroe,geoshack.com
Gerald's Used Equipment,
Gill's Crane Services Inc,
"Glencoe Equipment, L.C.",glencoeequipment.com
Global Crane,globalcrane.com
Goldman Equipment,goldmanequipment.com
Grand Rental,grandrentallc.com
Grand True Value Rental,grandrentalnola.com
Greystone Rentals,greystone.rentals
Gulf Coast JCB,gulfcoastjcb.com
Gulf Crane,gulfcraneservices.com
Gulf South Equipment Sales,gulfsouthequip.com
Hat's Equipment Inc.,hats.equipment
Hayes Manufacturing,hayesmanufacturing.com
Heave Ho Crane Services,
"Heavy Equipment Services, Inc.",
Henderson of Lake Charles,hendersonimplement.com
Herc Rentals,hercrentals.com
Hill's Equipment Sales,hillseq.com
Huyge Crane Services,
Iberia Rental Service,iberiarental.com
Industrial Equipment Sales,
Industrial Supply & Rental,isrtools.com
Infinity Equipment Rentals Sales Service & Supplies,go-infinityenergy.com
Iron Horse Sales and Service,ironhorsesalesandservices.com
Jac Rentals Equipment Memberships,jacrentals.com
JCR Judice Crane Rentals,judicecranes.com
JENNINGS TRACTOR AND EQUIPMENT,jenningstractorandequipment.com
"JM Test Systems, LLC",jmtest.com
Joe's Lawnmower Shop,joeslawnmowershop.com
JTB Rentals,sunstateequip.com
JTB Rentals LLC,jtbrentals.com
K&D,kanddonline.com
"Kel Kat Land, LLC",kel-kat.com
"Kenner Equipment Co., Inc. (Kenner Hydraulics)",kennerequipment.com
Kenworth of Louisiana - Lake Charles,kwlouisiana.com
Kepper Equipment Rental,kepperdirt.net
L & L Crane Service,llcraneservice.com
"LA Pipeline Rental & Industrial Supply, LLC",lapipelinerentals.com
Lacaze Outdoor,lacazeoutdoor.com
Lafayette Rental Service,lafayetterental.com
Lake Charles Truck Equipment,lakecharlestruck.com
Lawrence Construction Equipment Rental,
Louisiana Cat - Lafayette,louisianacat.com
Louisiana Crane Co,louisianacrane.com
Louisiana Farmers Warehouse,lafarmerswarehouse.com
Louisiana Hydrostatics,louisianahydrostatics.com
Louisiana Tire and Lift,louisianatireandlift.com
Louisiana Truck Outfitters,golto.com
LSE Crane and Transportation,lsecrane.com
"M & L Industries, LLC - Baton Rouge",mlind.net
M&M Rental Equipment,mmrental.net
M & S Tractor & Equipment,
Margan Equipment Rentals,
MBS Equipment Company,mbsequipmentco.com
Mid South Machinery Auction Co,
Morgan Construction Equipment Rental,
Mountain Man Equipment Service,mountainmancrane.com
MPI Equipment,
Nelson Equipment Co Inc,nelsonequipment.com
New Orleans Equipment Co,
New Orleans Forklifts & Rentals,neworleansforklifts.com
New Orleans Grip & Lighting Truck,neworleansgriptruck.com
New Orleans Pallet Racking,neworleanspalletracking.com
Newman Crane Services,newmancrane.com
Nick's Crane Rental and Tree Service,nickscranerentalandtreeservice.com
Nick's Lift Truck Services & Caster,nicksforklift.com
Nola Party Supplies & Party Rentals,nolapartyrental.com
"Northshore Power Equipment, LLC",npela.com
Oge Machinery - Kubota,
P E Rentals Inc,
Parish Tractor-Gonzales,parishtractor.com
Party Rentals Delivered,partyrentalsdelivered.com
PartyZone Event Rentals,pznola.com
Patriot Crane Rentals,patriotcranerentals.com
Pelican Events,pelicanusa.com
Petrus Feed & Seed Store,petrusfeed.com
PLS Equipment Rentals,
Ponder Power Equipment,ponderpowerequipment.com
Pousson's Construction Supply,poussons.com
Premier Farm & Ranch Supply,premierfarmandranchsupply.com
"Progressive Tractor & Implement, Jonesville, LA",progressive-tractor.com
"Progressive Tractor & Implement, Shreveport, LA",ptieq.com
Quest Construction & Equipment,questequip.com
"QuickLifts Crane Service, Heave Ho!",
"Ram Rent-All, Inc.",ramrent-all.com
Ram Truck Equipment,ramtruckequipment.com
Ranger Crane & Rigging LLC,
Red Dirt Tractors,reddirttractors.com
Redfish Rentals-Lake Charles,redfishrental.com
Redline Rentals,irentred.com
Reeb Rigging,reeb-rigging.com
Reliable Equipment Rentals LLC,
Rental Co of Cenla LLC,
"RHTC, Inc.",rhtcinc.com
Rigs and Digs Heavy Equipment Rentals,rigsanddigsrentals.com
"Royal Party Rentals , LLC",royalpartyrentals318.com
"RZI Lighting | Lighting, Staging and Rigging Equipment Rentals",rzilighting.com
S A Tarver & Son Tractor Co,
Sage Rental Services,sagerentalservices.com
"Sammy Broussard Equipment Center, Inc.",sammybroussard.com
Scott Powerline & Utility Equipment,scottpowerline.com
Scott Truck,scotttruck.com
Shelton Outdoor Power,sheltonoutdoorpwr.com
Singleton Sales & Service Inc.,singletonsales.com
SITECH Louisiana,sitechla.com
Smeco Concrete Pumping,smeco.net
"Smith Truck & Equipment Sales, LLC",smithtrucksales.com
SOUTH CIRCLE TRACTOR,
South Circle Tractor Sales,
Southern AG Equipment,southernageq.com
Southern Power & Equipment LLC,spehouma.com
"Southern Rental Services, LLC",southernrentalservicesllc.com
Southern States Equipment,ssequips.com
Standard Crane & Hoist LLC,standardcrane.com
STAR EQUIPMENT,startractors.com
State Machinery Equipment Sales & Rentals,statemachinery.com
"Stevens Tractor Company, LLC",stevenstractor.com
Sunshine Quality Solutions,sunequip.com
Swivel Rental & Supply,swivelrental.com
Tarver Sales Corporation,tarversales.com
Tassin Equipment Repair Inc,
Taylor of Louisiana,
Teak Rentals,teakrentals.com
Timmons Truck Center,timmonstruckcenter.com
"TIS Rents, LLC",tis-br.net
TraxPlus,traxplus.com
Trinity Rental Services,trinityrentalservices.com
Truck Parts & Equipment Inc,
Truck & Transportation Equipment Company,truckandtransportation.com
True Value Rental,truevaluerentalnola.com
TTE Center Trailers Tractors & Equipment,ttecenter.com
Tubbs Hardware City Location,tubbshardware.com
Turner Industries Equipment,turner-industries.com
Twin City Outdoor Equipment,twincityoutdoor.com
Universal Power Equipment,
USA Equipment,usaequipment.us
"Vaughn's Power Equipment, Inc.",vaughnspowerequipment.com
"Vivot Industries, LLC",vivot.vi
Waukesha Pearce Industries - (WPI),construction.wpi.com
Yard Power,yardpower.co
Yur Event Rentals,yurevent.com
1-800-Quick Pick,1800quickpick.com
10X Equipment Rentals,10xequipmentrentals.com
1100 Newport Ave Tool Rental,
1100 Revere Beach Pkwy Tool Rental,
135 Commercial Rd Tool Rental,
14 North,udr.com
146 Supply Center Inc,
2nd Alarm Trucking & Excavation,2ndalarmtrucking.com
360 Boothy | Photo Booth Rental In Boston,360boothy.com
495 Truck Center,495truckcenter.com
615 Arsenal St Tool Rental,
655 Memorial Dr Tool Rental,
715 Crescent St Tool Rental,
A B Rigging,
A C T Vehicle Equipment Inc,actvehicle.com
A. Crane Construction Co,acraneconstruction.com
A&E 24 Hr. Roadside Assistance,ctstowboss.com
"A. Green Co., Inc.",agreenco.com
A Plus Warehouse,apluswhs.com
"A1 Crane Co., Inc.",a1crane.com
A1 Restaurant & Market Equipment,a1restaurantmarketequipment.com
A1 Water & Mold Removal MA,superbrestorationguysofma.com
AA Equipment Sales,aaequipmentsale.com
AA Rental Center,aarentalcenter.com
"Abel Womack, Inc.",abelwomack.com
ABH Services Inc,abhservicesinc.com
Above All Tent and Party Rental,aboveall-tents.com
"Access Tent, LLC",accesstent.com
ACG Air Compressor,aircompressorguy.com
Advanced Truck Accessories,
Advantage Truck Group - Westfield,advantagetruckne.com
Affordable Restaurant Equipment,affordablefoodequipment.org
Affordable Trailer Rental,affordabletrailerrental.com
Ahearn Equipment,ahearnequipment.com
AirMaster Services,guangxuntech.com
AJ Virgilio Construction Inc,ajvirgilio.com
All Brands Vacuum,allbrandsboston.com
All Seasons Forming Supplies,t4s2009.com
All Seasons Rent-All,allseasonsrent-all.com
Alliance Machinery Inc,alliancemachinery.com
Alliance Truck Parts Of New England,alliancetruckpartsofne.com
Allied Wrecking Boston,alliedwrecking.com
Allstar Party Rental,allstarpartyrents.com
Alltown Gas Grills & Propane,alltowngrills.com
Alpha Motors Corp,alphamotorscorp.net
Alta Equipment Company,construction.altg.com
Altaquip,readyrepair.com
Altitude Apartments,altitudeapartments.com
American Crane and Hoist Corporation,ac-h.com
American Material Handling Corporation.,amhboston.com
Anchor Home Medical,anchorhomemedical.com
Anchor Used Autos,anchorusedautos.com
Andover Small Engine Services Inc,andoversmallengine.com
Anestis Metals,anestismetal.com
Arc Construction Co,
Armstrong Machining,armstrongmachining.com
Arrowfarms of Massachusetts,arrowfarms.com
Arsenault Equipment Rental,
"Artillian, LLC",artillian.com
Astro Crane,astrocrane.com
Athol Rental Center,
Atlantic Equipment,atlanticeq.com
Atlantic Tent Rental,atlantictent.com
Atlantic Toyota,atlantictoyota.com
ATS Equipment Inc,atsequipment.com
"Aubin Equipment & Automotive, Inc",aubinequipment.com
Aubuchon Ace Hardware,hardwarestore.com
"Autowater Irrigation Co., Inc.",autowater.com
Backyard Tent Rental (Newton),backyardtentrental.com
Bacon's Equipment Inc.,baconsequipmentinc.com
Baldor Specialty Foods,baldorfood.com
Baldwin Crane & Equipment Corporation,baldwincrane.com
Barge Rental Boston,bostonbargerental.com
Barnstable Farm & Pet,barnstablefarmandpetsupplies.com
"Barry Equipment Co., Inc.",barryequipment.com
Baskin's Inc,btruck.com
Baxter Crane & Rigging,baxtercrane.com
Bayline Inc. Boatyard & Transport,baylineboatyard.com
Bayside Equipment,baysideequip.com
Baystate Equipment Rental & Sales,
BC Crane Corp,bccranecorp.com
Belmont Equipment & Technologies,belmont4edm.com
Benjamin Moore (Modern Hardware & Paint Co),benjaminmoore.com
Berkshire Heavy Haulers,berkshireheavyhauler.com
Berkshire Property Alliance Inc.,
"Bill Deluca Chevrolet, INC.",delucachevrolet.com
Bill DeLuca Chrysler Jeep Dodge Ram,billdelucachryslerjeepdodge.net
Bill's Music Center,billsmusicpeabody.com
BJ's Wholesale Club,bjs.com
Blades Small Engine Repair,bladessmallengine.com
Blue Diamond Equipment Co,bluediamondequipment.com
"Blue Fleet Welding, Inc",
Blue Hills Towing,
Bobcat of Boston,bobcatboston.com
Bobcat of Cape Cod,bobcatofcapecod.com
Bobcat of South Shore,bobcatofsouthshore.com
Bonny's Equipment Rentals,bonnysequipmentrentals.com
BoreWright Inc.,
Bosco Crane Co Inc,boscocrane.com
Boston AV,bostonav.com
Boston AV Services,bostonavservices.com
Boston Equipment Service Co.Inc.,beserviceco.com
"Boston Freightliner, Inc.",bostonftl.com
Boston Heavy Equipment,bostonheavyequipment.com
"Boston Instruments and Equipment Co., LLC",boston-instruments.com
"BOSTON MACHINERY, INC",bostonmachinery.com
Boston Motor Sports,bostonmotorsportsma.com
Boston Rental Exchange Inc,bostonrentalexchange.com
Boston Standard Company,bostonstandardplumbing.com
"Boston Steel, A Tremcar USA Division",tremcar.com
Botello Lumber,botellolumber.com
"Boulevard Machine, Inc",boulevardmachine.com
Bovat's,
Bradford Welding & Truck Equipment,
Brake & Clutch Inc.,brakeandclutch.com
Brake & Truck Supply Inc,brakeandtrucksupply.com
Brazusa Stone Inc,brazusastoneinc.com
Bridgewater Farm Supply Co Inc,bridgewaterfarm.com
Bristol Event Rentals LLC,bristoleventrentals.com
Broadway Brake Corp/Fleetway Heavy Duty Parts,fleetwayparts.com
"Brodeur Machine Company, Inc.",brodeurmachine.com
Brodie inc,brodietoyotalift.com
Brooks Mowers & Blowers Small Engine Repair,brooksmowersandblowers.com
Brookside Equipment Sales,brooksideequipment.com
Brox Industries,broxindustries.com
Buckler's Inc,bucklersinc.com
Builders FirstSource,bldr.com
"Building Supplies Outlet, Inc.",buildingsuppliesoutlet.com
BuildingPoint North Atlantic,bpnorthatlantic.com
BuildPro Supply,buildprosupply.com
C & C Machinery Inc,
C P Enterprises,cpeprises.com
C T Brigham Co Inc,brigham.com
C2rents,c2rents.com
Cabot Crossing,cabotcrossingapartments.com
Cabrini Equipment,cabriniequipment.com
Cahill Excavation,cahillexcavation.com
Cambridge Taylor Rental,cambridgetaylorrental.com
Can-Am Machinery - Office,canammachinery.com
Canal Street Cycles,canalstreetcycles.com
Cape Cod Independent Power,ccipgenerators.com
Car Town USA,cartownusaonline.com
Care Equipment,wecareequipment.com
Care Equipment,rent.wecareequipment.com
Carr Hardware,carrhardware.com
Caruso Companies,carusocompanies.com
Case Materials & Yard Waste Recycling,casematerials.com
Cash Point,
Cason Power Solutions,casonpowersolutions.com
Cason's Equipment,casonsequipment.com
Central Mass Crane Services,centralmasscrane.com
Central Mass Party Rentals,centralmasspartyrentals.com
Central Power Equipment Inc,
Central Steel Supply,centralsteelsupply.com
Champiney's Lawnmower Sales,
"Chappell Tractor Sales, LLC.",chappell.com
Charles Ro Supply Co.,charlesro.com
Chase Equipment LLC,
Chasse Industrial Services,chasseind.com
Chelmsford Crane Services Inc,
Chevrolet Buick GMC of Attleboro,chevroletbuickgmcofattleboro.com
Chicopee Dumpster Rental,
Chicopee Industrial Contractor-CIC,chicopeeindustrial.com
Chicopee Mason Supplies,cmsblock.com
Chicopee Portable Toilet Rentals,
Chris Small Engines Repairs Parts and Service,chrissmallengines.com
"Cicoria Tree and Crane Service, Inc.",cicoriatree.com
City Crane Corporation,
CJ Shaughnessy Crane Service,cjshaughnessycrane.com
Clark The Forklift,
Classic Cleanouts Junk Removal and Dumpster Rental,classiccleanouts.com
Cleaves Co. Inc.,cleavesco.com
CMC North America,cmcliftna.com
Coastal Equipment Rentals Inc,coastal.equipment
Coelho Crane Service LLC,coelhocrane.com
Colburne Equipment,colburneequipment.com
"Collins Crane & Rigging Service, Inc.",collinscrane.com
Colonial Ford of Marlboro,colonialfordofmarlboro.net
Commonwealth Chevrolet,commonwealthchevrolet.com
Commonwealth Crane Service,
Commonwealth Honda,commonwealthhonda.com
Commonwealth Kia,commonwealthkia.com
Commonwealth Volkswagen,vwcommonwealth.com
Concentric LLC,concentricusa.com
Condron Rents,condronrents.com
Conlin's Pharmacy & Medical Equipment,conlinspharmacy.com
Conlon & Sons Refrigeration Inc,conlonandsonsrefrigeration.com
Connell Excavation,connellexcavation.com
Connors Farm,connorsfarm.com
Construction Fasteners Supply,
"Construction Materials Service, Inc - CMS Inc.",cmsinc-ma.com
CoolTech Services,
Corey Crane and Equipment,coreycrane.com
Country Rentals,countryrentalsinc.com
Crane Center for Ambulatory Surgery at BMC,berkshirehealthsystems.org
Crane Co Warehouse,
"Crane Homes, LLC",
Crane-Yvon interiors,cycabinetpainters.com
Cranes101,cranes101.com
Cranney Home Services,cranneyhomeservices.com
Crawford Truck Sales,crawfordtruck.com
Curtis Construction Equipment LLC,
"Curtis Industries, LLC",curtisindustries.net
CWI Crane and Rigging,cwicrane.com
Cycles 128,cycles128.com
Daikin Comfort Technologies Northeast,daikinnortheast.com
Dan and Ben Production Company,dbpc.biz
Daniel O'Connell's Sons Yard,oconnells.com
Danvers Agway,ashleyschickens.com
Daves Lawnmower Repair,daveslawnmower.com
Day and Night Bounce House Water Slide Party Rentals,dayandnightpartyrentals.com
Day & Night Discount Bounce house Party Rentals Holyoke MA,holyokemapartyrentals.com
DeFrancesco and Son's Small Engine Repair,defrancescoengines.com
Delight Medicals,delightmedicals.com
Deluxe Bounce Party Rentals,deluxebounce.com
Demers Bros. Rigging and Machinery Movers,demersbrostrucking.com
Den Rock Park,cityoflawrence.com
Devaney Energy,devaneyenergy.com
Devon Lane Power Equipment,devonlane.com
Distributor Corporation of New England (DCNE),dcne.com
DIY Party Rentals of Worcester,partyrentalsworcester.com
DT Empire A Family Farm,dt-empire.square.site
Dunn's Equipment,dunnsequipment.com
Dupuis Power Equipment Co,
Earth Solutions,earthsolutionsexcavating.com
East Coast Hydro Fall River,easthydro.com
East Coast Industrial,eastcoastindustrial.com
East Coast Truck & Trailer Inc,eastcoasttruckstuff.com
East Street Equipment Rentals,markwitterrents.wixsite.com
Eastern Site Supply,easternsitesupply.com
Eastern Supply Co.,easternsupplyco.com
Easy Chute LLC,easychute.com
Ecoquipment Equipment Rentals,ecoquipment.com
Edge Merrimack River,livewelledge.com
Edson Pumps LLC and Jacob E. Marine,edsonpumps.com
Elevate Crane Service,
Elevated Equipment Supply,elevatedgrows.com
Empire Party Rentals Mass Inc,empirepartyrentalsmass.com
"Energy Machinery, Inc.",energymachinery.com
Energy Systems,energysystems.com
Enterprise Equipment Co Inc,enterpriseequip.com
Entertainment One Stop Shop LLC,entertainmentonestopshop.com
"Equipment East, LLC",equipmenteast.com
Eric's Crane Service,ericscraneservice.com
Essex County Co-Op,essexcountycoop.com
ETS Equipment Rental,etsequipmentrental.com
Events for Rent,eventsforrent.com
Everett Portable Toilet Rentals,
Evolved Mechanical,evolvedmechanical.com
F & M Tool & Plastics Inc,gsctechnology.com
Fairbanks Power Equipment.,fairbanksautoandpower.com
Fantastic Foam Party - Massachusetts,fantasticfoamparty.com
Farmall Cub Forever,
FAST CASH Pawn & Jewelry Gold Buyer,fastcashma.com
Fel-Tech Hammer,fel-tech.com
Ferri Equipment,ferriequipment.com
FHC Industrial Supply,fhcindustrial.com
FIBERSCOPE | STRAHL LLC,fiberscope.net
Fitchburg Portable Toilet Rentals,
Flaherty Equipment Repair,flahertyequipment.com
Fleet Supply Company Inc,fleetsupplyco.com
Fleury's Outdoor Power Equipment,fleurysoutdoorpowerequipment.com
FLN-MAR Rubber & Plastics,flnmar.com
Forklift Provisions,forkliftprovisions.com
Fort equipment services,fortequipments.com
Fortin Affordable Rentals,
Four Seasons Power Equipment,fourseasonspowerequipment.com
Fresh Horizon Porta Potty Rentals Worcester,
Fun Air World,
Funstuf Rentals,funstufrentals.com
Funtown Entertainment LLC,funtownentertainment.com
G. C. Lull Rentals and Equipment Repair,rentmylull.com
G Lopes Construction Inc,glopesinc.com
G. Lopes Used Equipment Sales,lopesequipmentsales.com
Gardin,gard.in
"Garment Machinery Company, Inc.",drysmart.com
Garvin Construction Products,garvinproducts.com
Gary Rice Equipment and Service,griceshopequipment.com
Gemini Rentals & Excavation,rentgemini.com
General Supply & Metals Inc,g-s-m-i.com
General Tool & Supply Co,generaltoolworldwide.com
General Truck Center,generaltruckscenter.com
George B. Crane Memorial Center,thegbcmc.org
GGF SERVICES,ggf-service.com
Gilbert & Cole Building Products,gilbertandcole.com
Gillette Restaurant Equipment,gilletteequipment.com
Glancy Companies,wordpress.glancy.hoster905.com
Glancy Crane & Rigging,glancycompanies.com
Goldstein's Lawn & Farm,
Grants Rental,grantsrental.com
Growing Point Garden Supply,
Guido's Services.Inc,guidosservices.com
"H.A. Leo Crane Service, LLC",haleocrane.com
H D Reynolds Sales and Service,reynoldslawnmower.com
Hallamore Corporation,hallamore.com
Hampshire Tractor,
"Harbour Food Service Equipment, a Division of Imperial Dade",harbourfood.com
Hardware Products Company (HPC),hardwareproducts.com
Harsco Infrastructure,
Harvard Outdoor Power Equipment,harvardpower.com
Haverhill Steel / Haverhill Salvage,haverhillsteel.com
Heavy Equipment Solutions Inc,
Hercules SLR Rigging Shop,
Hercules Supply & Services Inc.,herculessas.com
Heritage Construction Supply,heritageconstructionsupply.com
Hill Construction Equipment Rental,
Hillside Lawn & Farm Repair,hillsidelawnandfarm.com
Hillside Machine Inc,hillsidemachineinc.com
Hilltop Equipment LLC,hilltopequipmentllc.com
Hilltown Rental Equipment,
Hillview Equipment & Rentals,hillviewequip.com
Hino of Methuen,hinoofmethuen.com
Holliston Truck and Equipment,hollistontruck.com
Holyoke Dumpster Rental,
Hospital Bed Solutions by Prosperity Health,hospitalbedsolutions.com
Hunt's Photo and Video,huntsphotoandvideo.com
iLLUMITUBES,illumitubes.com
Independent Lift Truck Inc,
"Industrial Fleet Service, INC",
Industrial Handling Systems,industrialhandlingsystems.com
Inman Square Hardware,inmansquarehardware.com
Interstate Equipment Rental & Sales,interstateequiprental.com
Interstate Equipment Rentals,renovationrentals.com
Interstate Food Equipment Service,ifessvc.com
Interstate Rental Service,interstaterental.com
J.A. Miara,jamiara.com
J & B Enterprises Inc,jbrestaurantequip.com
J M Equipment Co,jmequipmentco.com
J & P Lawnmower,
J.S. Woodhouse Co.,jswoodhouse.com
James A Kiley Co,jakiley.com
JC Mobility Equipment,
JC Stairlift Installation Newton,
"Jed's Hardware, Garden, & Rental Center",jedsonline.com
JFC Party Rentals,jfc-party-rentals.ueniweb.com
"Johns Building Supply Co., Inc. & John's Ace Hardware",johnsbuildingsupply.com
JOMI Corp.,jomicorp.com
JRA Cycles,jracycles.com
JSP Tree Solutions,jsptreeremoval.com
Julian Crane & Equipment Corporation,juliancrane.com
Jumpin' Jackpot Bounce Houses,jumpinjackpot.com
K&B Granite & Marble,kbgranite.com
Kelley Tree Service,kelleytree.com
Ken's Auto Sales,kensautosales.com
Kenworth Northeast,kenworthne.com
KRM Office Equipment,krmoffice.com
L & L Services,llserv.com
L & M Rentals Equipment,l-mrentals.com
Laflamme Trucks & Equipment Sales,
Lamarre Equipment Co,
"Lanco Scaffolding, Inc.",lancoscaffolding.net
Land Rover Peabody,landroverpeabody.com
Landry Rental Center,landryrental.com
Lederman Engineering,ledermanengineering.com
Lemieux's small engine and marine repair,
Leominster Equipment Rental,
Lift Rite Lift Trucks Inc,liftritelifts.com
"LiftTruck Parts and Service, Inc",lifttruckmass.com
Lincoln Equipment Associates Inc,lincolnequip.com
Little Mower Shop,littlemowershop.com
Lopez Landscaping & Tree Service LLC,lopeztreeservices.com
Lorusso Heavy Equipment Llc,lhequip.com
Lowell Porta Potty Rentals,
Luciano's Excavation Inc,lucianosexcavationinc.com
"Lumber Dogs, LLC",lumberdogsusa.com
LVJ Trailers & Equipment LLC / Bobcat,lvjtrailers.com
"Lynn Ladder & Scaffolding Co., Inc.",lynnladder.com
Lynnway Tools & Collectibles,lynnwaytoolsandcollectables.com
M.S TRUCK - TRAILER & HEAVY EQUIPMENT REPAIR INC,mstrucktrailerrepair.com
MacDonald Crane,macdonaldcrane.com
Machinery Partner,machinerypartner.com
Maestranzi Bros. Inc,maestranzi.com
Magic Party Rentals,magicpartyinc.com
Maki Rental Station,maki-rental-station.pointofrentalcloud.com
Malden Machine,
Maldonado Construction Equipment Rental,
Manny forklift repair,mannysforkliftrepair.com
Mark-One,markoneinc.com
Marlboro Hydraulic Hose Supply,marlborohydraulic.com
Marlborough Grand Rental Station,marlbororentals.com
Marr Crane & Rigging,marrcompanies.com
Martel Crane Service & Tree Removal,martelcraneandtree.com
Martell Party Rentals,martellpartyrentals.com
Mass Bay Tree,massbaytree.com
Mass Crane & Hoist Service,masscrane.com
Mass Generators LLC,massgeneratorsllc.com
Mass Landscape Supplies & Rentals Inc,masslandscapesupplies.com
Massachusetts Container Corporation,unicorr.com
Mastercraft Truck Caps,mastercrafttruckcaps.com
MasterRents,masterrents.com
Material Handling Associates,
Maybury Material Handling,maybury.com
MB Tractor and Equipment,mbtractor.com
McCue Corporation,mccue.com
Meadow Farm Equipment,meadowfarmequipment.com
"Medical Equipment Dynamics, Inc.",med.equipment
Meridian Industrial Group,meridianindustrialgroup.com
Merit Machine Manufacturing Inc.,meritmachineinc.com
Merrimac Industrial Sales,merrimacindustrial.com
Metalstone Technologies,metalstone.com
Metro Equipment Corporation,metroequipmentcorp.com
Metro Industrial & Marine Supply,metroindustrial.com
"Metrowest Power, LLC",metrowestpower.com
Mid Cape Equipment,midcapeequipment.com
"Milan Towing/Compania de Gruas, Lynn MA",milantowing.netlify.app
Milford 495 Rental Center,495rental.com
Millennium Companies,powersweeping.com
Milton CAT,miltoncat.com
Mini Excavator Guy,miniexcavatorguy.com
MM crane & Tree Services Inc,mmtreeservicesinc.com
Mobile Mower & Snowblower Repair,mobilemowandsnow.com
Monahan's Marine,monahansmarine.com
Monnick Supply,monnicksupply.com
Morgan Power Equipment,morganpower.com
Moschetto Bros,moschettobros.com
Moses Construction Equipment Rentals,
Moynihan Lumber of Beverly,moynihanlumber.com
Mr Bajan Entertainment,mrbajan.com
Murphy's Power Equipment,
Murray's Towing & Equipment Service,woburntowing.com
Murray Supply,
Musicarro Auto Sound,musicarro.com
MVV Rentals,
N C Hudon Inc,nchudoninc.com
Nala Equipment Corp,nalaequipment.com
Nation Wide Ladder & Equipment,nationwideladder.com
National Equipment Rental Inc,nationalequipmentrentalinc.com
Need A Lift Medi-Van Inc,needaliftmedivan.com
New England Dog Biscuit Company,nedogbiscuit.com
New England Power Sports,newenglandpowersports.com
New England Produce Center,nepctr.com
NFS Capital,nfscapital.com
Noll Electric Inc,nollelectric.com
"Norfolk Power Equipment, Inc.",norfolkpower.com
North American Amusement,northamericanamusement.com
North American Auto Equipment,naautoequipment.com
North American Industries,naicranes.com
North East Trains,02aedf8.netsolstores.com
North Shore Tent Rental,northshoretentrental.com
Northampton Rental Center,northamptonrentalcenter.com
Northeast Machinery Sales,northeastmachinerysales.com
Northeast Multi Trade Construction Services,northeastmultitrade.com
Northeast Restaurant Equipment,northeastrestaurantequipmentma.hibuwebsites.com
Northeast Tool Supply,
Northern Hydraulics and Truck Parts,northernhydraulicssvc.com
Northern Machinery Sales,northernmachinerysales.com
Northshore Wholesale Marketplace,nswmarketplace.com
Numotion,numotion.com
Oak Hills Apartments,hallkeen.com
Ocean State Forklifts Inc,oceanstateforklifts.com
Old Soul Sounds,oldsoulsounds.com
OLEKSAK LUMBER CO INC,oleksaklumber.com
ONE OF A KIND EVENT RENTALS,
Orchard Hill Farm Equipment & Trailer Sales,orchardhillsales.net
Orlando's Garage & Power Equipment,orlandosgarage.com
Palms Environmental,palmsrental.com
Parker Power Equipment,parkerpowerequipment.com
Party Central Inc,partycentralinc.com
Party Hopper Rentals,partyhopper413.com
Party Patrol Rentals,partypatrolrentals.com
"Patriot Sales & Service, Inc.",patriotne.com
Paul's Crane Services,
Peabody Supply,peabodysupply.com
Peabody Truck Supply Inc,peabodytrucksupply.com
PEAK Event Services,peakeventservices.com
Pedro's Potties LLC,pedrospotties.com
Penske Truck Rental,pensketruckrental.com
Perfect Parties USA LLC,perfectpartiesusa.com
Perry Crane Services Inc.,perrycraneservices.com
Pete's Tire Barns,petestire.com
Philip A. Rand Wire Rope and Slings Company,philiparandwireropeandslings.com
Pick Crane Services,pickcrane.com
"Pine Hill Equipment, Inc.",pinehillequipment.com
"Pinto Recycling, Inc.",pinto-recycling.com
Pioneer Sales Co Inc,pioneersalesco.com
Pittsfield Portable Toilet Rentals,
Platinum City Gaming -Bar-Gaming Lounge- Arcade- Nerf Arena-Gellyball-Smash Room -Rage Room-Basketball,platinumcitygaming.com
Pleasant Rentals & Sales,pleasantrentals.com
PLT Heavy Equipment,pittsfieldusedequipment.com
Plumbers Supply Co Inc. Leominster,
Porter Aerial Equipment Rental,
Power Equipment Co,4genset.com
Pray Farms,
Precision Equipment Repair,
Precision Fitness Equipment,pfe-inc.com
"Precision Handling, Inc.",precision-handling.com
Premier Equipment Inc,premierequipmentonline.com
Premier Restaurant Equipment Solutions,premierrestaurantequipmentsolutions.com
Premier Trucks,premiertrucksnb.com
Premium Plywood + Specialties,premiumply.com
Pride Machining Inc.,pridemachining.com
Primos Party Rentals,primospartyrentals.com
Priority 1 Restoration Services Inc.,priority1restorationservices.com
Pro Tool & Supply and Pro Equipment Rental,protoolandsupply.com
ProCool Air Services,trinityacademyedu.com
Pulse Entertainment,theberkshireweddingexpo.com
Pure Quincy AC Repair Service's LLC,
"Quality Fleet Service, Inc.",qualityfleetservice.com
Quincy Mutual Fire Insurance Co,quincymutual.com
Quincy Porta Potty Rentals,
Quincy Small Engine Repair Inc,
Quirk Commercial Trucks,quirkcommercialtrucks.com
Quirk Ford,quirk-ford.com
R & A Industries,raindusa.com
R A Mitchell Co Inc,ramitchell.com
R D Equipment Inc,rdequipment.com
R S Rental & Equipment,rsequipment.com
R&W Rope,rwrope.com
Ray Construction Equipment Rental,
Ray Robert Excavation & Trucking,
RCA Electric & Generators,rcaelectric.com
"Reasonable Rentals, Sales, and Repairs",rentalandsupply.com
redbox+ Dumpsters of North Boston,redboxplus.com
REDNOSE Holiday Lights & Décor,rednosedecor.com
Reel Sharp LLC,rsturf.com
Rehabilitation Equipment Associates,reqinc.com
Reil's Rental,reilsrentals.com
Remodelers Outlet,remodelersoutlet.com
Rent-A-Tool Heliport,
Rent-All Inc,salemrentall.com
Rental Depot Boston,rentaldepotrentals.com
RentoBotics LLC.,rentobotics.com
RIBCO Supply,ribcosupply.com
RIPPA Equipment Sales,rippaequipmentsales.com
RJ's Outdoor Power Inc.,rjsoutdoorpower.com
Robert Childs Inc.,robertchildsinc.com
Robert Lyon Tent Rentals,
Roberts Machine Shop,
Rogers Spring Hill Garden Center,rogersspringhill.com
Roland L. Appleton Inc.,rlappleton.com
Rotti's Power Equipment,rottispower.com
Royal Battery Co,
RP McLaughlin Plumbing and Heating,rpmclaughlin.com
RPM Small Engine & Equipment Co.,rpmequipment.com
RST Thermal,rstthermal.com
Rule Camera,rule.com
Russell Skidsteer Rentals,
Ryan's Rentals,proctorlandscapesupply.com
Rydemore Heavy Duty Truck Parts Inc.,rydemore.com
S & M Farms Inc,sandmfarmsinc.com
Safe Site Rentals,safesiterentals.com
Safeway Overhead Crane Services,safewayoverhead.com
Salem Motorsports,salem-motorsports.com
Samuel Holmes Inc,samuelholmesinc.com
Sarris Truck Equipment,
Saugus Cap World Truck Accessories & Trailers,capworld.com
Savoy Equipment Service,savoyequipmentservice.com
Scaffolding & Shoring Specialists | Lothrop Co,lothropcompanies.com
Schofield Power Equipment,schofieldpowerequipment.com
School Street Truck Parts,schoolstreettruck.com
Sell Equipment Company,theniceco.com
Shawmut Equipment Company,shawmutequipment.com
Sherman Crane Service,shermancrane.com
"Simpson's Truck, Brake Drums/Shoes, Chain & Hydraulic Hose Repair",simpsonstrucksupply.com
Skyline Services,skylineservices.biz
Smith Motor Sales of Haverhill,smithmercedesdealer.com
Smith & Sons Machine Inc,smithandsonsmachine.com
Snow's Small Engine Repair & Equipment Sales,
Somerville Porta Potty and Dumpster Rentals,
Somerville Waste Removal - Dumpster Rental,
"Source Equipment Company, Inc.",sourceequipment.com
South Shore Crane,
South Shore Tractor,southshoretractor.com
Spectra Scientific,spectrascientific.com
Spiegel South Shore Scrap Metal Inc.,spiegelscrapmetal.com
Srybny Farmstand and Greenhouses,
St Pierre Chain & Wire Rope,stpierreusa.com
Star Sign Crane Service (Low Min Cost),starsignandawning.com
Stateline Irrigation Supply,statelineirrigationsupply.com
Station,
Sterling Corporation,sterlingmoving.com
Sterling HVAC Products,sterlinghvac.com
Sterry Street Towing,sterrystreet.com
Steves Rental,stevesrental.com
Stewart's Power Equipment,stewartspower.com
Stonecreek Farm Feed & Grain,stonecreekfeeds.com
Stoneham Truck Equipment,stonehamtruckequipment.com
Storage Star,storagestar.com
"Strong Equipment Co., Inc.",strongequipmentcoinc.com
Sudbury Taylor Rental,sudburytaylorrental.com
Sullivan Metals Co Inc,sullivanmetals.com
Sunrise Rentals and Events,sunriserentalsandevents.com
Superior Forklift Repair Inc,superiorforklift.com
Supreme Rentals - Medford MA,supremerentalsnh.com
Swanson Construction Equipment Rental,
T.Johnson Equipment Repair,
T & M Equipment,tandmequipcorp.com
Taft Power Equipment,taftpower.com
Taunton Portable Toilet Rentals,
Taunton Rental,tauntonrental.com
Taylor Rental,trcapecod.com
Taylor Rental Arlington,taylorrentalarlington.com
Taylor Rental Center,taylorrentalofholyoke.com
Taylor Rental Center,taylortvrents.com
"Taylor Rental of Needham, MA",taylorrentalneedham.com
Taylor Rental/PartyPlus,mypartyplus.com
Taylor True Value Rental of Weymouth,taylorrentalweymouth.com
Team JDC - Massachusetts,teamjdc.com
Ted's Farm Equipment,
Temp Rise Cooling & Heating,temprisellc.com
The Party Fun Rental,thepartyfun.com
The Sandman's Toybox LLC,thesandmanstoybox.com
The Small Engine Specialist LLC,chris4repair.com
The Throne King,thethroneking.com
The Truck Store,truckstoresales.com
Timber Pros - Tree Services,timberprosma.com
"Titan Excavating, Inc",titanexcavatinginc.com
TJ's Taylor Rental Rental,hampshirecountyrentals.com
"TJM Rental & Supply, Inc.",tjmrental.com
"TLC Supply, Inc.",tlcsupply.com
TM Enterprise,
TNE EQUIPMENT,
"Toni's State Line Power Products, LLC",
Tool & Equipment Connection,tecequip.com
Tool Rental,
Tool Shed,used-tools.com
Toomey Associates Inc,toomeyinc.com
Top Choice AC Repair Lowell,topchoiceheatingairconditioningusa.com
Top Gear Cars,topgearmotorsinc.com
Topsfield Outdoor Power Equipment,
Toreku Tractor & Equipment Inc,toreku.com
Total Entertainment,totalentertainment.biz
Total Help Pump Jack Rental,totalhelpequipmentrental.com
Town Portables,townportables.com
Tri-County Contractors Supply,tricountycontractors.com
Tricon Ink,triconsports.com
Triple G Scaffold Services Corporation,triplegscaffold.com
Truck Crane Services Inc,
TRUCK GUYS,truckguys.com
Trusted Forklift Certification,trustedforkliftcertification.com
Turf Equipment Co,turfequipmentplus.com
Turnpike Power Equipment,turnpikepowerequipment.com
Twin Bros Party Rentals,twinbrospartyrentals.com
Tyler’s Equipment LLC,
U-Haul of Lowell,uhaul.com
UFP Chicopee,
United Construction & Forestry,construction.unitedequip.com
United Industrial Service Incorporated,unitedindustrialinc.com
United Refrigeration Inc,uri.com
United Textile Machinery Corporation,unitedtextile.com
US Environmental Rental Corporation,usenvironmental.com
US Tool & Fastener,ustoolandfastener.com
USA Motor Sport,usamotorsport.com
Used Tool Store,
Valor Porta,
Ventura Grain Inc,venturagraininc.com
W C Gurrisi & Sons Inc,wcgurrisi.com
W E Mc Carthy Inc,mccarthytrucks.com
W & H Equipment Rentals,wheqtrentals.com
Walnut Tree Service,walnuttreeservice.com
Waltham Fields Community Farm (Community Farms Outreach),communityfarms.org
Waltham Porta Potty Rentals,
WAM General Contractors & Co,wamgc.com
Wayside Trans. Corp.,waysideworks.com
We Jump LLC,wejumpllc.com
"Welch Welding & Truck Equipment, Inc",welchwelding.com
Welcome Motors LLC,welcomemotorsllc.com
West County Equipment Rentals,westcountyequipment.com
Western Mass Power Equipment,wmape.com
Westfield Equipment Service,westfieldequipmentservice.com
Westover Outdoor Recreation,westover439fss.com
WESTTECH .:. Woodcracker,woodcracker.com
"Whitney & Son, Inc.",whitneyandson.com
William R Dunlap Inc,dunlapcrane.com
Winsupply of Weymouth,winsupplyinc.com
Woodco Machinery,bondbrothers.com
Woodward's Auto Parts and Spring Shop,kingofallparts.com
Worldwide Preowned,worldwidepreowned.com
365 Events and Rentals,365eventsandrentals.com
3D Party Rental,3dpartyrental.com
51 McCain Dr Tool Rental,
ABC Rental center,abcrentalmaryland.com
ABC Rental Center,abcrentalstore.com
AC CRANE & SIGN SERVICE,accrane.com
Advanced Equipment Co Inc,aecmd.com
Aerial Crane,aerial-crane.com
AG Center Inc,
AG-Industrial,agindustrial.com
Allegheny AG,alleghenyag.net
Alliance Material Handling,alliancemat.com
Alpha Crane Service,
American Crane Inc,pullingforamerica.com
Ameritech Chimcare Service's Systems,deft-hearth-guard-pro.base44.app
Amusement by My Dream Bounce,amunsementmd.com
Annapolis Electric Boat Rentals,aebrentals.com
Annapolis Healthcare Supplies,annapolishealthcare.com
Annapolis Lawn & Garden,
Annapolis Porta Potty Rentals,
Annapolis Portable Toilet Rentals,
"Antietam Tractor & Equipment, Inc.",antietamtractor.com
Antraquip Corporation,antraquip.net
"Approved Equipment, Inc.",approvedequipment.com
"Architecture Stones - Veria Marble, Granite & Quartz Countertops",architecturestones.com
"Atlantic Equipment, A Division of Atlantic Asphalt & Equipment",
Atlantic Machinery Inc,atlanticmachineryinc.com
Atlantic Tractor,atlantictractor.net
Ayala Rentals,theayalarentals.com
B&O Lift Rental,boliftrental.com
B & W Equipment & Supply,bwequipment.com
Barstow & Sons Heating and Cooling,barstowhvac.com
Bay Country Rentals,baycountryrentalsofpasadena.com
Bay Crane Mid-Atlantic - Baltimore,unitedcraneandrigging.com
Bay Crane Mid-Atlantic - Capitol Heights,cranerentalcompany.com
Bayside Chrysler Dodge Jeep Ram of Annapolis,baysidecdjrmd.com
Bayside Kubota & Equipment Company,baysidekubota.com
BBT & Recovery Wrecker Service,heavytowing-baltimore.com
Bell Creek Equipment LLC,bellcreekequipment.com
Beltsville Construction Supply,beltsvillesupply.com
Big Boy's Rigging Services LLC,bigboysrigging.com
Bill Miller Equipment Sales Inc,bmillerequipmentsales.com
Blizzard Crane Service LLC,blizzardcraneservice.com
"Blue Gray Towing 24/7 Emergency Service, If you feel unsafe please call 911",bluegraytowing.com
"BlueBox Rental, LLC",blueboxrental.com
Blunard's Repair & Equipment,blunardsrepair.com
Bowen's Farm Supply Inc,bowensfarmsupplyinc.com
Bowie Portable Toilet Rentals,
Brandywine Rentals,brandywinerentals.com
Brandywine Trucks & Equipment and Rentals,brandywine-eqp.com
Budds Creek Equipment LLC,buddscreekequipment.com
Capital Car-O-Liner,capitalcaroliner.com
Capital SUP - Downtown Annapolis ~ Spa Creek,capitalsup.com
CE Commercial Kitchen Cleaning USA,steamcleaning.us
Central Maryland International Trucks,beltwaycompanies.com
Central Truck & Trailer Parts,
Ceresville New Holland,ceresvillenh.com
CES Commercial Equipment Services,mytechces.com
"Chalk's Industrial Equipment Sales,Inc",marylandforklifts.com
Chesapeake & Potomac Audio,chesapeakeav.com
Chesapeake Specialty Equipment,chesapeakespecialty.com
"Clear Valley Rentals, LLC",clearvalley.rentals
Cloud of Goods Washington DC,cloudofgoods.com
CNE Party Supply Rental,
Colliflower Hose & Fittings,colliflower.com
Commercial Mower Depot,commercialmowerdepot.com
Community Forklift Nonprofit Reuse Warehouse,communityforklift.org
Continental Equipment Inc,
Core Equipment Group,gtmidatlantic.com
Correlli Incorporated,correlli.net
Cox Trailer & Equipment Sales,coxtrailersalesinc.com
Crane and Rigging Professionals,crpro.us
Crane Inspection Certification,
Crane Works Rentals,craneworksrentals.com
D G Johnson Crane Rental Inc,dgjohnsoncranerental.com
D L Miller Backhoe Services Inc,
D.W. Ogg Equipment Company,dwogg.co
Davis Crane Rental,
"Digging & Rigging, Inc.",digrig.com
E & M Machinery Inc,emmachinery.com
East Coast Equipment Rentals,ec-rentals.com
Eastern Lift Truck Co. - Dundalk (Baltimore),easternlifttruck.com
Eazy Rentals Fun Factory,4eazyrentals.com
Eby's Lawn & Garden,ebyslawnandgarden.com
"EDCO - Equipment Development Co, Inc.",edcoinc.com
Eisenhart Crane Services LLC,
Engineers Outlet,georgetowndc.com
EquipKo,kohlerequipment.com
Equipment Recycle,equipmentrecycle.com
Fijorentals,usaautodealerrental.com
FlexIron Rentals,flexironrentals.com
Foltz Manufacturing & Supply Co.,foltzcompany.com
Fout Crane & Rigging,foutcraneandrigging.com
Freedom Trailers LLC,freedomtrailersusa.com
Freightliner,freightliner.com
Gaithersburg Portable Toilet Rentals,
Gaithersburg Rental Center,gaithersburg-rentals.com
Gambrills Equipment Co,sawdocmd.com
Garrett Equipment Rentals LLC,garrettequipmentrentals.com
Glenn's Supply & Equipment Co,
"Global Equipment Excavating & Contracting, Inc.",globalequipmentexc.com
Grantsville Equipment Company,grantsvilleequipment.com
Green Industries,greenindustriesequipment.com
"Guy Brothers Marine, Inc.",guybrothersmarine.com
Habitat for Humanity ReStore,habitatmm.org
Hagerstown Portable Toilet Rentals,
Happinesspartyrental,happinesspartyrental.com
HiTrend Plumbers of Rockville,hitrendplumbers.pro
Honeywood Event + Tent,honeywoodrentals.com
"Hoover Forklift Sales, INC.",
Huston's Crane Services Inc,hustonscraneservice.com
Hydra-Lift Industrial Truck Inc,hydraliftinc.com
"Hyman Equipment CO., INC",hyeq.com
Innovative Rental Supply,innovativerentalsupply.com
"Ivanti Marble & Granite - Kitchen Cabinets, Countertops & Remodeling",ivanti-marble.com
J David Mullinix & Sons Inc,mullinixandsons.com
Jim's Tool & Party Rental,dealerentalcenter.com
Johnson Crane Services Inc,
Jones of Annapolis Inc,jonesofannapolisinc.com
Junk King Rockville,junk-king.com
Key Machinery LLC,key-machinery.com
Keystone Precision Solutions Maryland Offices,keypre.com
L.J. Elter & Son Power Equipment Centers,
Lameeda Party Rentals,lameedapartyrentals.com
Larry T Weiss Co Inc,larrytweiss.com
Let's Party Md,letspartymd.com
Liberty Construction - Medical Build-Outs,libertycd.com
Locust Point Equipment,locustpointrents.com
Lr Willson & Sons Inc,cranerentalnow.com
Mahindra Tractors,
Main Truck Towing & Repair Inc,maintruckrepair.com
Manheim Baltimore-Washington,publish.manheim.com
Marks Equipment Service,marksequipmentservice.com
Marlboro Mower,marlboromower.com
Maryland Event Rentals,marylandeventrentals.com
Maryland Fire Equipment Corporation,marylandfire.com
"Maryland Industrial Trucks, Inc.",mdindustrialtrucks.com
Matthai Material Handling,matthaimaterialhandling.com
Maugansville AG Industrial Llc,fastline.com
MC Lift Truck,mclifttruck.com
McCarty Fitness Supply,mccartyfitness.com
McClung-Logan Equipment Company,mlheavyconstructionequipment.com
McHenrys Small Engine,mchenryse.com
MEGA MACHINE,memamerica.com
"Metro Bobcat, Inc.",metrobobcat.com
Mid-Atlantic Outdoor Equipment,mid-atlanticoutdoor.com
Mid-Atlantic Tractor,midatlantictractor.com
Mid-Atlantic Truck & Equipment,mawaste.com
Mid Maryland Rentals Inc,midmd.com
MOMENTS PARTY RENTALS,momentspartyrentals.com
Morton's Towing & Recovery,mortonstowing.com
Music & Arts,stores.musicarts.com
N & S Equipment Rentals & Contractor Supply,nsrentals.com
New Holland,
new millennium rentals Inc,newmillenniumrentals.com
NextCar,nextcarrental.com
"Norman Machine Tool, Ltd",normanmachinetool.com
Odyssey Mobile Adventures,mobileaxethrow.com
Oxon Hill Rentals,oxonhillrentals.com
Pasadena Forklift LLC,pasadenaforklift.com
Patriot Crane & Rigging,patriotcraneinc.com
Patuxent Nursery,patuxentnursery.com
"PayMore- Buy, Sell & Trade Electronics",rockvillemd.paymore.com
Perry Hall Lawn Equipment,phlawnequipment.com
Powerhouse Tool & Supply Inc,powerhousetoolsupply.com
Pure Boardshop,pureboardshop.com
Ravenda Porta Potty Rentals,ravendaportapottyrentals.us
Red Line Trailer Rental,redlinetrailerrental.com
Reese Equipment,reeseequipment.com
Reid Construction Equipment Rental,
Rentals to Remember,rentalstoremember.com
Rentals Unlimited INC,rentalsunlimited.com
REYE'S CONSTRUCTION GROUP,reyesconstructiongroup.com
Ricks Trailer Rentals,
Rippeon Equipment Company,rippeonequipment.com
Riverside Organic Dispensary,riversideorganicdispensary.shop
Rock Creek Excavation,rockcreekexcavation.com
Rockville Crane Rental,
Rockville Medical Supplies,rockvillemedicalsupplies.com
Royal Flush Toilets,royalflushtoilets.com
Schrock Farm Equipment,schrockfarmequipment.com
Service Force Plumbing,serviceforceplumbing.com
Shapiro & Duncan Inc,shapiroandduncan.com
Sheepman Supply Company,sheepman.com
Signature Elevators & Accessible Design,signatureelevators.com
Ski Haus Sports center,skihaussports.com
Skyreach Equipment,skyreachequipment.com
Southern Maryland Crane Rental Inc,somdcrane.com
"Southern Maryland Outdoor Power Equipment, LLC",lawnmowersmaryland.com
Southern State Store,
Spartan Equipment,spartanequipment.com
Station North Tool Library,toollibrary.org
Stevens Auto Transport & Welding Inc,
Taylor Northeast,taylornortheast.com
Ted's Rent It Center,tedsrentit.com
Titan Crane Inc,titancraneinc.com
TJB Crane Service,
TR equipment llc,trequipmentsales.com
"Transteck, Inc. Freightliner & Western Star of Hagerstown",transteck.com
Truck Crane Solutions,truckcraneforklift.com
Vince's Sales & Services Inc,vincesmotors.com
Vito Services,vitoservices.com
Washington Air Compressor Rental Co.,washair.net
Werres Corporation,werres.com
Western Maryland Lift Truck,
"Western Maryland Outdoor Power, Inc.",westernmarylandoutdoorpower.com
Whitaker Brothers,whitakerbrothers.com
Wiese USA - Baltimore,wieseusa.com
Williams Crane Service,williamscrane.com
Woodbine Equipment & Supply,woodbineequipment.com
Woodcraft of Maryland,woodcraft.com
Wrenches & Wreckers,wrenchesnwreckers.com
"Wright Manufacturing, Inc.",wrightmfg.com
"Zadoon, L.L.C",zadoon.com
Abbott Equipment Sales,abbottequipmentsales.com
Arthur D Henry Inc dba Henry Crane Service,
Bangor Tractor and Equipment,bangortractor.com
Beauregard Equipment Inc,beauregardequip.com
Black Bear Crane,blackbearcrane.com
Butch Craig and Son,butchcraigandson.com
Central Equipment Co.,centralequipmentco.com
Central Maine Crane,centralmainecrane.com
Central Maine Equipment & Motorsports,centralmaineequipment.com
Coastal Equipment Corporation,coastalequipment.com
Coops Truck and Equipment,coopstruckequipment.com
Copp Equipment,coppequipment.com
Cote Crane & Rigging,cotecrane.com
Dorr's Equipment Company,dorrsequipment.com
Double R Crane Services,doublercrane.com
Douglas Crane,douglascrane.com
Eagle Rental,eagle-rental.com
Easy Rent All,easyrentall.com
Farmers Choice Inc,farmerschoiceinc.com
"Frank Martin Sons, Inc",fms-equipment.com
Grand Rental Station of Trenton,grandrentalmaine.com
Greenway Equipment Sales,greenwayequipment.com
H&H Rigging Inc,handhrigging.com
Haggan Enterprises,haggan.com
Hale Trailer Brake & Wheel - Portland,haletrailer.com
Hall ImplementUnited Ag and Turf,hallimplementco.com
Handyman Equipment Rental,handymanrental.com
Hartford's Forklift Service & Repair,hartfordsforkliftme.com
Hews Company,hewsco.com
Hood Equipment,hood-equipment.com
Industrial Tractor Parts,industrialtractorparts.com
J K Equipment LLC,j-kequipment.org
Jordan Equipment Co.,jordanequipment.com
Keeley Crane Service,keeleycrane.com
"Kennebec Equipment Rental Co., Inc.",kennebecrental.com
Kramers Inc,kramersinc.com
Leavitt Equipment Sales,leavitt-equip.com
Lewis Farm Equipment Co,
LW Automotive Lifts LLC,lwautolifts.com
Lyndell's forklift&mechanical services,
Maine Crane and Lift LLC,mainecraneandlift.com
Maine Equipment Rentals,maineequipmentrentals.com
Maine Material Handling Inc,mainematerialhandlinginc.com
Mainely Construction Rentals - MCR,mcrentalsllc.com
Mainely Equipment,mainelyequipment.com
Manchester Motors,manchestermotors.net
Marquis Crane Services Inc,marquiscraneservices.com
Material Handling Sales Inc.,mathand.com
Mayo Crane Services LLC,mayoenterprisesllc.com
"Messer Truck and Van Maine, Messer Truck Equipment",messerbuilt.com
National Attachments Inc,nationalattachments.com
Need A Lift? Mid Coast Maine,needaliftmaine.com
New England Crane,newenglandcrane.com
North Atlantic Machinery Inc,namachinery.com
Northeast Concrete Pumping and Crane Service,
Partners Outdoor Power Equipment,partnersope.com
Pen-Bay Tractor Company,penbaytractor.com
Reith Industrial Truck,reithindustrial.com
Rent It,urentit.com
SANY Of Maine,sanyofmaine.com
Seacoast Scaffold & Equipment,seacoastscaffold.com
Skowhegan Equipment & Tool,skowheganequipment.com
Southern Maine Tool & Equipment Rental,southernmainetool.com
T B Equipment & Rental,tbequipment.net
T M Tractor Parts LLC,tmtractor.com
"T W Enterprises, Inc. Crane Service Division",twtree.com
Thompson Equipment,thompson-equip.com
Topsham Tractor,mainetractorcompany.com
Topsham Tractor - Norway,topshamtractor.com
"Union Farm Equipment, Inc.",unionfarmequipment.com
W. D. Matthews Machinery Co,wdmatthews.com
Wallingford Equipment,wallingfordequipment.com
WATERMAN AG & TURF,wfm1956.com
Whittemore & Sons,whittemoreandsons.com
Windham Rental Center,windhamrentalcenter.com
Yerxa's Power Equipment,yerxaspowerequipment.com
20500 E 13 Mile Rd Tool Rental,
21100 Penn St Tool Rental,
24/7 equipment rental,247rentgrandrapids.com
4K Rentals LLC,4krentalsllc.com
517 Bounce,517bounce.com
609 Heavy Equipment Repair,609heavyequipment.wixsite.com
616 Equipment,616equipment.com
9 Mile Rent-All,9milerentall.com
A-1 Mower Sales & Services,
A-1 Rent All,
A-1 Rental Inc,a1rental-annarbor.com
A & B Rental,havitsupplies.com
"A&F Equipment: Rentals, Sales, and Excavation",afequipmentrentals.com
A & S Unlimited Heating & Cooling,aandsheatingandcooling.com
A To Z Truck and Trailer Services,atoztrucksvcs.com
A1 Diesel Repair Inc,
AAA Services Plus Equipment Rental,aaaservicesplus.com
Abel Electronics,abelelectronics.com
AC&E Rentals Inc,acerentalsinc.com
Accurate Excavators LLC,accurateexcavators.com
Accurate Hoist Co,
Ace Cutting Equipment & Supply Inc.,acecutting.com
ACE Events & Rentals,acerentalsmi.com
Ace-Hi Crane LLC,
Acme Ladder & Supply Co,acmeladdersupply.com
Acme Partyworks,acmepartyworks.com
Action Supply Safety & Workwear Store,actionis.com
Admiral Metals LLC,admiralscrapmetals.com
Advanced Turf Solutions,advancedturf.com
"Aero Lift, Inc",aeroliftusa.com
Aeschliman Equipment Co,aeschliman.com
Affordable Crane Rental,affordablecranerental.com
AIS Equipment,aisequip.com
Alger Hardware & Rental,
All Seasons Outdoor Equipment,
All State Crane and Rigging,allstatecraneandrigging.com
All You Need Rental,allyouneedrental.com
Alliance Crane Rental,
Alliance Crane Rental,alliancecranemi.com
Allied Machinery Co,alliedmachinery.com
Allied Rent-All,alliedrentall.com
Almont Equipment,almontequipmentmi.com
Alpha Rentals,alpharentalsmi.com
Alpine Rent All & Sales,alpinerentall.com
Alta Equipment Company,construction.altaequipment.com
Alta Material Handling,materialhandling.altg.com
American Contractors Equipment Supply,acesupplyus.com
American Industrial Machinery-MC,
American Rental Services,american-rental.com
Andersen Material Handling - Greater Detroit Warehouse Solutions & Support Center,andersenmaterialhandling.com
Ann Arbor Portable Toilet Rentals,
Anytime Hoisting Service Inc.,
Arbor Man LLC,thearborman.com
Arc Spring Inc,
Aresco,aresco.org
Arrow Crane Service Inc,
Art's Rentals,artsrentals.rentmy.shop
Ascend Equipment Rentals,
Ashmore Rentals,ashmorerental.com
Associated Construction Inc,associatedconstructionbc.com
Attachment Kings,attachmentkings.com
Ausra Equipment,ausraequipment.com
Automotive Machine Shop,automachshop.com
B&D Equipment Rental,bdequipmentrenting.com
B&M Crane Rental,cranerentalmichigan.com
Balkema Excavating Inc,balkemaexc.com
Barry's Let's Rent It,barrysletsrentit.com
Battle Creek Portable Toilet Rentals,
Battle Creek Rental Equipment,battlecreekrental.com
Bay Logistics Rack Yard,baylogistics.com
Becke's Equipment Rental Inc,
Bedford Machinery Co,bedfordmachinery.com
"Bell Fork Lift, Inc.",bellforklift.com
"BENLEE Roll-off Trailers, Gondola Trailers & Luggers",benlee.com
Bid's Lawn & Garden Center,bidspowerequipment.com
Bierlein Companies Inc,bierlein.com
Billings Lawn Equipment,billingslawn.com
Binell Brothers Cutlery,
Blue Water Equipment Rental,bluewaterequipmentrental.com
BlueBird Turf,bluebirdturf.com
Bobcat of Lansing,bobcatoflansing.com
Bobcat of Michiana,bobcatofmichiana.com
Boomer Construction Materials,
Boomer's Crane Service & Crane Rental,
Bostick Truck Center,bosticktruck.com
"Boullion Sales & Service, Inc.",boullionsales.com
Bounce Downriver,bouncedownriver.com
Bounce-N-Bash,bouncenbash.com
Briarwood Heating & Cooling,briarwoodheatingandcooling.com
Bricklayr,bricklayr.rentals
Bright Power Sports,brightpowersports.com
"BTS Truck, Equipment, Sales and Service, Inc.",btsequipment.com
Buck & Knobby Equipment Company,buckandknobby.com
Buck's Crane Service Inc,buckscrane.com
Budd's All Tractor LLC,buddstractors.com
Budget Equipment,budgetequipments.com
Builders Plumbing & Heating Supply- Kitchen & Bath Showroom and Counter Sales,annarbor.buildersplumbingsupply.com
Burnips Equipment Co.,burnips.com
Byers Wrecker Service,byerswrecker.com
C&B Equipment,candbequipment.com
C&C Rent All,
C H Crane & Associates,chcrane-assoc.com
C & N Party Rental,cnparty.com
Caiman X Construction Equipment And Services,caimanx.com
Canfield Equipment Services Inc,canfieldequipment.com
Capital Equipment Clare,cedealer.com
CareLinc Medical Equipment & Supply,carelincmed.com
Cargo Heavy Duty,cargohd.com
Carleton Equipment Bobcat of Saginaw/Flint,carletonequipment.com
Carleton Farm Supply Inc,carletonfarmsupply.com
Carnival Bounce Rentals,carnivalbounce.com
Casco Rent All - Richmond / Armada / Chesterfield MI,cascorentall.com
Casinos Wild Inc,casinoswild.com
CasterDepot - Detroit,casterdepot.com
Casters & Equipment Co.,castereq.com
CDR Equipment Rentals Inc,cdrequipment.com
Cendant Equipment Rental,cendantrental.com
Central Michigan Crane,centralmichigancrane.com
"Central Rental | Bobcat Rental, Equipment Rental Agency, Small Excavator Rental, Mini Skid Steer Rental, Scissor Lift Rental",centralrentalmi.com
Chap's Feed Store,
Chet's Rent-All,chetsrentall.com
Citiwide Truck & Crane LLC,
"Clausing Industrial, Inc.",clausing-industrial.com
CLINK,clinkit.app
CMR Tractors,cmrtractors.com
Cocky Equipment Rental LLC,cocky-equipment.com
Cohoon's Elevator,cohoonselevator.com
Colony Marine,colonymarine.com
Columbia Portable Toilet Rentals,
"Commercial Equipment Services, Inc",commercialequipmentservice.com
Commercial Group Lifting Products,cglift.com
Competition Crane,
Competitive Hoisting,comphoisting.com
Complete Manufacturers Equipment,cme-tools.com
Concord Machine Tools,concordmt.com
Concord Rents,concordrents.co
Connelly Crane Rental Corporation,connellycrane.com
Construction Equipment,
Continental Crane & Services Co,
Contractors Connection Inc,contractorsconnectioninc.com
Contractors Rental Corporation,contractorsrental.com
Cook Equipment,cookequip.com
Cooper Farm Equipment,cooperfarmequipment.com
Cornerstone Crane Service,cornerstonecrane.com
Cougar Sales & Rental Inc,cougarsalesrental.com
Country Hardware,stihldealer.net
Craig's Hardware,craigshardwaremi.com
Crane 1,
Crane Daddy LLC,
Crane Giant LLC,
Crane Land Surveying PC,cls-bc.com
Crane Services TLA,
Crane Technologies,cranetechnologies.com
CTS Equipment LLC & Skid Steer Rental,ctsequip.com
CTS Fastening Center,ctsfastening.com
D J Machinery Sales Inc,ebay.com
D & K Truck Co,dktruck.com
D & L Equipment Inc.,dandlequipment.com
"Dale's Landscaping Supply, Inc.",daleslandscaping.com
Dan Dimond Equipment Inc,dandimondequipment.com
Dan Wood Company,danwoodco.com
Darl Heavy Equipment,darlheavyequipment.com
Darold's Small Engine,
Dave's Engine & Mower Shop,davesengineandmower.com
DDT Rentals,ddtrentals.com
Dearborn Heights Portable Toilet Rentals,
Dearborn Porta Potty Rentals,
Dearborn Portable Toilet Rentals,
Deer Creek Sales,deercreeksales.com
Delux Rental Inc,deluxrentalonline.com
DeRonne Hardware and Rental,deronnehardware.com
Detroit Equipment,det-eq.com
Detroit Hoist,detroithoist.com
Detroit Machinery Center,detroitmachinerycenter.com
Detroit Technical Equipment Company,detroit-tech.com
Detroit Wrecker Sales,detroitwrecker.com
Diesel Truck Sales,dieseltrucksales.net
Dirt Works Equipment Rental,dirtworksequipmentrental.com
Ditch Witch Sales Of Michigan,ditchwitchmi.com
"Diuble Equipment, Inc.",diubleequipment.com
Dixson Outdoor Equipment,dixsonoutdoor.com
Duke's Hardware,
Dykema Excavators Inc,dykemaexcavators.com
E. Dowd's Crane Service LLC,dowdcrane.com
E & N Skyworker Company,enskyworker.com
Eagle Excavation Inc,eagleexcavation.com
East Lansing Portable Toilet Rentals,
Edewaard Equipment Rental LLC,edewaardequipmentrental.com
Ellens Equipment,ellensequipment.com
Elmer Gross & Sons LLC,elmergrossandsons.com
Equipment Assets,equipment-assets.com
Equipment Distributors,equipmentdistributors.biz
Equipment Solutions Sales,equipment-solutionsinc.com
Equipment Trading Co,equipmenttrading.com
"Equipmentville, USA LLC",infoequipmentville.wixsite.com
Erickson's Inc.,ericksonsgr.com
"ETR Party Rental Events To Rent, Inc",eventstorent.com
Ever-Joy Rent All Corp,everjoyrentall.com
Excavators Inc,
Exclusive Event Rentals Michigan,exclusiveeventrentalsmichigan.com
"Expert Machine Repair, Inc.",expertmachinerepairandsales.com
EZ-Screen Portable Soil Screeners,ezscreens.com
Fader Equipment Inc,faderequipment.com
Family Farm & Home,familyfarmandhome.com
Farm Depot,farmdepot.biz
Farmco Distributing Inc,farmco.com
Farmington Hills Portable Toilet Rentals,
Farmington Lawn Equipment,farmingtonlawn.net
Farnell Equipment Co,farnell-equipment.com
Farrell Construction Equipment Rentals,
Feed Rite Pet Supply,feedritepets.com
Fendt Builders Supply Inc,fendtproducts.com
Finney Trucking Inc.,finneytrucking.com
"Fisher Contracting, Co.",fisher-contracting.com
Fisher Sand & Gravel,fishersand.com
Flash Sanitation & Excavating,flashsanitation.com
Fleming Construction Equipment Rentals,
Flex Underground & Hydro Excavation,flexservicesinc.com
"Flint New Holland, Inc.",flintnewhollandinc.com
Flint Porta Potty Rentals,
Flint Portable Toilet Rentals,
Flory Crane Rental,florycrane.com
Food Truck Headquarters USA,foodtruckhqusa.com
Foote Tractor - We've Moved To Howell!,
Ford's Party Rental,fordpartyrental.com
Forklift Tires,tiremaxx.jambestone.com
Forklift Training USA,
Forklifts of Michigan,forkliftsmi.com
Formula K Equipment,formulakequipment.com
Forton's Mower Services,fortonsmowerservice.com
Four Seasons Yard & Sport Equipment Inc,fourseasns.com
Fox Equipment,foxequipmentrentals.com
"Fraco USA, Inc.",fraco.com
Fraza,frazagroup.com
Frazier Rentals Inc,frazierrentals.com
Fredrickson Supply,fredricksonsupply.com
Freedom Motors USA,freedommotors.com
Freedom Rentals Dumpster,freedomrentalsdumpster.com
Freightliner of Grand Rapids,ftlgr.com
French Construction Equipment Rental,
G-TEC Truck Equipment,gtectruckequipment.com
Galaxie Corporation,galaxiecorp.com
Gateway Manufacturing Agricultural & Commercial Equipment,gatewaymfgequipment.com
Geisler Enterprises Inc.,geislerinc.com
Geislinger Corporation,geislinger.com
GELOCK,gelock.com
General Motors Flint Assembly,gm.com
George Hofacker Lawn & Garden,georgehofacker.com
Gezon Industrial Surplus,gezonsurplus.com
Gibbs Machinery,gibbsmachinery.com
Gillespie Maintenance,gmkzoo.com
Glacier Attachments,glacierattachments.com
Goggin Rental,gogginrental.com
Good Works Tractors,goodworkstractors.com
Gordon's Rental LLC,gordonsrental.wixsite.com
Grand-Davo Crane Services Inc,granddavocrane.com
Grand Equipment Company,grandequipment.com
Gray's Towing of Flint,graystowing.com
Great Lakes Access Lift Rental,greatlakesaccess.com
"Great Lakes Bay Construction, Inc.",glbconstruction.com
Great Lakes Crane Rental,greatlakescranerental.com
Great Lakes Crane Service,cranerentaldetroit.com
Great Lakes Detroit Crane Rental,
Great Lakes Forklift,greatlakesforklift.com
Great Lakes Hoisting,greatlakeshoisting.com
Great Lakes Power Tools,greatlakespowertools.com
Great Lakes Rental and Supply,glrsupply.com
"Great Lakes Truck & Equipment Parts, LLC",gltep.com
Greenfield Landscape Supply Center,greenfieldsupplies.com
GreenMark Equipment,greenmarkequipment.com
Gregory Construction Equipment Rentals,
Griffin Equipment Rental,griffinrental.com
Grocery Equipment Sales,groceryequipmentsales.com
Gunners Meters & Parts Inc,
H & B Sales and Service,hbsalesandservice.com
H & K Excavating LLC,
HA Industries,ha-industries.com
Hammersmith Equipment Company Inc.,hammersmithequipment.com
Hamtramck Rentals,hamtramck-tool-rentals.pointofrentalcloud.com
Happy Can Disposal,happycandumpsters.com
Harlo,harlo.com
Hart Medical Equipment,hartmedical.org
Heavy Metal Equipment,heavymetalequipment.net
Heindl Implement Sales,heindlimplement.com
Hellebuyck's Power Equipment,hellebuycks.com
Hertz Car Rental - Dearborn - Kean Street,hertz.com
HES Equipment,hesequipment.com
"HFS Equipment Sales, LLC.",hfsequipment.com
"Hi-Lo Industrial Trucks Company, Inc.",hiloindustrial.com
Highway and Heavy Parts,highwayandheavyparts.com
Hill Machinery Co,hillmachinery.com
HILO GUY,hiloguy.com
Hodges Farm Equipment Incorporated,hodgesfarmequipment.com
Hoffman's Power Equipment,hoffmanspowerequipment.com
Hoist House DIY Auto Shop,hoist-house.com
"Holland Equipment Hunters, Inc",hollandequipment.com
Hotz Catering and Rental,hotzcatering.com
Howard's Outdoor Power Equipment,howardsoutdoorpower.com
HP Forklifts,hpforklift.com
HSA Equipment & Sales,hsabobcatmidland.com
Hull Lift Truck,hulllifttruck.com
"Hutson, Inc",hutsoninc.com
I.C.S. LLC,innovativecontractingsolutions.net
IB EQUIPMENT AND TOOL RENTAL LLC,ib-rentals.pointofrentalcloud.com
Ideal Setech - Shelby,idealsetech.com
Ina Store Inc,theinastore.com
Industrial Fleet Service,industrialfleetservice.com
Industrial Machinery & Rigging,industrialmach.com
Integrity Lift Services,integritylift.com
Intella Parts Company,intellaparts.com
International Controls and Equipment,icegatesystems.com
Interstate Trucksource Inc,interstatetrucksource.com
Iwen Tool Supply Company,iwentool.com
J & B Products Inc,
"J & B Professional Tree Service, Inc",jbtreeservice.net
J & J Farm Sales & Services,jandjoutdoorpower.com
Jackson Industrial Crane and Rigging,jicrane.com
Jamison's Party Rental,jamisonspartyrental.com
Janitorial Equipment Services LLC,janitorialequipmentservices.com
Janson Equipment,jansonequipment.com
JB Tools,jbtools.com
Jim Bluemer Contracting,
JJ Curran Crane Company,jjcurran.com
Jjs Jumpers,
JKW Equipment Rentals,jkwequipment.com
JL Landworks LLC,jllandworks.com
John & Leroy Tomlinson LLC.,johnandleroytomlinson.com
Johnny On The Spot forklift Repair,
Judd's Rental,juddsrental.com
Jump-On-In Moon Walk Rentals,moonwalkman.com
Junk Dump & Destroyers,trailersbusters.com
K&B Energy Solutions,kandbenergy.com
Kai's Party Rentals,kaispartyrentals.com
Kalamazoo Excavation and Septic,kalamazooexcavation.com
Kalamazoo Industries Inc,kalamazooind.com
Kalamazoo Lawn and Garden,kalamazoolawn.com
Kamps Pallets Inc. Taylor,kampspallets.com
KB Party Rental,
"KBC Tools & Machinery, Inc.",kbctools.com
KD Equipment Sales,kdequipmentsales.com
"Kellerin Equipment Sales, Inc.",kellerin.com
Kent Equipment,kentequipment.com
Kentwood Excavating Inc,kentwoodexcavating.com
Kentwood Rental,kentwoodrentalinc.com
Kessler Equipment Company,kesslerequipment.com
Kilburn's Equipment Rental,kilburnsequipment.com
Kim Aerial Equipment Rental,
Kincaid Septic Services and Porta Potty Rentals,kincaidsseptic.com
Kings Equipment - Kubota of Jackson,kubotakings.com
Kirk's Jump N Fun Rentals,kirksjumpnfun.com
"Kitts Industrial Tools, Inc. Retail Store",
"Klochko Equipment Rental Company, Inc.",klochkoequipment.com
Klochko Equipment Rental (Satellite Location),klochko.com
KM Industrial Machinery Co,km-industrial.com
Knapheide Truck Equipment Center,knapheide.com
L&B Equipment Rental LLC,lbequipmentrental.com
Lad's Rental,ladsrental.com
Lake Orion Equipment Rental,orionequipmentrental.com
"Lakenen Crane And Rigging Service | Rental, Operating & Lift Planning",lakenencrane.com
Lakeside Motor Group,lakesidemotorgroup.com
Lansing Porta Potty Rentals,
Lansing Portable Toilet Rentals,
Lansing Tool and Equipment Rental LLC,
Laramie Crane,laramiecrane.com
Lee Stevens Machinery,stevensmachinery.com
Lewis Equipment,lewistool.com
Lift Pro Supply,liftprosupply.com
Lingle Equipment Incorporated,lingleeq.com
Live Edge Detroit,liveedgedetroit.com
"Lloyd Miller & Sons, Inc.",lloydmillerandsons.com
LMM,lmm.us
Loudermilks Forklift Service,loudermilksforklift.com
Lowing Light & Grip,lowinglight.com
Lw's Trailer Rental,lwshauling.com
Lynden Equipment,tractors.lyndensportscenter.com
M&K Trailer Centers,mktrailercenters.com
"M & M Equipment Auto Sales, Inc.",mmequipmentautosales.com
M & R Machine Shop,
"M & W Crane Rental, LLC",mwcrane.com
M32 Enterprises LLC,m32enterprises.com
Mac's Service Equipment,macsservice.com
MacAllister Hydrovac,macallisterhydrovac.com
Machine Tool Exchange,machinetoolexchange.com
Machinery Equipment Depot Inc,
Machinery For Sale,machineryforsale.com
MacQueen | Environmental Solutions Service Center,macqueengroup.com
Magic Flakes Rentals,
Mark's Outdoor Power Equipment,marksoutdoor.com
Maverick Environmental Equipment,maverickenvironmentalequipment.com
Maverick Equipment Inc,maverickequipmentinc.com
Mc Connell Farm Supply,mcconnellfarmsupply.com
McBrane Tractor & Trailer Sales,mcbranetruckandtrailersales.com
McLaren Rent-All,mclarenrentall.com
McNally-Nimergood Crane Rentals,mcnally-nimergood.com
MEGA PAWN & JEWELRY 2,megapawnstores.com
Merrifield Machinery Solutions,merrifieldmachinery.com
Metal Supply by Yarde,yarde.com
Metalmite Corporation,metalmite.com
Metro Airport Truck,matruck.com
METRO HOISTING,metrohoistinginc.com
Metropolitan Equipment Rental,shelbytwprental.com
MHK Truck & Equipment Sales,mhkequipment.gltep.com
MI Adventure Rentals,miadventurerentals.com
Michiana Rental,mtrental.com
Michigan crane rental,
Michigan Equipment Rental & Sales Inc,michiganequipment.com
Michigan Forklifts,michiganforklifts.com
Michigan Iron and Equipment LLC,michiganironandequip.com
Michigan Kenworth - Dearborn,michigankenworth.com
Michigan Party Rentals Inc.,getpartyrentals.com
Michigan Pneumatic Tool,michiganpneumatic.com
"Michigan Trailer Rental, LLC",michigantrailerrentals.com
Michigan Truck Equipment Co,
Michigan Truck Parts,michigantruck.com
Mid-Michigan Equipment,midmichiganequipment.com
Mid Michigan Services Co Inc,mid-michiganequip.com
Midland Party Perfection LLC,partyperfectionllc.com
Midland Tool & Supply,midlandtool.com
Midway Machinery Movers,midwaymachinerymovers.com
"Midwest D.M.E. Supply, Inc.",midwestdme.com
"Midwest Machinery, LLC",
"Midwest Machinery Movers, LLC",midwestmachinerymovers.com
Midwest Power Equipment,midwestpowerparts.com
Midwest Rental and Supply,midwestrentalandsupply.com
Midwest Vibro Inc.,midwestvibro.com
MJR Events LLC,mjreventsllc.com
Modern Crane Technologies,
Modern Mower,modernmower.com
Morgan Site Services,morgansiteservices.com
Morrison Industrial Equipment - Grand Rapids,morrison-ind.com
Motor City Disposal,motorcitydisposal.com
Motor City Rentals,motorcityrental.com
muskegon equipment rental,muskegonequipment.com
Muskegon Portable Toilet Rentals,
My Bryant Dealer,mybryantdealer.com
Nagy's Tractor Sales,nagystractor.com
Nationwide equipment Inc.,
Nationwide Machinery Sales UPM,nwmachine.com
Nationwide Towing & Heavy Duty Semi Truck Wrecker,towmycarannarbor.com
NBC Truck Equipment Inc,nbctruckequip.com
ND Industrial Surplus,ndindustrialsurplus.com
Nemic Industrial Supply,nemic.net
"North Bros. Ford, Inc.",northbrothersford.net
North Center Farm Supply,
Northeastern Industrial Supply,northeasternis.com
Northern Industrial Product,nipcorp.com
Northwestern Industrial Sales,
Norton Equipment Sales LLC,nortonequip.com
Novak's Supply & Equipment,novakssupply.com
"Novak Trucking & Excavating, Inc.",novakexcavating.com
Novi Feed LLC.,novifeed.com
Novi Portable Toilet Rentals,
NTEA,ntea.com
Oakland Metal Sales Inc,oaklandmetalsales.com
Off the river rentals,offtheriverrentals.com
"Olson's Party Rental, Inc.",olsonsrental.com
Onsite Industrial Services,onsiteindustrialsvc.com
"Orec America, Inc",orecamerica.com
Outdoor Equipment Co.,outdoorequipco.com
Outdoor Experts Inc,outdoorexpertsinc.com
Paladin Attachments,paladinattachments.com
Panetta's Landscape Supplies,panettasupply.com
Papa's Rental,papasrental.com
Paragon Sight & Sound,paragonsns.com
Party At Lewis,partyatlewis.com
Pauls Tractor Sales and Service LLC,paulstractorssllc.com
Pell's,pellsinc.com
"Peter Bros. Farm Supply,LLC",petersfarmsupply.com
Phoenix Medical Equipment,
Platinum dumpsters llc,313platinumdumpsters.com
Pontiac Portable Toilet Rentals,
Porta Potty Rentals Royal Oak,
Portage Portable Toilet Rentals,
Powell Construction Equipment Rentals,
Power Supply Equipment LLC,
Precision Installations and Services,precisionriggers.com
Pro-Tec Equipment,
Pro-Tec Equipment,pro-tecequipment.com
Progressive Lift Truck LLC,
Puckhaber Boom Lift Rental,
"Quantum Lift, Inc.",quantumforklift.com
Quick Lift Equipment LLC,
R.H. Wiles Sales,wilessales.com
R & R Lawn Mower & Snow Blower Repair,
R T Machinery Sales Inc,
Raaj Tractor,
"Range Road Equipment Rental, LLC",
Raycox machines,raycoxmachines.com
Ready Dig Excavation,readydigexcavation.com
Redi Rental,redirental.com
"Redline Equipment - Litchfield, MI",redlineequipment.com
Reeman Farm Equipment Inc.,reemanfarm.com
Reid Machinery Inc,reidmachinery.com
Remanforkliftparts,remanforkliftparts.com
"Rent Rite - Equipment, Events & Site Services",rentrite.biz
Rent Smart,rentsmartllc.com
Rental Equipment Solutions,rentalequipmentsolutions.com
Rentalex Event Rentals,rentalexevents.com
"RESETAR EQUIPMENT, INC.",resetarequipment.com
Response Forklift,responseforklift.com
Rexair LLC,rainbowsystem.com
Rice Creek Rentals LLC,ricecreekrentals.com
Richardson Equipment,richardsonequipment.com
Richfield Industries,richind.com
Right-Way Rental,
Rim Guard,rimguardsolutions.com
River City Equipment Sales,rvrcty.com
"Rivers Rental & Equipment (formerly, White Lake Nursery)",whitelakenurseryinc.com
Riverview Excavating,soloist.ai
RMB Equipment,rmbequipment.com
Road Equipment Parts Center,roadparts.com
Roberts Machinery Sales,robertsmachinery.com
Rochester Event and Equipment Rental,rochesterrental.com
Rochester Hills Portable Toilet Rentals,
Root's Crane Services,
"Rosseel's Equipment, Inc.",rosseelsonline.com
"ROSY BROS., INC.",rosybrosinc.com
Rowerdink Inc.,rowerdink.com
Royal Truck & Utility Trailer,royaltrailersales.com
Ruiz Construction Equipment Rental,
Rusko's Service Center,ruskostowing.com
Ryerson Brothers Excavating,ryersonbros.com
Scarlett Machinery Inc Industrial Equipment Supplier,scarlettinc.com
Schupan,schupan.com
Scientific Brake & Equipment,scientificbrake.com
Seat Specialists,seat-specialists.com
Second Life-Equipment,secondlife-equipment.com
Sellers Commercial Truck Center | Service and Parts Department,commercialtruck.com
Seminole Machinery Company,seminolemachinery.com
Serra Chevrolet Southfield,serrachevrolet.com
Sharp Shop,sharpshopcjpinc.stihldealer.net
Shelby Forklift,shelbyforklift.com
"Shelving + Rack Systems, Inc. - Vertical Lift Modules, Mobile pallet racking, Pallet Racking",srs-i.com
Shoreline Rental,
Shores Trailer Rentals,shorestrailerrentals.com
Site Set Pro,sitesetpro.com
SITECH Michigan,sitechmichigan.com
Skid Tires Construction Equipment Tires,
Skyline Crane Service,skylinecraneservice.com
Skyworks Equipment Rental,skyworksllc.com
Smith Equipment Rental & Trailer Sales,smithequipmentrental.com
Solomon Machinery,solomonmachinery.com
Somerset Crane Service LLC,somersetmodularhomes.com
Sommers Equipment,
Spears Crane Service,
Spears Crane Service LLC,
Specialty Machinery Inc.,specialtymachineryinc.com
Sportfisherman's Center Inc,sportfishermanscenter.com
SRC Refrigeration,srcrefrigeration.com
St. Clair Shores Portable Toilet Rentals,
Stacking Dimes Garage,stackingdimesgarage.com
Stadium Hardware Inc.,stadiumhardware.net
"Star Equipment Co., Inc.",starequipment.net
Star Truck Rentals,startruckrentals.com
Statewide Food Equipment,statewidefoodequipment.com
Steel Equipment Company,steelequipmentcompany.com
Steensma Lawn & Power Equipment,steensmalawn.com
Steiner Tractor Parts,steinertractor.com
Sterling Ag Equipment,sterlingagequipment.com
Sterling Heights Maisie Toilet Rentals,
Sterling Heights Portable Toilet Rentals,
Stewart Engineering & Sales Co,steweng.com
Stonescape Supply,stonescapesupply.com
Stratton Camera Inc,strattoncamera.com
Studz Hardware Inc.,studzracing.com
Stuifbergen Equipment LLC New & Used Parts & Dumpster Rental,stuifequip.com
Suburban Bolt and Supply,suburbanbolt.com
Superior Industrial Sales & Service Inc,superiorindustrialsales.com
Superior Lock & Key LLC,superiorlockandkey.com
Sweet Equipment Sales LLC,sweetsales.net
T.ks..,
T & T Tractor,tandttractor.com
Taker Towing,
Taylor Equipment,taylorequipmentmi.com
Taylor Portable Toilet Rentals,
Team Equipment Company,teamrental.com
Team Wieland Truck & Trailer,wielandtrucks.com
Ted's Home & Lawn Equipment,midlandshometowndealer.com
Terminal Supply Company,go2tsc.com
The Carhartt Workshop,stores.carhartt.com
The Crane Guy LLC,thecraneguy.net
The Power Barn,thepowerbarn.com
The Rock Plant-it,rockplantit.com
The Sound Advantage,thesoundadvantage.com
Thomas Brothers Equipment Sales,thomasbrosequipmentsales.com
Tim's Equipment Repair Inc,
Timothy's Tractors,
TNT Equipment Inc.,tnteq.com
Toad man trailer rentals,toadmantrailerrentals.com
Tom De Young's Engine & Mower,deyoungmower.com
Tool Rental,
Tool Time Equipment Rental & Sales,tooltimerentals.com
Top Gun Back Blades,topgunblades.com
Total Trailer and Truck,totaltrailershop.com
Towey Boom Lift Rental,
Traction,tractionhd.com
Trailer and Equipment Rental,trailerandequipmentrental.com
Trailer Equipment Inc. & Trailer X-press Inc.,trailerequipment.com
Tramar Industries,tramarindustries.com
Tree Service of Troy,treeserviceoftroy.com
Trevarrow Ace Hardware,trevarrowace.com
Tri-City Equipment Rental,tricityequipmentrental.com
"Tri-City Groundbreakers, Inc.",tricitygroundbreakers.com
Tri County Equipment,tricountyequipment.net
Tri County Equipment & Repair,tricountyequipmentmi.com
Tri-County Truck Centers,tricotruck.com
Tri-States Equipment & Sales,tristateseco.com
Trilogiq USA,trilogiqusa.com
Trinity Equipment Co.,trinityequipmentco.com
Trio Millworks,triomillworks.com
Truck Tech Engineers Inc,trucktech.org
Truss Technologies,trusstechnologies.com
"TrynEx International—SnowEx, TurfEx & SweepEx",snowexproducts.com
U P Tractor Inc,uptractorinc.com
U Rent It / Scaffolding Systems Inc.,urentit.net
Ultimate Boom Party Rental LLC,ultimateboompartyrental.com
Underdog Equipment,underdogequipment.com
"UniFi Equipment Finance, Inc.",teamunifi.com
United Mowers Inc,
United Petroleum Equipment Inc.,united.roundstargroup.com
United Rent All,unitedrentall.net
United Truck Sales / UTS Equipment Company,utsmi.com
Universal Press & Machinery,universalpress.com
Universal Rent It All - Cadillac Mi,universalrentitall.com
University Lawn Equipment,
Urbandale Hardware,urbandalehardwareinc.com
"Valley Farms Supply, Inc",valleyfarmssupply.com
Van Kam Truck & Trailer,vankams.com
Van Mark Products,van-mark.com
Vander Veen Excavating,excavation.cc
Vander Ziel Machinery,vanderzielmachinery.com
vanpaemel equipment,
VanPaemels Sales and Service,michigantractor.net
"Versatile Cranes, LLC",cranesinmichigan.com
VIP PARTY RENTALS LLC,myvippartyrentals.com
"W.H. Duffill, Inc.",whduffill.com
W.W. Williams,wwwilliams.com
Walter Payton Power Equipment,wppecrane.com
Walters Equipment and Rental LLC,waltersope.com
Ward's Equipment Rental,wardsrental.com
Warren Grace Toilet Rentals,
Warren Truck Supplies,warrentrucksupplies.com
Wassink Equipment Rental,wassinkequipmentrental.com
Wayne Lawn & Garden,waynelawn.com
Weber MT Inc.,webermt.us
Weingartz,weingartz.com
Weiss Equipment,weissequipment.com
Wellbuilt Axle & Driveline,wellbuilt.com
West Coast Farm Services,westcoastfarmservice.com
West Michigan Crane and Rigging,wmcraneservice.com
West Michigan Forklift Inc,westmichiganforklift.com
West Michigan Power Cleaning Equipment - Your Cleaning Equipment Destination,michigankarcher.com
West Michigan Tractor Sales,wmtractor.com
Westborn Camera Co.,westborncamera.com
Westbrook Engineering Co. Inc.,westbrook-eng.com
Western Equipment Company Incorporated,westequipco.com
Whitehall Equipment Rental,whitehallequipmentrental.com
Wholesale Tool Company,wttool.com
Willard's Equipment Company,willardseq.com
Williams Farm Machinery,williamsfarmmachinery.com
Willis Aerial Lift Rental,
Winfield's Machine Repair Inc,winfieldmachinerepair.com
Wolf Kubota Byron Center,wolfkubota.com
Wolverine Crane & Service Inc,wolverinecrane.com
"Wolverine Freightliner Dearborn, Inc.",wolverinetruckgroup.com
Wolverine Rental,wolverinerental.com
Woodhams Equipment Inc,woodhamsequipment.com
Woodland Equipment,woodlandce.com
World Automotive Equipment,worldautomotiveequipment.com
Wyoming Excavators Inc,web.abcwmc.org
XCMG Michigan,xcmgmichigan.com
"Yates Industries, Inc.",yatesind.com
Zeigler Motorsports,zeiglermotorsports.com
Zimmer's Sales & Service,zimmerssales.com
"Zip's Truck Equipment, Inc.",zips.com
15101 Flagstaff Ave Tool Rental,
212 Equipment,212equipment.com
3550 124th Ave NW Tool Rental,
360 Rents,360rents.net
55 Party Rental,55partyrental.com
A -1 Outdoor Power,a1outdoorpower.com
A A Equipment Company Inc.,aaequipmentcompany.com
"A & C Farm Service, Inc.",acfarmservice.com
A to Z Rental Center,a-zrental.com
A To Z Rental Center,atozrentalmankato.com
A1 Rent It,a1rentit.com
AAA Equipment Center,aaaequipmentcenter.com
ABC Rentals Inc,abcrentalsinc.com
ABM Truck Equipment,abmequip.com
Acme Tools,acmetools.com
Action Rental,actionrentalmn.com
Adams Construction Equipment Rental,
Advance Shoring Company,advancecos.com
"Advance Triwest Equipment, LTD.",advance-triwest.com
Aero Material Handling Inc,aero-material.com
Aggressive Towing & Recovery,aggressivetow.com
Air Management Supply,airmanagementsupply.com
AK Material Handling Systems,akequipment.com
"Aldrich Tractor, Inc.",aldrichtractor.net
"Alift Crane, Inc.",aliftcrane.com
"All Rental, Inc.",allrentalus.com
All Seasons Power & Sport,allseasonspowerandsportmn.com
All Seasons Rental,allseasonsrental-mn.com
All Seasons Towing,allseasontowingco.com
"All Test & Inspection, Inc.",alltest.com
All The Things Rentals,allthethingsrentals.com
Allstate Crane,allstatecrane.com
Althoff Crane Service Inc.,althoffcraneservice.com
American Hi Tech Rentals,ahtr.com
Andy's Towing,andystowing.com
Anoka Independent Grain,
Antique Farm Equipment,antiquefarmequipment.com
Anytime Restoration Fire & Water Damage Woodbury,anytimerestoration.com
APi Supply Lifts,apisupplyinc.com
Après Event Dècor and Tent Rental,apresparty.com
"Arnold's of St. Cloud, Inc.",arnoldsinc.com
Arrow Lift,arrowlift.com
Astleford International & Isuzu,astleford.com
Attach2 / SnowWolf,snowwolfplows.com
Auto Truck & Equipment Inc.,
Autonomous Tractor Corporation,autonomoustractor.com
AV For You,
AV Mankato Rental,avmankato.com
B P's Crane Services,
Barahona Rental Celebrations LLC,
Baraka Party Rentals,barakaparty.com
"Barker-Hammer Associates, Inc.",barker-hammer.com
BENCO JMC Equipment,bencoequipment.com
Benfer Equipment & Supply Inc,
Bennett Material Handling,bmhmn.com
Bert's Truck Equipment Inc,bertstruck.com
"Bert's Truck Equipment of Moorhead, Inc",bertsonline.com
Best Rentals Inc,bestrentalsinc.com
Big Rig Companies,bigrigcompanies.com
Binkley Equipment,
Birnstengel Equipment,bespower.com
Blackhawk Equipment,blackhawkequip.com
Blaine Brothers,blainebrothers.com
Bloomington Portable Toilet Rentals,
"Bobcat of Duluth, Inc.",bobcatofduluth.com
Bobcat of the Coulee Region,bobcatofthecouleeregion.com
Bowman Aerial Equipment Rental,
Brainerd General Rental,brainerdrental.com
BRC Rentals,brcrentals.com
Broadway Tent & Event,broadwaytent.com
Builders Equipment Company,buildersequipmentcompany.com
Burnsville Portable Toilet Rentals,
"C & S Supply Co., Inc.",candssupply.com
Carlson Wholesale,carlsonwholesale.net
Carpenter's Small Engine,smallenginemn.com
Carr's Party Rental,carrspartyrental.com
CaterRent,caterrent.com
Ceco Limited,cecoltd.com
Central Equipment Sales,central-equipment.com
Central Rental,centralrentals.net
Clarey's Safety Equipment,clareys.com
CM2 formerly Toll Gas & Welding Supply,mplso2.com
"Collins Brothers Towing of St.Cloud, Inc.",collinsbrostowing.com
Columbia Heights Rental,columbiaheightsrental.com
Complete Coverage Rental,completecoveragerental.com
"Construction Materials, Inc.",constructionmaterialsinc.com
Construction Midwest Inc.,constructionmidwest.com
Continental Crane and Equipment Service,cranework.us
Continental Lift Truck,cltcorp.com
Contreras Construction Equipment Rental,
Corner Home Medical,cornermedical.com
County Line Equipment Rental,countylinerental.com
Courage Equipment,courageequipment.com
Crane and Tree Service,
Crane Service & Boom Truck Rental | Minnesota,
Crawford's Equipment Inc,crawfordsequip.com
Crown Rental,crownrent.com
Crysteel Truck Equipment,crysteeltruck.com
CSE Mobile Small Engine Repair,cserepair.com
D&T Equipment,dandtequipment.com
"Dakota Truck CO., LLC",dakotatruck.net
Dave Syverson Truck Center,syversontruck.com
Denny's Lawn and Garden,dennyslawn.com
Ditch Witch Of Minnesota And Iowa,ditchwitchmnia.com
DJ Ultralight Entertainment LLC,djultralight.com
DL Trailers - Rochester,dltrailerstore.com
Dordal Farm Equipment,dordalfarmequipment.com
Dougs Power Equipment,dougspowerequipment.com
DSTI - Dynamic Sealing Technologies,dsti.com
Duluth Crane,
Duluth Equipment Rental,duluthequiprent.com
Duluth Lawn and Sport,duluthlawnandsport.com
Eagan Portable Toilet Rentals,
Eden Prairie HVAC Repair,edenprairiehvacrepair.site
Eden Prairie Portable Toilet Rentals,
Edina Portable Toilet Rentals,
"Edney Distributing Company, Inc.",edneyco.com
Egg|Plant Urban Farm Supply,eggplantsupply.com
"Eide Machinery Sales, Inc.",eidemachinery.com
EJ Equipment,ejequipment.com
Elevate Equipment Rental,
Elite Lift Truck Inc,elitelift.com
Engine Power Inc,enginepower.com
Epic Event Rental,epicrentalmn.com
EQUIPMENT,equipment.store
Equipment of America,equipmentofamerica.com
Equipment Rental Company,equipmentrentalco.com
Erickson Crane Services,
Esch Construction Supply,eschsupply.com
Event Sound & Lighting,eventsoundandlighting.com
Everest Material Handling,
F M Truck Sales,fmtrucksales.net
Fagen Crane & Equipment,fagencraneequip.com
Fairchild Equipment,fairchildequipment.com
Farm-Rite Equipment Inc,farmriteequip.com
First Western Equipment Finance,firstwesternef.com
Fleet Farm,fleetfarm.com
"Forest Products Supply, Inc",forestproductssupply.com
Forestry Equipment Sales,forestryequipmentsales.com
Forklifts of Minnesota,forkliftsofmn.com
Forklifts of South Dakota,forkliftsofsd.com
Forklifts of Wisconsin,forkliftsofwi.com
Front Row FX,frontrowfx.com
Frontier Precision,frontierprecision.com
G & K Event Rentals,gkrental.com
Garlock Equipment Co.,garlockequip.com
Gary Carlson Equipment,garycarlsonequip.com
Gathered. Boutique Rentals & Events,gatheredrentalsandevents.com
General Rental Centers,generalrentalstcloud.com
Gerlach Service Inc,gerlachservice.com
GMS Industrial Supplies Inc.,wrighttool.com
Greenwald Farm Center Inc.,greenwaldfarmcenter.com
Gruber's Power Equipment,gruberspower.com
Haf Equipment,hafequipment.com
Hammerhead Attachments,hammerheadattachments.com
Hanson Implement & Storage,hansonoutdoorstorage.com
Hawk & Son's Inc,hawkandsonsinc.com
Hayden-Murphy Equipment Company,hayden-murphy.com
HD Clearing Equipment,hdclearingequipment.com
Heavy Equipment Repair Incorporated,heavyequiprepair.com
Heavy Hitch,heavyhitch.com
Heavy Machinery Sales,hmsales.com
Heikes Equipment Inc,heikesequipment.com
"Hejny Rentals, Inc.",hejnyrental.com
"HERC-U-LIFT, INC.",herculift.com
Hesco,
Highway 55 Rental & Sales Inc.,55rental.com
Hoigaard's,hoigaards.com
Horizon Equipment,horizonequipment.com
Hotsy Minnesota,hotsymn.com
Hugo Equipment Company,hugoequipment.com
Hunter Crane,
"Hustler Equipment USA, Inc.",hustlerequipment.com
Igloo Rentals LLC,igloorentals.com
Ignite Attachments,igniteattachments.com
Industrial Crane & Equipment,industrialcraneusa.com
Interstate Power Systems,powersystems.istate.com
IPS CRANES,ipscranes.com
Iron Horse Crane Service,
Ironhide Equipment,goironhide.com
"J.C. Younger Company, Inc. Chillers JCY, INC.",jcyounger.com
JB Tractors LLC,jbtractors.com
Jensen Tractor Sales & Service LLC,jensentractorsales.com
Joe Welch Equipment,joewelcheq.com
Johnson brothers crane service dba Erickson crane,craneservicemenahgamn.com
Jordan's Crane & Rigging Inc,jordanscrane.com
Jordan Seeds Inc.,jordanseeds.com
Kamtek Industrial Services Inc,kamtekindustrial.com
"Kato Engineering, Inc.",katoengineering.com
Kaye Corporation,kayecorp.com
"KESTELOOT ENTERPRISES, INC.",kestelootenterprises.com
Kibble Equipment,kibbleeq.com
Kirby Construction Equipment Rentals,
Knutson Construction Equipment Yard,knutsonconstruction.com
Koenig & Sons Equipment,koenigandsons.com
Kraemer Construction Inc,kraemercrane-steel.com
Kuehn's Crane Service,kuehnscraneservice.com
Kugler Salvage Inc,kuglersalvage.com
Lafayette Lift Trucks,lifttrucksmn.com
Lake Henry Implement Inc,lakehenryimplement.com
Lakeland Engineering Equipment Company - Rentals,rentals.lakelandengineering.com
Lakeshore Equipment Company,lakeshoreequipment.com
Landwehr Construction Inc,landwehrconstruction.com
Lano Equipment - Anoka,lanoequip.com
Lano Equipment of Norwood Inc,lanoequipofnorwood.com
Larson Implement Farm Equipment,larsonimplements.com
Lieske Tractor,
Lloyd Lumber Co / Lloyd Lumber Rental,lloydlumberco.com
London Road Rental Center,londonroadrental.com
"Luther Towing & Service, Inc.",luthertowingservice.com
Lyle's Sales & Services,
M&M Express Sales and Service,mmexpresssales.com
Machine Shop Supply,
Machinesused.com,machinesused.com
Manders Diesel,mandersdiesel.com
Mann Construction Equipment Rentals,
Maple Grove Portable Toilet Rentals,
Maplewood Portable Toilet Rentals,
Mare equipment,
Marzolf Implement Company,marzolfimp.net
matejcek implement company,matejcek.com
MC Tool & Safety,mcsales.com
Medcity Trailer Rentals,med-citytrailerrentals.com
Metro Tree And Crane services,saintpaulmntreeremoval.wordpress.com
Metro Tree & Stump Service,metrotree.godaddysites.com
"MGX Equipment Services, LLC",mgxequipment.com
Midland Equipment Company,midlandequipmentco.com
MidPoint Equipment Finance,midpointef.com
Midstate Crane Service,craneservicemn.com
"Midway Farm Equipment, Inc.",midwayfarmequip.com
Midwest Equipment,gomidwest.com
Midwest Motive,midwestmotive.com
Miller Manufacturing Co,miller-mfg.com
Minneapolis Commercial Mower,mplsmower.com
Minneapolis Metro Tree and Crane,metrotreeandcrane.com
"Minnesota Ag Group, Inc. - Northfield",mnaggroup.com
Minnesota Crane Service LLC,minncrane.com
Minnesota Equipment,minnesotaequipment.com
Minnesota Industrial Battery,mnindustrialbattery.com
Minnesota Maintenance Equipment,mmei.us
Minnesota Tool Library - NE Minneapolis Branch,mntoollibrary.org
Minnesota Tractor And Loader,mntractorandloader.com
Minnesota Truck & Tractor Inc,minnesotatruckandtractor.com
Minnetonka Porta Potty Rentals,
Minnetonka Portable Toilet Rentals,
"MinnPar, LLC",minnpar.com
MN Watercraft Rentals,mnwatercraftrentals.com
"Modern Farm Equipment, Inc.",modernfarmequipment.com
Momentum Truck Group,momentumtruckgroup.com
Monroe Construction Equipment Rental,
Motoprimo Motorsports,motoprimo.com
Moving Equipment Rental,movingequipmentrental.net
MSP Metals inc.,mspmetals.com
MTI Distributing Inc,mtidistributing.com
Mulcahy Company,mulcahyco.com
Nick Gerdes Equipment and Farms,
"NIEBUR TRACTOR & EQUIPMENT, INC.",nieburtractor.com
North Central Bus & Equipment Inc.,northcentralinc.com
North End Hardware & Rental,
North Sport Rentals,northsportrentals.com
North States Crane & Hoist,
Northern Crane Services,northerncraneservice.com
Northern Engine & Supply Inc.,northernengine.com
Northern Tractor & Equipment Co,
Northland Crane Service,northlandcraneservicemn.com
Northstar Truck Sales,northstartrucksales.com
Northview Forklift Repair LLC,northviewforkliftrepair.com
"Northwest Excavating, Inc.",northwestexc.com
Northwoods Rental,northwoodsrental.com
Nuss Truck & Equipment,nussgrp.com
Oak Hill Equipment Rental LLC,
Oakdale Rental Center,oakdalerental.com
Olsen Chain & Cable,olsenchain.com
"Olson Power & Equipment, Inc.",olsonpower.com
Olympic Machinery,olympicmachinery.com
Pahl's Market,pahls.com
Park Equipment Sales,
Paul Bunyan Plumbing & Drains,paulbunyanplumbing.com
Peak Machinery Inc.,peakmachinery.com
Pioneer Storage & Equipment Rental llc,pioneerrentalequipment.com
Plant Equipment Inc,plantequip.com
Play Nook Adventures,playnookadventures.com
Podein's Power Equipment,podeinspowerequipment.com
Powell Equipment Sales,
Power Lift Inc.,powerliftmn.com
Powerhouse Outdoor Equipment,powerhouse.cc
Prairie Equipment Company,grapplerusa.com
"Premier Machinery Auctions, LLC",premiermachineryauctions.com
Prior Lake Savage Rental Center,priorlakerentals.com
Pro-Tech Forklift Service Inc.,protechforklift1.com
Proctor Builders Supply,duluthrentalequipment.com
Protero,proteroinc.com
"Quality Equipment Sales and Service, Inc.",qualityequipmentmn.com
Quickway Rigging,quickwayrigging.com
Railway Equipment Company,rwy.com
Rapid Crane & Rigging LLC,rapidcraneandriggingllc.com
Red Barn Tool Rental,redbarntoolrental.com
Reddy Rents,reddyrents.com
Rental Depot Inc & Party Station,rentaldepot.com
Rihm Kenworth - South Saint Paul,rihmkenworth.com
River Valley Power & Sport of Rochester,rivervalleypowerandsport.com
RMS Rentals,rmsrentals.com
Road Machinery & Supplies Co.,rmsequipment.com
Rocket Crane Services Inc,rocketcrane.com
Rockler Woodworking and Hardware - Maplewood,rockler.com
Romero Construction Equipment Rentals,
Root River Equipment LLC,rootriverequipment.com
RossCo Equipment,rosscoequipment.com
S & K Pallet Jack Repair & Sales,skpalletjack.com
S-M Enterprises,s-menterprises.com
S&S Sales Corporation,sssales.com
Sage Equipment Rental,sageequipmentrental.com
San Clemente Portable Toilet Rentals,
Sanco Equipment - Rochester,sancoequipment.com
Saxon Fleet Services,saxonfleetservices.com
Scaffold Service,scafserv.com
Schafer Equipment Co,schaferequipmentcompany.com
Schlauderaff Implement Company,schlauderaffimp.com
SFS Equipment,sfsequipment.com
Shank Power Products,shankpower.com
Shed Party Rentals,
SITECH Northland,sitechnorthland.com
Skid Heaven LLC,skidheaven.com
Skid Steer Trader,skidsteertrader.com
Smith Winter Products Inc,
Source Machinery Sales,sourcemachinerysales.com
South Metro Rental Inc,southmetrorental.com
South Suburban Rental,southsuburbanrental.com
Southside Crane Services,
Southwest Power Equipment,prairielawnandgarden.com
Southwest Power Equipment,swpowerequipment.com
Specialists Equipment Company,specialistsequipment.theonlinecatalog.com
St. Cloud Portable Toilet Rentals,
St Paul Equipment Rentals,
St Peter Rental Center,stpeterrental.com
Stan's Equipment Center,stansequip.com
"Star Equipment, Inc",starequipment.com
Stevens Equipment Supply,stevensequipmentsupply.com
Stone Machinery,stonemachinery.com
Strayhorn - Animal Management,cattlevacbox.com
Surge Safety and Forklift Training,surgesafetytraining.com
T C Rental LLC,tcrentalequipment.com
T & W Heavy Duty Towing & Road Service,tandwtowing.com
"TEMP-AIR, Inc.",temp-air.com
Tenet,tenetsolutions.com
TG Equipment,tgequipment.com
The Up Down Crane Company,updn.one
Tjosvold Equipment Inc,tjosvoldequip.com
Toll Gas & Welding Supply,tollgas.com
Tonka Crane Service,tonkacraneservice.com
Top Notch Equipment,topnotchequipment.com
Torgerson Machinery,torgersonmachinery.com
Total Construction & Equipment Inc,total-const.com
Trade Tools Inc,trade-tools.com
Traxler Power & Equipment Inc,traxlerpower.com
Trenchers Plus Inc,trenchersplus.com
Tri-State Bobcat - Burnsville,tristatebobcat.com
Tri-State Bobcat Parts Department,shop.tristatebobcat.com
Trueman-Welter's Powersports,trueman-welterspowersports.com
TS Warehouse,ts-warehouse.com
Turfco Manufacturing Inc.,turfco.com
Turfwerks,turfwerks.com
Turri Crane Service,
Twin Cities Forklifts,twincitiesforklifts.com
Twin Cities Small Engine Repair of Bloomington - Lawnmower and Snowblower Repair,paintersgear.com
Twin Cities Transport & Recovery,tctr.com
Twin City Seed Company,twincityseed.com
Twin Ports Rental (Aerial Services),twinportsrental.com
"Universal Truck Sales, LLC.",utssales.com
US Equipment Exchange,usequip.net
Us Equipment Sales,usequipmentbroker.com
Valleycrest Porta Services,
Vic's Crane & Heavy Haul Inc,vicsco.com
Waco Scaffolding Riverbend Rentals,riverbendrentalmankato.com
Want A Lift Rental,wantaliftrental.com
Warners' Stellian Appliance,warnersstellian.com
We Buy Lifts - Used Forklift Dealer,webuylifts.com
Weekes Forest Products Inc,weekesforest.com
Weltsch Equipment,weltsch.com
Werner Implement LLC,wernerimplement.com
West Metro Rental CO.,westmetrorentals.com
White Bear Rental,wbrental.com
Whitmore Inc,whitmoreinc.com
Widdes Feed & Farm Supply,widdesfeed.com
Widdes Trailer Sales,widdestrailersales.com
Willmar Rental Center,willmarrental.com
Wood Machinery Systems,woodmachinerysystems.com
Woodbury Comfort Solutions,woodburycomfortsolutions.site
Woods Equipment Co,woodsequipment.com
Wysan,wysan.com
Zahl Equipment Services,zahleq.com
Ziegler Minneapolis,zieglercat.com
Ziegler Rental Duluth,zieglerrental.com
ZYMOVE LLC,zymove.com
13915 New Halls Ferry Road Tool Rental,
4 State Equipment Rentals,equipmentrent.net
905 NE Adams Dairy Pkwy Tool Rental,
A-1 Party and Event Rental Columbia,a1partyfun.com
A-1 Rentals,a1rentals.com
A-1 Tool & Equipment Rental,a1toolrent.com
A1 Tree and Crane Service,
ABC Equipment Rental LLC,abcequipment-rental.com
Absolute Crane LLC,absolutecrane.net
Ace Rental & Sales,acerentalandsales.com
Ace Skidsteer Rental,
ACI Distributors,acidist.com
AdaptHealth,
"Ag-Power, Inc.",ag-power.com
AGCO Parts Distribution Center,parts.agcocorp.com
AgNLawn,agnlawn.com
Air Time Rentals St Louis,airtimerentalsstlouis.com
Allright Rental,allrightrental.com
"AMI Metals, Inc.",amimetals.com
Anchor Sales & Services,anchorsales.com
Arco Lawn Equipment (Affton Lawn Equipment),arcolawn.com
Art's Lawn Mower Shop,artslawnmowershop.com
Automotive Equipment Solutions,
B & H Industrial Service Inc,bandhindustrial.com
B-Quip Equipment Rental,bquip.com
B&T Tractor,bnttractor.com
Badboy of Rolla,badboyofrolla.com
Baker Implement Co,bakerimplement.com
Ball Power Equipment LLC,ballpowerequipmentllc.com
BarnHouse Tool & Equipment,barnhousetoolandequipment.com
Barth Equipment Sales,barthequipment.com
BCL Auction,bclauction.com
Beaver Industrial Supply,beavertools.com
Benco Industrial Equipment LLC,bencoindustrial.com
Berry Tractor & Equipment Co,berrytractor.com
Big Muddy Adventures,2muddy.com
Big O's Equipment Rental and Sales LLC,bigorental.com
Bill's Place,bills-place.net
Bledsoe's Rental,bledsoesrental.com
"Blue Springs Beam Service, Inc.",bsbeam.com
Blue Springs Portable Toilet Rentals,
Blue Springs Rentals,sunflowerrental.com
Bolin Services,bolinservices.com
Bracken Outdoor Equipment,brackenoutdoor.com
Branson Crane Service,
Brian's Farm Equipment,briansfarmequipment.com
Brooner Construction & Crane,broonerconstructioncrane.com
Buchheit of Blue Springs,buchheits.com
Buchheit Supply Inc,buchheitsupply.com
"Budrovich Crane Rental, Excavation, and Land Development",budrovich.com
Builders Equipment LLC,
Bullseye Equipment & Tool Rental,bullseyerental.com
Bungart Motorsports,bungartmotorsports.com
"C & B Lift Truck Service, Inc.",cbforklift.com
"C4 Equipment Rental and Sales, LLC",c4equipmentrental.com
Caldwell Outdoor Equipment,caldwellequipment.com
Cape Girardeau Portable Toilet Rentals,
Cape Rock Rentals,caperockrentals.com
Capital Investment Realty LLC,capitalinvestmentrealtyllc.com
Capital Machine Company Inc,capitalmachinecompany.com
Cardinal Pump Co,cardinalpump.com
Carson-Mitchell Inc.,carson-mitchell.com
Central Park Chesterfield,chesterfield.mo.us
Central States Rental LLC,
Church Truck & Equipment Sales LLC,
CK Crane Service,ckcraneservice.com
CK Supply,cksupply.com
Cleek's Home Furnishings | Rentals & Sales,cleeks.com
"Cole's Tractor and Equipment, Inc",colestractors.com
"Coleman Equipment, Inc.",colemanequip.com
Columbia Portable Toilet Rentals,
Columbia Rentals,columbiamorents.com
Common Cents Rental,commoncentsrental.com
Connell Material Handling,jjconnellco.com
Construction Supply Co,constructionsupplystl.com
"Cornerstone Equipment Rental (mini-skids, trailers, stump grinders)",cornerstone.rent
"Craftsmen Industries, Inc.",craftsmenind.com
Craig Equipment,craigequipment.com
Crane Agency,craneagency.com
Crown Power & Equipment,crown-power.com
Cuba Equipment Rental,cubaequipmentrental.com
Culligan of St. Louis,culliganwater.com
Cummings Mc Gowan & West Inc,cmw-equip.com
Custom Truck One Source,customtruck.com
Dan's New and Used Materials,
Daniel's Farm & Greenhouses,danielsfarmandgreenhouse.com
"David Crane, MD",bluetailmedicalgroup.com
"DAVIS FARM SUPPLIES, INC.",davisfarmsupplies.com
DERR EQUIPMENT,derrequipment.com
DEUTZ Power Center Midwest,deutzsupport.com
Diamond R Equipment,diamondrequipment.com
Dille Crane Services,
DirtPro Skidsteer Rental,
Dixon Construction Equipment Rentals,
Edgeller & Harper Farm Equipment,edgellerandharper.net
El-Mel Inc,
Eljay Lawn Products,eljayproducts.com
"Equip Rental And Sales, LLC",equiprentalsales.com
Equipment Solutions Outdoors,equipmentsolutionsoutdoors.com
EquipmentShare - Corporate Office,locations.equipmentshare.com
Estes Equipment Rentals,estesequipmentrentals.com
Eureka Rental LLC,eurekarental.com
"Evans Equipment, Inc.",evansequip.com
Eventful Rental,eventfulrents.com
Expert Rentals,expert-rentals.com
Family Center Farm & Home of St. Joseph,fcfarmandhome.com
"FARM & POWER - LAWN & LEISURE, INC.",fplal.com
Farmersville Crane LLC,farmersvillecranellc.com
FastTrac Rentals,fasttracrentals.com
Finlay Crane Service LLC,finlaycraneservicellc.com
Florissant Portable Toilet Rentals,
Foley Equipment Truck Service,foleytruckservice.com
Forklift America,forkliftamerica.com
Forklifts of Cape Inc,flocape.com
Forklifts of Central Missouri,
Forklifts of St Louis Inc,forkliftsofstlouis.com
Fries Ag & Turf,friesagandturf.com
FunTime Event Rentals LLC,funtimestl.com
Gallagher Animal Management North America,am.gallagher.com
Geis TRP - Truck & Trailer Parts,kcpete.com
General Rental Center,thegeneralrental.com
Girardeau Stevedores Inc,semoport.com
GKB Equipment,gkbeq.com
Glad Rents,
Goedecke (Springfield),goedeckeonline.com
Goldkamp Heating & Cooling,goldkamphvac.com
"Grain Valley Rental, Inc",grainvalleyrental.com
"Greg Abbott Equipment Sales, Inc.",gregabbottequipmentsales.com
"Greg Abbott Equipment Sales, Inc.",gregabbottequipment.com
Grindstaff Engines Inc,grindstaffengines.com
Grindstone Equipment Rentals LLC,grindstoneequipmentrentals.com
H & W Forklift Inc,
Hammer & Steel,hammersteel.com
Handyman Hardware,handymanhardwarestl.com
Handyman Rentals,handymanrentalsonline.com
Hannibal Crane Service,hannibalcrane.com
Happy Hoppers Blue Springs Bounce House Rentals,jennilemusu.wixsite.com
Harrawood Equipment Company LLC.,harrawoodequipment.com
Harris Rental and Sales,harrisequipmentrental.com
"Hayden Machinery, Inc.",myhayden.com
Hayes Aerial Equipment Rental,
HD Dumpsters,hddumpsterrentals.com
Heartland Tractor,heartlandtractor.com
Heartland Truck & Equipment LLC,heartlandtruck.com
Heavy Duty Equipment,heavydutyturf.com
Heavy Equipment Parts,heavy-equipmentparts.com
Heavy Equipment Resources Inc,herinc.com
Henderson Implement Co.,hendersonimp.com
Heritage Tractor,heritagetractor.com
HI-Tech Machinery Inc.,hitechmachineryinc.com
Hiab Used And Refurbished Equipment Center,usedequipment.hiab.us
Hitachi Energy Ltd,hitachienergy.com
Hitch N Go Trailer Rental LLC,
Hoag's Restaurant Equipment,
"Home Medical Equipment Services Joplin, Mo",hmesjoplin.weebly.com
Hook and Heavy Crane Repair,hookandheavy.com
Horton Supply Company,hortonsupply.com
House of Bounce,joplinhouseofbounce.com
Houston Heavy Equipment,
I-70 Towing & Recovery,i70towing.com
Independence Portable Toilet Rentals,
Independence Rent All,independencerentallmo.hibuwebsites.com
Independent Equipment LLC,independentequip.com
Irwin Products Inc,irwinproducts.com
IS Equipment Rentals,isequipmentrental.com
"IS Equipment Sales & Service, LLC",isequipmentkc.com
J White Ltd Crane Services,
Jack Farm Equipment And Salvage,jackfarmequipmentandsalvage.com
Jack Horner's Machinery-Contractors,
"Jack's Truck Rental, Inc.",iwdg.com
JC Industrial Supply,jcindustrialsupply.com
Jim's Big Tow Service,jimstow.com
JM Equipment LLC,jmequipmentllc.com
John Harder & Company,johnharderco.com
Joplin Portable Toilet Rentals,
JR Sales Co,jrsalesco.com
K and K Supply,kandksupply.com
K C Forklift Co,
K’s Equipment,ksequipment.net
Kansas City Crane Rentals By KC Crane,swiftcei.com
Kansas City Portable Toilet Rentals,
Kansas City Tool Rental,kansascitytoolrental.com
KC Bobcat,kcbobcat.com
KC Truck & Equipment Sales,kcequipmentsales.com
Kinder Crane & Excavating,kindercontracting.com
Kingdom Builders Machining and Hydraulics of Springfield,kbmachiningandhydraulics.com
L&D Equipment Repair,landdequipmentrepair.com
Lakeside Crane Service,
Larson Equipment Co.,larsonequipco.com
Lauf Equipment Co Inc,laufequipment.com
Lawn Care Equipment Co,lawncareequipmentco.com
"Lawn & Leisure of Lee's Summit, Inc.",lawnandleisure.com
Lawn & Mower Doc LLC,lawnandmowerdocllc.com
Legacy Iron LLC,legacyironkc.com
"Lift Truck Center, Inc.",ltcenter.com
Lift Truck Sales & Service,lifttrucksalesinc.com
Lindsey Rentals,lindseyrentals.com
Luby Equipment,lubyequipment.com
Machinery Parts Midwest,
Magnum Power,magnumpowertractors.com
Marco Construction Products,marcocp.com
Markey's - St Louis Regional Office,ironmansound.com
Marshfield Machinery Co,marshfieldmachinery.com
Martin's Tractor LLC,tractorhouse.com
Massey Equipment Co,masseyequipment.com
Massey Machine Shop,
McBride Mack Sales Inc,mcbridemack.com
McCoy Construction & Forestry — Fenton,mccoycf.com
McKeown Farm & Lawn,mckeownfl.com
Mid America Crane Rental,
Mid-Mo Equipment,mid-moequipment.com
Mid-Mo Rental,
Mid Mo Rental Pros,midmorentalpros.com
Midland Ag & Equipment LLC,midlandag.com
Midwest Machinery,midwestmachinery.net
Mississippi Valley Equipment Company,mve-stl.com
"Missouri Crane, Inc.",missouricrane.com
Motor Service Inc.,motorserviceinc.net
Murphy Tractor & Equipment Co,murphytractor.com
National Cart Co.,nationalcart.com
Nip Kelley Equipment Company,nipkelleyco.com
Northland Feed,mowerpartskc.com
Nu Way Concrete Forms and Rentals,nuwayinc.com
Oak Grove Rental,oakgroverental.net
Ochs Powersports,ochspowersports.com
Oscar Wilson Engines & Parts,oscar-wilson.com
OTC Industrial Technologies (JCI Industries Inc) - Lee's Summit,otcindustrial.com
Ozarc Gas,meritusgas.com
Ozark Crane Services,ozarkcrane.us
Ozark Crane Services,ozarkcrane.com
Ozark Equipment Solutions,ozarkequipmentsolution.com
Ozark Machinery,ozarkmachinery.net
Palen Music Center,palenmusic.com
Parker Rentals,417parkerrentals.com
"Pat Kelly Equipment Company, Inc.",patkelly.com
Pedigree Truck and Trailer Sales,pedigreetrucksales.com
PierTech Systems,piertech.com
Pitbull Powersports,pitbullpowersportsinc.com
Platte Rental & Supply,platterental.net
"Poplar Bluff Farm Equipment, Inc.",pbfarmequipment.com
Popp's Outdoor Equipment,poppsoutdoor.com
Porta Potty Rentals Cape Girardeau,
Precision Water & Power Sports,teampwps.com
Prestige Crane Service,prestigecrane.com
Provider Plus LLC,
Purpose Wrecker Sales,purposewrecker.com
"Race Brothers Farm & Home Supply - Springfield, MO",racebros.com
Rackers Equipment Company,rackersequipment.com
Raymond Central Intralogistics Solutions - Kansas City HQ,raymond-central.com
"RDS Equipment, Inc.",rdsequipment.com
RE/MAX Rental Resources LLC,rentalsincolumbiamo.com
Recyclifts Forklifts,recyclifts.com
Red Bird Crane Services,
"Red Equipment, LLC",redequipmentco.com
Reimann Crane Service,reimanncrane.com
Rent-All Equipment,rentallsj.com
Rental Land Special Events,rentallandspecialevents.com
Rental Supply,rental-supply.com
Riekes Equipment,riekesequipment.com
River City Inflatables,rivercityinflatablescape.com
Riverbend Equipment Rental,riverbendequipmentrental.com
Riverside Machines,riversidemachines.com
RJM EQUIPMENT SALES LLC,rjmequipmentsales.com
Rockin Rents,rockinrents.com
Rosebud Tractor & Equipment,rosebudtractor.com
Route 66 Sales & Rentals (Formerly Sing Rental),route66salesandrentals.com
"RTR Services, Inc.",rtrservices.com
Ruco Equipment,fbmsales.com
Ruscha Machinery Sales LLC,ruschamachinerysales.com
"S&H Farm Supply, Inc - Lockwood",shfarmsupply.com
"S&H Farm Supply, Inc. - Rogersville",sandhcountry.com
Saint Louis Equipment (formerly Harvester Small Engine),stlmowerrepair.com
"Santa Fe Tow Service - Cars, Heavy Duty & Semi Truck Towing",santafetowservice.com
Sasquatch Equipment Rental,sasquatchrental.com
SBH Sales Company Inc.,sbhforklift.com
Scott's Equipment Rental,
Scott's Power Equipment Inc.,scottspower.com
Sebastian Equipment Co,sebastianequip.com
Select Truck & Equipment inc.,selecttowtrucks.com
Shannahan Crane & Hoist Inc.,shannahancrane.com
ShipShape Party Rentals,shipshaperents.com
Show Me Rents,showmerents.com
Sievers JCB,sieversjcb.com
Simi Valley Porta Potty Rentals,
Skivers Forklifts,
Skyview Equipment/St. Joseph Tractor Inc,stjoetractor.com
SoMo Farm & Ranch Supply,somofarmandranch.com
St. Charles Porta Potty Rentals,
St. Charles Portable Toilet Rentals,
St. Louis Caster & Equipment,stlouiscaster.com
St. Louis Equipment - O'Fallon (Formally Bill's Service Center),stlouisequipment.com
StCharlesRent.com,stcharlesrent.com
Stratum Structural Systems,stratumrepair.com
Summit Bounce,summit-bounce.com
Summit Heavy Equipment Inc,summitheavyequipment.com
Superior Crane Rental Inc,
Surveyors Materials Inc,surveyorsmaterials.com
Table and Chair Rental LLC,tablechairrentalllc.com
Teague Tractor,teaguetractor.com
Techno Tool,
The Bounce House Company,stlbouncehouse.com
The Farm Shop,farmshopinc.com
The Rental Store,therentalstoremo.com
The Tractor Barn Farm and Lawn,tractorbarn.net
The Walnut Log,thewalnutlog.com
Tiger Equipment,
Tinsley Farm Equipment,tinsleyfarmequipment.com
TLG Peterbilt - Mid-America,tlgtrucks.com
Top Tier Equipment Sales LLC,toptierequipmentsalesllc.com
Total Trailers / MO Great Dane St. Louis,totaltrailers.com
TractorJoe,tractorjoe.com
Tri-State Overhead Crane,tsoverheadcrane.com
Tri-State Truck Center Inc.,tristatetruck.com
Truck Trailer & Hitch Centers,trucktrailerandhitchkc.com
"True Manufacturing Company, Inc.",truemfg.com
Turner Diesel & Show Me Equipment Co. Inc,turnerdieselandshowmeequip.com
Tyree Parts & Hardware,tyreepartsandhardware.com
U.S. Rents-It,usrentsit.com
Ultimate Services,ultimateservices.com
Union Machinery,unionmac.com
Upper Limits Indoor Rock Climbing Gym Chesterfield,upperlimits.com
Urban Farms Dispensary,urbanfarmdispensary.shop
Vahrenberg Implement Inc,vahrenberg.com
Vander Haag's Inc,vanderhaags.com
VLP: AN EQUIPMENTSHARE COMPANY,vlpco.com
Walt's Tractor LLC,waltstractorsales.com
"Ward, Inc.",wardhvac.net
Ward's Tools,wardstools.com
WCT Farm & Lawn,wctfarmandlawn.com
"We Rent It,inc.",rent.werentit.net
Weaver’s Equipment & Supply Rentals,plainbusiness.info
Weinhardt Party Rentals,weinhardtpartyrentals.com
Wells Scissor Lift Rental,
Western Lawn Equipment,westernlawnequipment.com
Wies Equipment Repair LLC,
York Forklifts,yorkforklifts.com
Zoomheavy,
ABC Rental Center,abcrental.com
Aerial Access Equipment,
AGUP Equipment,agup.com
"All American Towing & Recovery, Inc.",allamericantowinginc.com
All Seasons Event Rental,allseasonseventrental.net
All Seasons Lawn Equipment,allseasonsfarm.com
Allbritton Chain Saw & Lawn,allbrittonchainsaw.net
"American Services, LLC",american-services-llc.com
Apex Party and Event Rentals,apexgulfport.com
B & C Equipment,bcequipmentstore.com
B & G Equipment of Hattiesburg,bandgequip.com
B-wize Rentals,
B-Wize Rentals,bwizerentals.com
Back Country RV & Tractor,backcountryrvcenter.com
Barr Aerial Equipment Rental,
Belly Up Beach Chair Rentals,fbhos.com
Biloxi Bounce House & Waterslides,biloxibouncehouse.com
Biloxi Portable Toilet Rentals,
Bobcat of Jackson,bobcat.equipmentinc.com
Bounce-N-Slide - Water Slides & Bounce House Rental Company,
Bracken Equipment,brackenequipment.com
BRACKMAN'S,brackmanonline.com
Broadmoor Home Center Inc,broadmoor.doitbest.com
Burke Handling Systems,burkehandling.com
Cat Rental,
Cedar Lake Power Equipment,cedarlakepe.com
Chickasaw Equipment Co,chickasawequipment.com
Choice Towing,choice-towing.com
Chrisman Manufacturing / NAVIGATOR Forklifts,navigatorforklift.com
Coast Equipment Services,
Coastal Crane Works,coastalcraneworks.net
Coastal Equipment Rental,coastalequipmentsrental.com
Cole Tractor & Powersports,coletractor.com
Cook Tractor Co,cooktractorco.com
Crane Employment,craneemployment.net
D'Iberville Equipment Rental & Sales,dibervilleequipmentrentalandsales.com
Dalton Crane & Repair Service,
Deviney Equipment,devineyequipment.com
Dixie Tractor Sales and Service,dixietractor.com
Dobbs Peterbilt - Meridian,dobbspeterbilt.com
Dw & B Contract Hauling LLC,dwbcontracthauling.com
Empire Truck Sales,empiretruck.com
Equipment Solutions LLC,equipmentsolution.com
Exceptional Forklift Services,exceptionalforklift.com
F L Crane & Sons,flcrane.com
"Farmbelt Equipment, Inc.",farmbeltequipment.com
FIVE STAR EQUIPMENT & AUCTION,fivestarauction.com
FreedomWay Trucks,freedomwaytrucks.com
Freeman Tractor LLC,freemantractorco.com
Get Wet Inc.,jetskibiloxi.com
Glenn Crane & Rigging,glennmachineworks.com
"Grover Brothers Restaurant Equipment, Inc.",groverbrothers.com
Hale's Forklift,halesforklift.net
Henderson Steel,hendersonsteel.com
Howard Smith Equipment Services Inc,
Hub City West Farm and Garden,
Industrial Crane Services,industrialcraneservices.com
Jackson Portable Toilet Rentals,
Jeff Ingram Wrecker Sales,wrecker-sales.com
Jetblast Beach Rentals,jetblastrentals.com
Kendall Crane Services,
Keys Crane Services,
Lauderdale County Farm Supply,lcfsms.com
Lee Tractor Co Inc,leetractor.net
Lifter Up Crane Rentals,lifterup.com
Magnolia Lift Trucks Parts Inc,
Malone Tractor & Equipment Co,malonetractor.com
Marcello Sons Cranes,marcellocranes.com
Mauldin Company,
McGraw Rental & Supply,mcgrawrental.com
MECHANIC SPECIALTIES,
Meridian Stock Yards Inc,
"Mid-South Ag Equipment, Inc",midsouthag.com
Mid South Machinery Inc.,gomidsouth.com
Mike Rice Auctions & Wholesale,
Mississippi Machinery,mississippimachinery.com
Modern Southern,
MS Coast Rentals,mscoastrentals.com
"Murphy Brothers Trading Company (MBTC, LLC)",murphybrotherstrading.com
NexGen Crane & Rigging,nexgencrane.com
"Oak Grove Rentals, LLC",oakgroverents.com
Padget Machinery,padgetmachinery.com
Pearl Rental Center,pearlrentalcenter.com
Pearl River Outdoor Equipment,pearlriveroutdoorequipment.com
Pine Belt Rentals,pinebeltrent.com
Planters Supply,rymaps.xyz
Pontotoc Equipment Rental,pontotocequipmentrental.com
Puckett Machinery Company,puckettmachinery.com
Puckett Rents,puckettrents.com
RampDR,mobilityequipmentdiberville.com
Ranchland Tractor & ATV,ranchlandtractor.com
"Reliable Equipment, LLC",reliableequipmentllc.com
Reliable Rental Equipment,reliablerentalequipment.com
Reynolds Crane Service,reynoldscraneservice.com
Singer H&R | Meridian,singerequipment.com
SMI Automotive & Customs,
Southaven Party Rentals,southavenpartyrentals.com
Southaven Portable Toilet Rentals,
Southaven Supply,shsupply.com
Southern Equipment Company,southernequipment.co
Southern Feed & Supply,
Southern Lawn Equipment and HDD Supply,
Stateline Turf & Tractor Inc,statelineturf.com
Stephenson Aerial Equipment Rental,
Stribling Equipment,striblingequipment.com
"T&C Restaurant Equipment, LLC",tandcrestaurantequipment.com
Taylor Machine Works,taylorforklifts.com
Taylor Rental,taylor-rental-hattiesburg.com
Team Adaptive Medical,teamadaptive.com
Teeco Equipment Repair,teecoequipment.com
The Tractor Store,thetractorstoreinc.com
"Tiger Equipment, LLC",tigerequipmentdesoto.com
TRACTOR PRO IMPLEMENTS LLC,tractorproimplements.com
Tri Firma Excavators LLC,
Truckers' Supply Company,truckerssupply.co
Twin Hills Equipment,twinhillseq.com
U-Rental Inc.,urentalinc.com
Used Restaurant & Bar Equipment,
Vacuum Truck Rentals,vactruckrental.com
Wade,wadeincorporated.com
WATERS International Trucks & Idealease,waterstruck.com
Watts Brothers Tractor and Implement,wbimp.com
Weaver Construction Equipment Rentals,
Whitfield Rentals,whitfieldrentals.com
Wilkins Equipment,wilkinsequipment.com
Wilson Saw & Outdoor Power,
WINDHAM TRACTOR & IMPLEMENT CO.,windhamtractor.com
WOODS EQUIPMENT INC “THE LAWN MOWER STORE”,woodsequipmentinc.com
"X-Treme Truck Accessories, Inc.",
A-1 RENTALS,goa1rentals.com
A G Trucks & Equipment,agtrucksandequipment.com
Affordable Construction Equipment,affordableconstructionequipment.com
Ag Sales,agsalesmt.com
Anderson Service and Anderson Forklift,andersonforkliftinc.com
Applied Industrial Technologies,applied.com
ASAP Rentals,
Bargreen Ellingson Restaurant Supply & Design,bargreen.com
BD Equipment Services INC,bdequipmentblgs.com
Bear Aware - Bear Spray Rentals,bearaware.com
Belgrade Sales & Service,belgradesalesandservice.com
Big Sky Hydraulics & Machining Inc.,bigskyhydraulics.com
Big Sky Kubota,bigskykubota.com
Big Sky Mahindra,bigskymahindra.com
Bighorn Outdoor Specialists,bighornoutdoorspecialists.com
Bighorn Rental and Sales,bighornrentalhelena.com
BigSky Rents,
Billings Construction Supply,billingsconstructionsupply.com
Billings Equipment,billingsequipment.com
Billings Farm & Ranch Supply,bfrsupply.com
Billings Farmhand Inc.,billingsfarmhand.com
Billings Kubota,billingskubota.com
Billings Rental,
Bobcat of Big Sky,bobcatofbigsky.com
Bobcat of Missoula,peak-machinery.com
Bobcat of Northwest Montana,nwparts.com
Bouma Truck Sales,yellowiron.com
Bridger Bowl Rental Shop,bridgerbowl.com
Churchill Equipment Co,churchillequipment.com
Columbus Equipment Rental,columbusmtrentals.com
Cowboy Crane Service,cowboycraneservice.com
Crane Co.,
"Cross Diamond Boom Service, Inc.",crossdiamondboom.com
D & G Crane Services,dandgcrane.com
D & V Sales Inc,
Double Diamond Truck Sales,doublediamondtrucksales.com
Eastgate Rental,eastgaterental.com
Economy Excavating,economyexcavatingmontana.com
Empire Equipment Company,empireequipmentco.com
Equipment Resources Co.,equipmentresourcesco.com
Felco Industries,felco-ind.com
First Call Rental,firstcallrental.com
Floyd's Kubota,floydskubota.com
"Forefront Equipment, LLC",forefrontequip.com
Forklifts Northwest,
Frieling's Agricultural Equipment,frielingagequipment.com
Frontline Ag Solutions,frontlineagsolutions.com
Gallatin Event Rental,gallatineventrental.com
Glacier Forklift & Equipment Inc,
GS Crane Service,gscrane.net
Hanser’s Towing & Semi Truck Heavy Wrecker,hansers.com
Harmon Crane & Rigging Inc,harmoncrane.com
Helena Farm Supply,helenafarmsupply.com
High Mountain Forestry and Equipment,highmountainforestry.com
Hogan Corp. Services Crane & Transport,hogancorpservices.com
Hoven Equipment Company,hovenequipment.com
J D Russell Excavating Inc,jdrussellexcavation.com
JMS Crane & Rigging,jmscraneandrigging.com
Johnson Crane Service LLC - MT,johnsoncraneservicemt.com
Johnson Distributing,johnsondistributing.com
Kalispell Kubota,kalispellkubota.com
Kamp Implement Co,kampimplement.com
Kraus Repair,krausrepairs.com
Kubota,jdkubota.com
Larry's Tractors Trailers & More,lttmllc.com
Let's Bounce Inflatables - Great Falls’ Premier Source Of Quality Bounce Houses!,letsbouncenow.com
Lifting Technologies LLC,lifttech.com
Macon Supply Missoula,maconsupply.net
Malmstrom Outdoor Recreation,341fss.com
"MDS Construction Supply, Inc.",mdsconstructionsupply.com
MH Equipment & Ag Resources,mhrepair.net
Midland Implement Company Inc.,midlandimplement.com
Missoula Power Equipment,missoulapowerequipment.com
MOMS Rentals,momsrentals.com
Montana Construction Rentals LLC.,mtconstructionrentals.com
Montana Crane Service,montanacraneservice.com
"Montana Forklift & Equipment, LLC",mtforkliftequip.com
Montana Party Rentals,montanapartyrentals.com
Montana Truck and Equipment LLC,rentmte.com
Motor Power Kenworth - Billings,mtrpwr.com
Mountain Equipment Sales & Rental,mtn-rents.com
Musselshell Valley Equipment,musselshellvalley.com
"Norco, Missoula",norco-inc.com
NorMont Equipment,nmeqco.com
North Star Equipment LLC,northstarequipment.biz
Northwest Equipment Sales and Manufacturing,nwequipmentsales.com
Otto's,ottoscrane-rigging.com
Owens Construction Equipment Rentals,
Peak Rentals of Montana,peakrentalsofmt.com
Perfect Events MT,perfecteventsmt.com
Polson Outdoor Equipment,westernbuildingcenter.com
Ponderosa Portables,ponderosaportables.com
Price Truck & Equipment Sales,pricetruckandequipment.com
ProSource Machinery - Billings,prosourcemachinery.com
RAW MACHINERY INC,rawmachinery.com
Recreation Rentals,
Reddig Equipment & Repair Inc.,reddigequipment.com
Rent For Less,rentforlessmt.com
RentBiz,rentbizbigsky.com
Rocky Mountain Equipment Inc,
Rocky Mountain Grip and Electric,rockymtngripandelectric.com
Rocky Mountain Truck & Trailer Equipment,rmtte.com
Rugged Rentals,ruggedrentals.com
Sarens,sarens.com
Shindig Rental Co.,shindigrentalco.com
Strobel's Rental Inc,strobelsrentals.com
"Sun Rental Center - Butte, MT",sunrentalcenter.biz
Tilleman Equipment,tillemanequipment.com
Time Rental,timerentalmt.com
Titan Machinery - Bozeman,
Tool Library - Missoula Urban Demonstration Project,mudproject.org
Top Tier Equipment Rental,toptierequipmentrental.com
Torgerson's,torgerson.biz
Torgerson's Equipment,torgersonsequipment.com
Total Rental Inc,totalrentalandvillagerental.com
Trailer Kings Rental,trailerkingsrental.com
Trent Neumann Crane and Helical Piers,flatheadcranes.com
Truck & Equipment Solutions Inc,
Wall Aerial Lift Rental,
Westate Machinery Co,westate.com
Western Excavating Inc,westernexcavating.com
Western Ranch Supply - Great Falls,westernranchsupply.com
Western Skies Crane Service,
Wiedrick's Cranes Service Inc.,
XR RENTALS INC.,xrrentalsinc.com
Yellowstone Tractor,yellowstone-tractor.com
Yellowstone Valley Parts & Equipment,yvpe.com
321 Equipment Company,321equipment.com
3Fold Truck and Equipment Sales LLC,3foldsales.com
4x4 Country & Cub Cadet,
A&B Crane LLC,
A&D Family Crane,
A&M Crane and Rigging,amcranes.com
A+ Tree & Crane Services,aplustrees.com
ACT Construction Equipment,actce.com
Action Equipment Rentals LLC,
Active Machinery Sales,activemachinery.com
Adams Equipment Rentals,adamsequipmentrentals.com
Advantage Rental,advantagerentalofwilson.com
Aerial Equipment Services,aerialequipmentservices.com
Agri Supply of Greenville,agrisupply.com
Albemarle Crane Service,albemarlecraneservice.com
All Power Forklift Service Inc,
AME Inc,ameonline.com
Amick Equipment Co.,amickequipment.com
Ampac Machinery LLC,ampacmachinery.com
Andy Ratchford Tractor Repair,
Asheville Crane Rental,ashevillecranerental.com
Asheville Tool Library,ashevilletoollibrary.org
Associated Scaffolding,associated-scaffolding.com
Atlantic Forklift Services,atlanticforkliftservices.com
Azura Portable Toilets,highpointncportabletoilet.com
B&B Crane Service Shallotte,bandbcraneservice.com
B & S Enterprises Inc. Wilson,bandsent.com
B T South,btsouth.com
Bad Boy of Hickory,badboyofhickory.com
Barger Equipment LLC,bargerequipment.com
"BARNES EQUIPMENT, INC.",barnesequipment.com
BEFCO,befco.com
Belco Resources Equipment,br-equipment.com
Benchmark Tool & Supply Inc.,benchmarksupply.com
Best Rentals,bestrentalsnc.com
Big Equipment Limited,bigequipmentlimited.com
Bigfoot Forklift LLC,bigfootforklift.com
Bill's Mobile Crane Service,billsmobilecraneservicenc.com
Black Tractor & Equipment Co,blacktractorandequipment.com
Blanchard's Bobcat & Backhoe,
Blu of the Carolinas Equipment Sales and Rental,bluofthecarolinas.com
Blu on Farrington,bluonfarrington.com
Blue Collar Rental,bluecollarrental.com
Blue Ridge Crane,blueridgecraneco.com
Blue Ridge Tractor Company,blueridgetractor.com
Blueline Rental,
"Bobcat of Jacksonville, NC",whitesequipmentco.com
Bobcat of Johnston County,bobcatofjohnstoncounty.com
Bobcat of Raleigh,bobcatofraleigh.com
Bobcat of Wilmington,bobcatofwilmington.com
Bobcat of Wilson,bobcatofwilson.com
"Bottomley Crane Service, LLC",
Bounce Around Inflatable Rentals,bouncearoundinflatablerentals.com
Bounce-N-Slide Entertainment,bns-entertainment.com
Bouncing Betty Bounce Houses,bouncingbettybouncehouses.com
Brewer Equipment Co.,brewerequipmentco.com
Brilliant Equipment Services,brilliantelec.com
Brinson Tractor Group,brinsontractor.com
Brooks Sales Inc,brookssales.com
Brothers Equipment Sales,brothersequipmentsales.com
Bryant’s truck and equipment sales,bryantstrucksales.com
Buck's Wrecker Service,buckstowingandrecovery.com
Bud Matthews Services,budmatthews.com
Burch Store Tractors,burchstoretractors.com
Burlington Porta Potty Rentals,
C & M Crane Service LLC,
Cape Fear Equipment,capefearequipment.com
Cape Fear Outdoor Equipment,capefearoutdoorequip.com
Cape Fear Tractor & Saw LLC,
Capital Equipment Rentals,capitalequipmentrentals.com
Capital Events,capitaleventsnc.com
Carmona's Tree Services.,
"Carolina Ag & Equipment Group, LLC",carolinaagequip.com
"Carolina Cat - Charlotte, NC",carolinacat.com
Carolina Equipment and Hauling,carolinaequipmentandhauling.com
Carolina Handling,carolinahandling.com
Carolina Industrial Trucks,citrucks.com
Carolina Machinery Sales,carolinamachinerysales.com
Carolina Material Handling Inc.,cmh-inc.com
Carolina Rental Co,carolinarentalcompany.com
Carolina Specialty Products - Equipment Rental & Sales,carolinaspecialtyproducts.co
Carolina Trailer & Equipment,carolinatrailerandequipment.com
Carolina Used Machinery,carolinausedmachinery.com
Carson Material Handling,carsonlift.com
Cart Guys Inc,cartguysinc.com
Cary Portable Toilet Rentals,
CCB Equipment,ccbequipment.com
CCE Equipment Rentals,cceequipment.com
CCS Equipment Sales,ccsequipment.com
Central Carolina Power Equipment,ccpenc.com
Certified Safety Experts,certifiedsafetyexperts.com
Chair & Equipment Rentals,chairandequipmentrentals.com
Chapel Hill City Porta Potty Rentals,
Chapel Hill Community Center,townofchapelhill.org
Chapel Hill Equipment Rental,
Chapel Hill Portable Toilet Rentals,
Chapel View Apartments,chapelviewapartments.com
Clapp Tractor,clapptractor.com
Clark Farm Lawn & Garden,clarkfarmsupply.com
Clay's Power Equipment,claysequipment.com
Coastal Equipment Co,
Coastal Temp Rentals LLC,coastaltemprentals.com
"Coen Equipment, Inc.",coeneq.com
Cold Air Rentals,coldairrentals.com
Combilift,combilift.com
Combs Crane and Rigging,combscrane.com
Company Wrench,companywrench.com
Cooke Rentals,
Cooke Rentals Inc.,de.cookerentals.com
"Cooke Rentals of King, NC",ma.cookerentals.com
Cooper Equipment Rentals,cooperequipment.com
COR Supply and Rentals,corsupplyandrentals.com
Cortez Construction Equipment Rentals,
Country Hardware & Rental,
Crane and Rigging Rental,cranerigrental.com
"Crane Building Company, Inc.",cranebuildingcompany.com
Crane Chimney Co,cranechimney.homes
Crane & Rigging Corporation - Charlotte,cranerigcorp.com
Crane Service and Rental,craneserviceandrental.com
Crane South Services,cranesouth.com
Crosstown at Chapel Hill,rent.brookfieldproperties.com
Curated Events Raleigh-Warehouse & Pickups,curatedevents.com
D.H. Griffin Heavy Equipment Division - Greensboro,dhgriffin.com
D.H. Griffin Used Equipment Sales,dhgusedequipment.com
D P Tractor Sales,
Dale's Small Engine,
Davis Lift Truck Services,dltsinc.com
DB Rentals,dbrentalsandsales.com
Dealers LP Equipment Co,dealerslp.com
Dellinger Tractor Sales,
Diamond Outdoor Products,diamondoutdoorproduct.com
Dick Kelly Truck Sales,dickkellytrucksales.com
Dick Smith Equipment Inc.,dicksmithequip.com
Diesel Engine & Heavy Equipment Repair,derequipment.com
Diesel Equipment Co,dieselequipment.com
"Dietrich Brothers, Inc.",dietrichbros.com
DirtPro Skidsteer Rental,
Ditch Witch ACE,ditchwitchace.com
Ditch Witch Of The Carolinas,dwotc.com
Dover Crane & Construction Inc,dovercraneinc.com
Drilling Equipment Sales,drillingequip.com
Duff's Crane Rental,
Eagle Rentals,eaglerentals.com
"East Attachments, LLC",eastattachments.com
East Carolina Equipment Rental,eastcarolinarental.com
East Carolina Forklifts,
East Carolina Tractor and Fleet,ectfleet.com
East Rutherford Equipment,eastrutherfordequipmentllc.com
Eastern Food Equipment Inc,easternfoodequipment.com
"Easy Rentals, Grading and Materials Inc",
EBS Rentals,ebsrentals.com
"Edwards, Inc.",edwardsinc.com
Elegant Johns,elegantjohns.com
Element Rentals LLC,elementrents.com
Elite Rentals of Mooresville,eliterentalsnc.com
"ENC Mahindra , Inc",encmahindra.com
Equipment Ltd,sawgrinder.com
Equipment Plus Total Facility Solutions,eplustfs.com
Equipment Rental Solution,equipmentapplication.equipmentrentalssolution.com
Equipment Sales & Services Inc,
ESSENTIAL RENTALS,essentialrentalsinc.com
"Evans Machinery, INC.",evansmachinery.com
Everything Attachments,everythingattachments.com
Extreme Outfitters,extremeoutfitters.com
Faith Farm & Equipment,faithfarm.com
Family Medical Supply,adapthealth.com
"Farm Services Inc (Toro, Stihl, Simplicity, Ferris Dealer, Carhartt, Red Wing Boots)",farmservicesgraham.com
Farmers Supply Co,farmerssupplyco.com
Faulk Brothers Turf Supplies,faulkbrothers.com
First Source Rentals,firstsourceequipment.com
Fletcher Restaurant Equipment and PCI Auctions,
FLIFT America,fliftamerica.com
ForgeX Rentals,
"Forklift Partners, LLC",forkliftpartners.com
Forsyth Mower Works,forsythmowerworks.com
Franklin Woods Apartments,gscapts.com
G&H Equipment Rental,gandhequipmentrental.com
"G&W Equipment, Inc. Charlotte, NC",gwequip.com
Gantry Crane Service,dedserv.com
General Equipment Rental,generalrents.com
General Rental,general-rental.com
General Rental Center,generalrentaldurham.com
GlobalTruckAndMachine | Heavy equipment and machinery for Sale US,globaltruckandmachine.com
Gold Ridge Rentals,goldridgerentals.com
Gomez Aerial Equipment Rental,
Goodman Farm Supply,
Graham Tractor Co Inc,grahamtractorcompany.com
Grand Rental Station,grandrentalnc.com
Greenfield Agri Machinery,greenfieldtractors.shop
Greensboro Tractor Co,greensborotractor.com
Greenville Portable Toilet Rentals,
"Gregory Poole Equipment Company - Raleigh, NC",gregorypoole.com
Griffin Tractors & Equipment,griffintractornc.com
Griffin Trailer Rentals,griffintrailerentalsllc.com
Grind and Polish Supply,grindandpolishsupply.com
Grooms Heavy Truck Sales,groomsheavytrucks.com
Guaranteed Supply Company,guaranteedsupply.com
Guy M Turner Inc,guymturner.com
"Hardy's Equipment Sales and Service, Inc",hardysequipment.com
Haulin' Wheels Trailer Rentals,haulinwheelstrailerrentals.tiiny.site
HC Forklift America Corporation,hcforkliftamerica.com
Heavy Duty Truck Supply,heavydutytrucksupply.com
Heavy Motor Pros,heavymotorpros.com
Henry's Truck & Equipment Sale,
Hickory Home & Garden Center,hickorygreenstore.com
High Point Portable Toilet Rentals,
Highland Heavy Equipment Rentals,
Highway Equipment & Tractor,hwyequipmenttractor.com
"Hoist & Crane Carolina – Crane Sales, Service & Installation",hoistcranecarolina.com
Hoist & Crane Systems,hoist-crane.com
Holder & Sons Equipment,holderandsonsequipment.com
Holland Rent-All,hollandrentall.com
Honest Engine Equipment,honestengineequipment.com
Hope Mills Saw & Mower,hopemillssawandmower.com
Horn's Crane Services,
Hull Aerial Equipment Rental,
I&I Sling Inc,iandisling.com
Impex Heavy Metal,impexheavymetal.com
"Industrial Battery & Charger, Inc.",ibcipower.com
Industrial Forklift Truck,industrialforklifttruck.org
Inflatable FUN,inflatablefunsite.com
"Intermodal Supply, LLC",intermodalsupply.com
Interstate Supplies and Services,iss-go.com
Intertractor America Corporation,
Intracoastal Crane Works,intracoastalcraneworks.com
iRent Dump Trailers,irentdumptrailers.com
"Iron Lot, LLC",ironlot.com
Island Tractor,islandtractornc.com
Isley Farm Supply,isleyfarmsupply.com
It's My Party Rental,itsmypartyrental.com
"J Creek Equipment Rental, LLC",jcreekequipmentrental.com
Jack's New Grass Inc,jacksnewgrass.com
Jacksonville Mulch & More Inc,jacksonvillemulch.com
Jacksonville Portable Toilet Rentals,
James River Equipment,jamesriverequipment.com
JC Installation Services LLC,jcinstallationsvcs.com
JGR,skyworksva.com
Joe's Tractor Sales,joestractorsales.com
Johnnie D. Shubert Company,shubertgravely.com
"Johnson Farm Services; Snapper, SnapperPro, Ferris Dealer",jfspower.com
Just Party & Equipment Rental,fayrent.com
Kannapolis Portable Toilet Rentals,
Kannapolis Power Equipment,kannapolispowerequipment.com
"Kenansville Equipment Company, Inc",kenansvilleequipment.net
Killians Hardware,killiansinc.com
King Machinery,kingmachinery.com
Knightdale Tractor & Equipment,knightdaletractor.net
Kubota Of Asheville,kubotaofasheville.com
L & L Tractor,
L2 Equipment Sales,
Larry's Crane Services Inc.,larryscraneservice.com
Latino Rentals,latino-rentals.com
Lawrence Equipment Rentals,
"Lay of the Land, Inc",lotlinc.com
Legacy Forklift-Equipment Inc,legacyforklift.com
Leonard Truck Outfitters,leonardusa.com
Levan Auto Sales,levansales.com
Lewis Feed & Western Store,lewisfeedandwesternstore.com
Lewis Systems & Service Co.,lewissystemsinc.com
Lift Truck Revival LLC,lifttruckrevival.com
Liftech Mobile Crane Services,
LiftOne Charlotte,liftone.net
Linder,linderco.com
Linder Turf & Tractor - Fayetteville,cumberlandtractor.com
"Lloyd Rosdahl Machinery Riggers, Inc.",rosdahlriggers.com
LS Tractor USA,lstractorusa.com
LS Tractor USA parts,
LTD Farm & Garden,ltdfarmandgarden.com
M & N Construction Supply,mnconstructionsupply.com
M7 Equipment,m7equipment.com
Made To Celebrate,
Mangum's Transport & Heavy Haul,mangumsinc.com
Material Handling Technologies,materialhandlingtech.com
Material Lift Sales Inc,material-lifts.com
Mathews Turf Equipment,mathewsturfequipment.com
Maxwell Crane Rental,maxwellcranerental.com
McMillan Crane Service Inc,mcmillancrane.com
McNeely's Store & Rental - Hendersonville,services.mcneelycompanies.com
Me&Gee Moving Labor Services LLC,meandgeemovers.com
Meade Tractor of Mills River,meadetractor.com
MEI Industrial Solutions Charlotte,meiindustrialsolutions.com
Mid-Atlantic Crane & Equipment,midatlanticcrane.com
"Mid-State Forklift, Inc.",mid-stateforkliftinc.net
Milam Equipment Company LLC,milamequipmentcompany.com
Milam Equipment Rentals LLC,milamequipmentrental.com
Mint Hill Tool Rental,minthilltoolrental.com
Mitchell Tractor & Equipment Co.,mitchelltractorco.com
Mobilift of Burlington Inc,shslift.com
Modern Tractor Co,moderntractor.com
Moore Farm Equipment,moorefarmequipment.com
Morlando Crane,morlandocrane.com
Mr. Rooter Plumbing of Chapel Hill,mrrooter.com
Mt Holly Farm Supply,mthollysupplyco.com
Musgrave Equipment Company,musgraveequipment.com
Myers Heavy Equipment,myersheavy.com
Nash Equipment Company,nashequipmentcompany.com
NC MANLIFT LLC,
NC Mobility Rentals & Medical,ncmobilitymedical.com
NC Tractor & Farm Supply,nctractorandfarmsupply.com
Neighborly's Equipment & Rental,
New Paradise Crane Inc,newparadisecrane.com
New South Tractor,newsouthtractor.com
Next Level Rental,nextlevelrentalnc.com
Niagara Machine Inc,niagaramachine.com
"North American Implements, Inc.",northamericanimplements.com
North State Sales,northstatesalesco.com
Oakboro Tractor and Equipment,oakborotractor.com
Oakboro Tractor Group-Concord,
OK Recycling,oksalesinc.com
On-Site Hose Inc,on-sitehose.com
P. L. Woodard & Co,plwoodardandco.com
Park Seneca Lawnmower Sales and Repair,
Parker Farm Service,parker.farm
Parker's Crane Service Inc.,parkercrane.com
Peak Cranes,peakcranes.com
Peak Towing and Transport LLC,
Penn McMichael Equipment Trading,pennequipmenttrading.com
Pennell & Sons Farm Equipment,pennellandsons.com
Petroleum Equipment Services,peswilson.com
Phelps Truck Sales,phelpstrucksales.com
Piedmont Bobcat,curtis-lane.com
Piedmont Forklift Handling Inc,piedmontforklifthandling.com
Piedmont Hoist and Crane,piedmonthoist.com
Piedmont Portables,piedmontportables.com
Porta Potty Rentals Asheville,
Porta Potty Rentals Huntersville,
Portable Outdoor Equipment,portableoutdoorequipmentnc.com
Powerhouse Boiler Equipment,powerhouse.com
Premier Equipment,premiertractor.com
Premier Equipment,premierequipmentsales.com
Pro-Mow Equipment Sales,promowequipment.com
ProContractor Supply,procontractorsupplyinc.com
Prostar Services - Heating Cooling Plumbing and Electrical,prostarhvac.com
Pruitt Machinery Inc,pruittmachinery.com
Quality Equipment,qualityequip.com
Quality Mower & Saw Equipment - Durham Polaris,durhampolaris.com
"R. S. Braswell Company, Inc",rsbraswell.com
Raleigh Portable Toilet Rentals,
RAM RENT-ALL INC.,ramrentallsmithfield.com
Ready Forklift Repair,readyforkliftrepair.com
Recovery Logistics Llc,recoverylogistics.net
Redwood Portable Toilets,redwoodportabletoilets.cyou
Reedy Creek Equipment,reedycreekequipments.com
Reidsville Equipment,reidsvilleequipment.com
Reliable Excavation & Equipment Rental,
Rent-A-Steer,rent-a-steer.com
Rent All Inc,rentallasheville.com
Rental Me This,rentalmethis.com
"Rental Supply, Inc.",rsi-rentals.com
Rental Works,rentalworksgreensboro.com
Richfield Used Truck Parts Inc,richfieldtrucksandparts.com
Richie's Full Service & Roadside Assistance,richiesroadsideassistance.com
Riddle Tractor,riddletractor.com
Right of Way Equipment Co.,rightofwayequipment.net
Robertson Equipment Inc.,robertsonequipment.com
Rocky Mount Portable Toilet Rentals,
"Roland Black Heating, Cooling, Plumbing & Generators",rolandblack.com
"Ronnie's Truck Services, Inc.",ronniestrucksvc.com
"Rovira Crane, LLC.",roviracrane.com
RTP Rental,rtprental.com
S C S Equipment Sales Inc,scsequipment.com
Sasser Rental Equipment - Restoration Rentals,
Scott Lancaster Cranes Inc,
"Sedgefield Outdoor Equipment, Inc.",sedgefieldoutdoor.com
SelecTrucks of Charlotte,selectrucks.com
Sink Farm Equipment,sinkfarmequipment.com
"Skye Equipment, LLC",skyeequip.com
Skywalker Dealer Development,skywalkerusa.com
Smith International Truck Center,smithint.com
Smith's Enterprise,smithsenterprise.com
Snow Tractor and Equipment,snowtractor.net
Soto Rental's,sotorentals.us
"Sound Heavy Machinery, Inc.",soundheavymachinery.com
Southeast Ag Equipment Inc,southeastag.com
Southeast Industrial Equipment,sielift.com
Southeastern Equipment Corporation,secva.net
Southern Equipment Rentals,serentals.co
Southern Farm Supply,southernfarmsupply.com
Southern Mobility and Medical,shop.southernmobilityonline.com
"Southern States - Carrboro, NC",southernstates.com
Southwest Lawn Equipment,southwestlawnequip.com
Springs Road Rent-Alls,springsroadrentalls.com
ST Machinery,
"Stalls Medical, Inc./Adaptive Vans, Inc",stallsmedical.com
Stanly Tractor Company,stanlytractor.com
State Electric Supply Co,stateelectric.com
Statesville Ag and Turf,statesvilleagturf.com
STI Turf Care Equipment,turf-care.com
STIHL Dealer Burlington,farmservicesincburlington.stihldealer.net
Stout Forklift Repair Inc,
Stowe's Welding & Crane Services,
Sunset Lighting and Grip,sunsetgrip.com
Superior Trailer - Sales/Service/Repair and Parts,superior-trailer.com
Sykes Supply Company,sykessupply.com
Tactical Truck Repair & Towing,tacticaltruckrepair.com
TAR RIVER Mfg,tarrivermfg.com
"TarHeel Lift Trucks, Inc.",tarheellifttrucks.com
Taylor's Forklift,taylorsforkliftnc.com
TCS Event Rentals,tcseventrentals.com
The Forklift Pro,theforkliftpro.com
The Tractor Center,thetractorcenter.com
The Tractor Place Inc,thetractorplace.com
The Warehouse,livethewarehouse.com
Thomas Equipment & Party Rentals,thomasrental.com
Throne Party Rentals,
Tilton's Crane & Forklift Rentals,tiltonscrane.com
Timberline Porta Rentals,
Tony Sells Tractors,
Tool Rental Depot,toolrentaldepot.com
Town & Country Hardware,townandcountryhardware.com
Tractor Tracs Inc.,tractortracs.com
Transit and Level Clinic,transitandlevel.com
TranSource Truck & Trailer Centers,transourcetrucks.com
Trek Bicycle Chapel Hill,trekbikes.com
Tri-County Equipment Rental and Construction Services,
"Tri-Lift Industries, Inc.",tri-lift.com
Triangle Fence Rentals,trianglefencerentals.com
Triangle Office Equipment,triangleofficeequipment.com
Tulloss Equipment Co,
Ultimate Equipment Rentals of Mooresville,ultimateequipmentrentals.com
Unifarm Machinery Corporation,unifarmmachinery.com
Union Crane Service Inc,
Up! Up! Lifting,upuplifting.com
Used Heavy Equipment Parts and Sales,equipneeds.com
Vast Equipment & Truck Sales,vastets.com
Vause Equipment Company,vauseequipment.com
Vermeer All Roads - Charlotte,vermeerallroads.com
"Versalift Southeast, formerly MAP Enterprises",southeast.versalift.com
Vesco Toyotalift,vescoforklifts.com
W & W Crane & Rigging Inc,wandwcrane.com
Weno Power Equipment,greensborolawnmowers.com
West End Sales,westendsales.com
Westend Hardware and Services,westend-hardware.com
"WestLift, LLC",westliftllc.com
Westrac USA,westracusa.com
Whatever Rents Inc,whateverrentsinc.com
Wheeler Material Handling,wheelermaterialhandling.com
White's International Trucks,whitestractor.com
White Tractor Co Inc,whitetractorcompany.com
Wilcox and Co LLC,wilcoxandco.com
Wilson Farm Equipment,tym-tractors.com
Wilson Finley Company,wilsonfinleyparts.com
Winfield Supply Inc.,winfieldsupply.com
Winston Tractor Company,winstontractor.com
WLC Forklift,wlcforklift.com
"Wolf Machinery & Supply, LLC",wolfmachinerysupply.com
Wood's Machine Service Inc.,woodsmachine.com
Yale Materials Handling,yale.com
Yosemite Portable Toilets,yosemiteportabletoilets.cyou
701 Rentals,701rentals.com
"Acme Equipment - Minot, ND",acmeusedequipment.com
"Acme Rents - Grand Forks, ND",acmerents.com
Ag Resources Farm Equipment,agresourcesmaddock.net
Ag Spray Equipment,agspray.com
Agassiz Sales,agassizsales.com
Aggreko Rental,
Alloway Standard Industries,allowayag.com
Amity Technology,amitytech.com
Anderson-Crane Co,anderson-crane.com
Anderson Rentals & Sales,
Anderson Steel Erection Services,asecrane.com
Berg's Towing & Crane,bergstowing.com
Big Iron Equipment Brokers,bigironbrokers.com
Bismarck City Porta Potty Rentals,
Bison Machinery,centralsalesinc.com
Bobcat of Mandan Inc,bobcatofmandan.com
"Borsheim™ Crane Service, LLC (Williston)",borsheimcrane.com
Bourgault Industries,bourgault.com
Case Corporation,
Construction Supply Inc.,csi-fargo.com
Custom Truck Equipment of ND,ctetruckparts.com
D&J Equipment Sales & Service,thehoistpros.com
Dacotah West Crane Service,dacotahwestcrane.com
Dagger Machinery,daggermachinery.com
Dakota Commercial,dakotacommercial.com
Dakota Party Rentals,dakotapartyrentals.com
Dakota Truck and Farm,dakotatruckandfarm.com
Dakotah Country Crane Service,
"Dig It Up Backhoe Service, Inc.",digitupbackhoe.com
Ditch Witch Of North Dakota,ditchwitchnd.com
DMVW Crane Service,dmvwcrane.com
Doosan Bobcat Acceleration Center,bobcat.com
EasyLift Scissor Lift Rental,
Enerbase,enerbase.coop
Excavating Inc.,excavatinginc.com
"F-M Forklift Sales & Service, Inc.",fmforklift.com
Fargo Rentall Inc.,rentallusa.net
Farm & Home Supply Inc.,
Forklifts of North Dakota,forkliftsofnd.com
Forks Freightliner,fargofreightliner.com
General Equipment & Supplies,genequip.com
Gooseneck Implement,gooseneckimp.com
Grand Forks Portable Toilet Rentals,
"Grouser Products®, Inc",grouser.com
H2O Inc,industrynet.com
Hauser's Farm Supply,
Heggen Equipment,heggenequipment.com
High Plains Equipment Devils Lake,highplainseq.com
"High Power Crane, Inc.",highpowercrane.com
Hillstrom Crane and Heavy Haul,hillstromcrane.com
Hubbard Feeds,hubbardfeeds.com
"ICS, Inc. (Industrial Contract Services)",icsgf.com
"Industrial Builders, Inc.",industrialbuilders.com
Iron Rentals LLC,rentirontrailers.com
J & M Truck Sales Inc,jandmtrucksales.net
John Deere NPI,johndeere.com
Keys Crane Services,
Langdon Implement Co,langdonimp.com
LSI Truck Sales,lsitrucksales.com
Midkota lift Solutions,midkotaliftsolutions.com
Midwest Truck Equipment,mtetrucks.com
Newkota,newkota.com
Nordic Towing,nordictowing.com
North American Crane Certification LLC,
North Country Mercantile & Equipment,northcountrymerc.com
Northern Crane & Equipment,ncs-equip.com
Northern Plains Equipment,plainsag.com
Northwestern Equipment,
O'Day Equipment,odayequipment.com
Outdoor Recreation,grandforks319fss.com
Outdoor Recreation,5thforcesupport.com
Park River Implement LLC,parkriverimplement.com
"Prairie Supply, Inc.",prairiesupply.com
Premier Equipment,premierequips.com
Pro AG Equipment Inc,proagequip.com
Pro Industrial,proindustrialonline.com
R & J's Towing & Recovery / Mobile Truck Repair,rjstow.com
"ReechCraft, Inc.",reechcraft.com
Resource Auction,resourceauction.com
Rice Farm Equipment,
Rigging & Tools,riggingandtools.com
"Rossco Crane And Rigging, Inc.",rosscocrane.com
Roughrider Crane LLC,roughridercrane.com
RTJ Equipment,rtjequipment.com
Steer Rentals,steerrentals.com
Structural Materials Inc.,smionline.com
Swanston Equipment,swanston.com
The ProLift Rigging Company,proliftrigging.com
Thrifty Equipment Rental Inc,
Tractor & Equipment Co,tractorandequipment.com
Trailer & Truck Equipment of Minot,trailersofminot.com
Truck & Equipment Sales & Services,
United Crane & Excavation Inc,unitedcraneandexcavation.com
United Power Equipment,unitedpowerequipmentfargo.com
Urent,yardbook.com
Valley Forklift LLC,valleyforkliftllc.com
Valley Plains Equipment,valleyplainsequipment.com
VERITAS CRANE,veritascrane.com
Wallwork Truck Center,wallworktrucks.com
West River Equipment,westriverequipment.com
Zeus Rentals,zeusrentals.net
A & B Tool Rental,oneabrental.com
A-Relief Services Inc,a-relief.com
A1 Iron Corp.,aoneiron.com
Ace Rent-to-Own,acerenttoown.com
AG Tractor & Koozer Supply,agtractorsupply.com
AGI Grand Island,aggrowth.com
AGI Omaha,necousa.com
"AIE - Anderson Industrial Engines Co., Inc.",ai-engines.com
"AKRS Equipment Solutions, Inc.",akrs.com
Alliance Tractor & Implement Company,alltractors.com
American Crane & Rigging LLC,americancraneandrigging.com
Anchor Equipment Rentals,anchorequipmentrentals.com
Apollo Equipment Company,apolloequip.com
Avery Rents Inc.,averyrents.com
Benes Service Co.,benesservice.com
Big Springs Equipment,bigspringsequipment.com
BL Equipment Sales,blequipmentsales.com
Blue Mountain Equipment Rentals,bluemountainsrental.com
Bobcat Of Lincoln,bobcatoflincoln.com
Bobcat of Omaha,bobcatofomaha.com
Bobcat Rentals,
Buddies Rentals,buddiesrentals.com
Burr Farms Machinery Inc,burrfarms.com
BVFarms Two-Cylinder John Deere Tractor Repair,
C&H Truck Parts,candhtruck.com
C&I Equipment,c-iequipment.com
Central Nebraska Bobcat,cnebobcat.com
Central Nebraska Transload,
CLAAS of America,claasofamerica.com
"Construction Rental, Inc.",northplatte.construction-rental.com
Construction Rental Inc.,grandisland.construction-rental.com
Construction Rental Inc,kearney.construction-rental.com
Cornerbrook Rental Services,
Cornerstone Contractor Bays,cornerstonecontractorbays.com
CR Manufacturing,cr-mfg.com
Crane Sales & Service,cranesalesandservice.com
Crane Service Solutions,craneservicesolutionsne.com
Dinkel Implement Co.,dinkels.net
DK&B Construction Specialties,dkandb.com
Elite Motors,elitemotorsne.com
Elliott Equipment Company,elliottequip.com
EnginesForLess Inc,engine4less.com
Enterprises Inc Your Outdoor Power Sales & Service Connection,enterprisesinc.com
Equipment Wholesalers LLC,farmequipmentwholesalers.com
Equipmentfacts,equipmentfacts.com
"Equipt Truck & Machinery, Inc.",equipttruck.com
FleetRight,
Geneva Implement Co,superiorimplement.com
Gonzaga Rentals LLC,gonzaga-rentals.com
Grand Island Farm Supply,
Grand Kubota,grandkubota.com
Greenline Motors LLC,greenlinemotorsllc.com
Grone's Outdoor Power,gronesoutdoorpower.com
H2 Equipment LLC,h2equipment.com
Hamilton Equipment Co,hamiltonequipmentco.com
Harder Capital Equipment Rental,hcequipmentrental.com
Haus Equipment,hausequipment.com
HELP EQUIPMENT,helpequipment.org
Hippo Equipment,hippoequipment.com
Honeyman Rent-All,honeymanrentall.com
Hubbell Equipment Rental LLC,hubbellequipmentrental.com
"Independent Equipment Co., Inc.",independentequipment.com
J & J Small Engine Service,jnjsmallengine.com
John Baasch Auger Flighting,johnbaaschauger.com
Jumpers 4 You,jumpers4you.com
JZ Rentals,
Kearney Equipment,kearney-equipment.com
Keim Farm Equipment,keimfarmeq.com
Kistler Crane and Hoist,kistlercraneandhoist.com
KP Equipment Inc.,koehlerequipment.com
Labor Saver Rentals,laborsaverrentals.com
LandMark Implement,landmarkimp.com
LDI - Kubota of Omaha,kubotaofomaha.com
Lee Valley Farm Equipment,leevalley.net
"Legend Equipment Rental & Supply - Lincoln, NE",
Lewis Implement Company,lewisimplementcompany.com
Lift-All Crane Service,liftallcrane.com
LINE SOURCE CENTER,linesourcecenter.com
Loup Machinery LLC,loupmachinery.com
Machinery Trader,machinerytrader.com
Mid-Nebraska Tractor Co,midnebraskatractor.com
Midgard Crane & Tree Service,midgardcrane.com
Midwest Crane Services,midwestcraneservice.com
Midwest Machinery Co,midwestmachinerycompany.com
Midwest Underground,midwestundergroundsupply.com
Miller Sales,millersales1.com
Mitchell Equipment,mitchellequip.com
Modern Farm Equipment,modernfarm.com
MRL Crane Services & Equipment Rental,mrlcrane.com
National Equipment Registry,nationalequipmentregistry.com
Nebraska Commercial Equipment.,
Nebraska Crane,nebraskacrane.com
"Nebraska Equipment, Inc.",nebraskaequip.com
Nebraska Hoist & Crane,nhccranes.com
Nebraska Machinery Company (NMC CAT) - North Platte,nmccat.com
NeedTurfEquipment,needturfequipment.com
New Holland,
Offutt Outdoor Recreation,offutt55fss.com
Omaha Pneumatic Equipment Company,omahapneumatic.com
Omaha Track Equipment,omahatrackequipment.com
"Omaha Truck & Trailer, Inc.",ottinc.com
Option 3 Material Handling,option3mh.com
Osceola Implement & Supply Inc,osceolaimplementkubota.com
Ostermeyer Equipment Inc.,ostermeyerequip.com
Owens Construction Equipment Rental,
Pankonin's Inc,pankonin.com
Patriot Crane and Rigging,patriotnation1.com
Patriot Crane and Rigging Lincoln,
Patton Equipment Co Inc,pattonequipment.com
Petersen Heavy Equipment LLC,
Platte Valley Equipment,plattevalleyequipment.com
Play It Again Sports Grand Island,playitagainsportsgrandisland.com
Premier Rental Purchase,premierrents.com
Pro Crane,procrane.net
Pro Power LLC,propowergi.com
R & B Rentals Llc,
Raka Rentals,rakarentals.com
"Regier Equipment, inc.",regierequipment.com
Reiner Rentals & Construction,
Rental City Tool & Equipment,rentalcityomaha.com
RentalYard,rentalyard.com
"Rion Equipment - Omaha,NE",rionequipment.com
Roehr's Machinery,roehrsmachinery.com
Rose Equipment,roseequipmentinc.com
S and S Equipment Service LLC,
"Simpson Farm Enterprises, Inc",simpsonfarm.com
Siouxland Crane Services,
South Sioux City Porta Potty and Dumpster Rentals,
Steinbach Farms Equipment & Sales LLC,steinbachfarmeq.com
Structural Enterprises Inc,
TCA Outdoor Power,tcaoutdoorpower.com
Thoene Farm Services Inc,thoene-cherryequip.com
Tool Barn Rentals,
Tractor USA,tractorusa.com
Truck Paper,truckpaper.com
TrueNorth Rental Services,
Trustworthy Equipment,trustworthyequipment.com
"U-neek Events LLC - Lincoln, NE and Surrounding Area",uneekeventsne.com
United Rent-All,unitedrent-all-omaha.com
Valley Forklift Sales,
Vermeer High Plains Lincoln,
Wagner AG Sales,wagneragsales.com
Webb Cutting Components,cuttingcomponents.com
Wise Heavy Equipment,wiseheavyequipment.com
Yant Equipment Inc,
York Equipment Inc.,yorkeqinc.com
202 Truck & Equipment,202truck.com
"Able Crane Service, Inc.",ablecrane.com
Accurate Tree Service,accuratetree.com
Aerial Crane Service,aerialcraneservice.com
Aerial Crane Services,
Ahearn Rents,ahearnrents.com
All-American Party Rentals,all-american-party.com
Alliance Machinery and Equipment Appraisals,equipmentinspectionsappraisals.com
Altitude Crane Service LLC,altitudecrane.com
Ambrose Equipment Company,ambroseequipment.com
American Crane Co,americancranenh.com
APEX Equipment Rentals,apexrentalco.com
Balcom Brothers Inc. Rentals,balcombros.com
Better Equipment Sales,betterequipmentsales.com
Big Boy's Toys LLC,bigboystoysllc.net
"BMH - Forklift Sales, Service & Rentals",bmhinc.com
Bobcat of New Hampshire,bobcatnh.com
Boss Equipment Rental & Service,bossrentalequipment.com
Brentwood Power Equipment Center,brentwoodpower.com
C&S Commercial Food Equipment Service,cscommercialfoodequipmentservice.com
Cairns Equipment LLC,cairnsequip.com
Carl Matthews Equipment Co,matthewsrental.com
"Chappell Tractor Sales, LLC.",chappelltractor.com
Charron Medical Equipment,charronmed.com
"Chasse Crane Services, LLC",chassecrane.com
Coleman Rental & Supply LLC.,colemanrental.com
Concord Tractor,concordtractornh.com
Construction Site Machinery,csmne.com
"Cues, Inc. - New Hampshire",cuesequip.com
Davis Crane LLC,daviscranellc.com
DIY Digger Depot (Authorized Rippa Dealer),diydiggerdepot.com
Dodge Grain Co Inc,dodgegrain.biz
East Coast Equipment,eastcoastequipmentnh.com
East Coast Lumber Equipment Center,eastcoastlumber.net
Eastpoint Equipment Rentals,eastpointrentals.com
ECD Rents,ecdnh.com
Epsom Tool Rental,epsomtoolrental.com
Family Fun Rental,familyfunrental.com
Forklifts NH,forkliftsnh.com
Gary's Power Equipment,garysmahindra.com
Gate City Small Engine Service,gatecitysmallengineservice.com
Generator Pro,generatorpronh.com
Gould Crane Services,gouldcraneservice.com
Grand Rental Station,grandrentalnh.com
"Granite Heavy Equipment Sales, LLC",granitehe.com
Granite State Crane,granitestatecrane.com
High Ground Equipment,highgroundequipment.com
Jaw Sales,jawsales.com
Jon Parks Tractor,jonparkstractor.com
Joseph Equipment Co,josephequipment.com
Jump Around,jumparoundnh.com
Kelly Crane Inc,
Knoxland Equipment,knoxland.com
"Lakes Region Equipment Rental, LLC",lakesregionequipmentrental.com
Massiel Ideas LLC,massielideasrentals.com
McGuinness Tree Service,mcguinnesstree.com
McIntosh Truck and Equipment,mcintosh-equipment.com
Middleton Equipment Sales,middletonequipmentsales.com
Moore's Crane Rental Corp,moorescranerental.com
Morquip Rentals & Sales,morquiprental.com
"MTE Equipment Solutions, Inc.",mte.us.com
"Nash Equipment, Inc.",nashequipment.com
Nashua Farmers' Exchange Inc,nashuafarmers.com
Nashua Portable Toilet Rentals,
New Boston Truck & Equipment,
NH Grip & Electric Film Production Rentals,nhgrip.com
NH Skid Steer Attachments,nhskidsteerattachments.com
"NorthPoint Equipment Rentals – Ashland, NH",northpointrentals.com
Onpoint Equipment Solutions,onpointequipmentnh.com
Outdoor Power Equipment,rwhiteequipment.com
"Patriot Tractor, Truck, & Equipment LLC",patriottractor.com
Pet Supplies Plus Nashua,petsuppliesplus.com
Platinum Truck and Equipment LLC,platinumtruckandequipment.com
Plymouth Equipment Rental & Aggregate LLC,plymouthequipmentrentals.com
Precision Crane Rental & Equipment,
ProParts Direct,propartsdirect.net
Quicklift Rentals & Trailer Hitches LLC,quickliftrentals.com
Ready Equipment - Rentals & Sales,readyeq.com
Reed's Farm Equipment,
Refurbished Equipment Marketplace,shoprem.com
Regis Earth Products & Landscaping,regislandscaping.inthegreensoftware.com
Reliable Crane Service LLC,reliablecraneservicenh.com
Rhinco Equipment LLC,rhincoequipment.com
Route 1 Tractor Sales,batcheldersales.com
S N F Crane Service,snfgroupnh.com
Sloan Machinery Co,sloanmachinery.com
SR1 Equipment Loudon,sr1equipment.com
Superior Power Equipment,superiorpowernh.com
Superior Rentals LLC,superiorequipmentrentals.com
T M Crane Services,tmcrane.com
"T-Quip Sales & Rentals, Inc.",tquip.com
Tall Equipment & Machinery,tallequipment.com
Taylor Rental Concord,taylorrentalconcord.com
Technical Tree Service LLC,technicaltreeservice.com
The Tractor Place of NH LLC. (formally the Trailer Place of New England),bluetractorguy.com
Townline Equipment,townlineequipment.com
Tractor Barn,
Tri-Rent-All Inc,trirentall.net
Trusted Rentals,trustedrentalsnh.com
Turf Depot,turfdepot.com
Twin State Tractor and Equipment Inc.,twinstatetractor.com
UFO party rentals,ufopartyrentals.com
United Ag & Turf,agandturf.unitedequip.com
Upper Valley Equipment Rentals,uppervalleyequipmentrentals.com
Valley Equipment,valleyequipmentnh.com
Westville Grand Rental Station,westvillerentals.com
"Winnipesaukee Equipment Rentals, LLC",winnirents.com
ZEL Rentals LLC,zelrentals.com
"Zimmermanns Skis, Boards & More",zimsport.com
103-179 Dayton Ave Tool Rental,
421 E Absecon Blvd Tool Rental,
A Rental Center,arentallcenter.com
A1 Excavating & Contracting LLC,a1excavatingdig.com
AAJ Consulting & Sales LLC,aajequipment.com
ABC Crating & Rigging Co.,abccratingandrigging.com
ABLE Equipment Rental,ableequipment.com
AC Equipment,acequipmentonline.com
"AC Forklifts, Inc.",acforklifts.com
Ace Equipment,acespottertrucksforsale.com
ACE TRUCK SALES,acetrucksales.com
ACG&J Party Rental,acgjpartyrent.com
Action Lift Trucks Inc,
Adams Rental,adamsrental.com
Advanced Scaffold Services,
Affluent Luxe Rentals,affluentluxerentals.com
Affordable van rentals,affordablevanrentalsnj.com
Agco Sales Inc,
Airgas Store,locations.airgas.com
"AJ Jersey, Inc.",ajjersey.net
All Service,allservicerents.com
"All Star Rentals, Inc.",all-star-rentals.com
Allegiance Truck Centers,allegiancetrucks.com
Alliant Lift Truck LLC,alliantlift.net
Allison Tractor Inc,
Allonardo Enterprises,allonardoenterprises.com
Allwood Machinery,allwoodmachines.com
ALM & Associates Inc,almaudiovisual.com
Alpart Scrap Iron & Metals Inc,
Alpha Cranes LLC,
Alpo Group Inc,alpotruckparts.com
Altus Equipment Company,altuslift.com
Alvarez Skidsteer Rentals,
Any Hose Hydraulics / Bittone Equipment Services LLC,bittoneequipment.com
Applegate Farm,applegatefarm.com
Arbor Ace Tree Service,arboracetreeservice.com
Area Rentals Inc,arearentalsinc.com
Ark Container Rentals,arkcontainerrentals.com
ArkLuxe Rentals,arkluxerentals.com
Arlington Power Equipment LLC,arlington-power-equipment-llc.square.site
Arthur E Farmer Machinists,
ARUAMS ENTERPRISE LLC,
Astra Surfaces,astrasurfaces.com
Astro Rents,astrorents.com
Atlantic City Portable Toilet Rentals,
Atlantic County Rental,atlanticcountyrental.com
Atlantic Crane Services,
Atlantic Kritch Crane Service,atlantickritchcrane.com
Atlantic Machines & Equipment,atlanticmachines.net
Atlantic Sales & Salvage Inc,atlanticsalesonline.com
"Atlantic Utility Trailer Sales, Inc.",atlanticutility.com
Atlas Corporation,
Atlas Ladder & Scaffolding Company Inc.,atlasladder.com
Autana Services NJ,autanaparty.com
Auxiliary Service & Hardware Supply,asisupply.com
Avenel Truck & Equipment,aveneltruck.com
B.B. Small Engine Repair,
Barclay Brand Ferdon,bbfyale.com
Bassani Power Equipment,bassanipowerequipment.com
Battelini Wrecker Sales,batteliniwreckersales.com
Bay Crane Service of New Jersey,baycrane.com
Bayonne Durable Construction,bayonnenj.org
Bayonne Porta Potty Rentals,
Bayonne Portable Toilet Rentals,
Belle Mead Garage Massey Ferguson Tractors,bellemeadgarage.com
Benish Crane Services Inc,
Bergen Pneumatic Inc,
Bergey's Truck Centers,bergeystruckcenters.com
Big Iron LLC,
Billy Perryman's Sheds & Farm Equipment,perrymanshedsllc.com
Binson Pawnbrokers,binsonpawnbrokers.com
Bobcat of North Jersey Inc,njbobcat.com
Bobcat of Vineland,bobcatofvineland.com
Boland Equipment Rentals,berequipment.com
Boulevard Carroll Entertainment Group,boulevardcarroll.com
Brandt Crane Company,brandtcrane.com
Braz Lift Co,
Bruce R. Koerner Cranes & Equipment,koernercranes.com
Bucket Supply & Equipment Parts,bucketsupply.com
C.A. Power Equipment,capowerequipment.com
"C&C Lift Truck, Inc.",cnclifttruck.com
C & G Surplus Inc.,cgsurplus.com
C&S Equipment Co.,candsequipment.com
Cambria Automotive Co,cambrias.com
Camden Portable Toilet Rentals,
Campbell Supply Company,campbellsupply.com
Central Forklift Inc,centralforkliftnj.com
Central Jersey Equipment,centraljerseyequipment.com
Central Supply Inc.,centralsupply.us
CFM Event Rentals,cfmevents.com
Chang Construction Equipment Rentals,
Chase Fire Extinguisher Service,chasefire.com
Cherry Valley Tractor Sales,cherryvalleytractor.com
Cinelease Lighting & Grip Jersey City NJ,cinelease.com
Ciocca Chevrolet of Atlantic City,cioccaatlanticcity.com
City Ladder Co,cityladderco.com
Clear Image Equipment,clearimageequipment.com
Clifton Portable Toilet Rentals,
Coast Cities Truck and Equipment Sales,coastcitiestruck.com
Command Construction & Equipment Rental LLC,
Complete Equipment Rentals,completeequipment.com
Complete Saw Service,completesaw.stihldealer.net
Construction & Industrial Equipment Corporation,constructionindustrial.com
"Construction & Marine Equipment Co., Inc.",cmeqco.com
Contractor Service,contractorservice.com
Coskey Electronic Systems,coskeys.com
Costco Wholesale,costco.com
Crane Service,
Cranez Inc,cranezincnj.com
Creston Hydraulics Inc,crestoninc.net
"Cummins Equipment Company, Inc.",cumminsequip.com
Cummins Sales and Service,cummins.com
CX Rental,cxrental.com
D&A rentals and services LLC,
"D&G EQUIPMENT CO.,INC",dgequipmentinc.com
Dabal & Sons Scrap Metal,dabalsscrap.com
Dave's Equipment Sales,davestractors.com
Deal Construction & Masonry,dealconstructionnj.com
Dean Frey Equipment Sales LLC,dlfequip.com
Deerfield Trucks Inc,deerfieldtrucks.com
Dependable Plumbing & Heating Inc.,
Dig-It Rentals,digit.rentals
DMC Plumbing and Heating,dmcplumbingandheating.com
Dobbs Crane Rentals,dobbscrane.com
Don Jose Party Rental,
"Donald J. Parks, Inc. General Contracting & Crane Service",donaldjparks.com
Down-Neck Equipment Rentals,dnirentals.com
Dunlop Mastclimbers,dunlopmastclimbers.com
Dunn Construction Equipment Rentals,
Durable Undercarriage Inc,durableundercarriage.com
Eagle Hydraulics,eaglehydraulicsnj.com
Eagle Lift Truck Inc,eaglelifttruck.com
East Coast Used Truck Sales,usedtruck.sale
East Orange Porta Potty Rentals,
EASTERN EQUIPMENT SERVICES LLC,easternequipmentservices.com
Eastlake Rent All,eastlakerentall.com
Ed's Rental and Tools Inc.,edsrentalandtools.com
EEAB TIRES LLC,eeab-tires.mysimple.shop
EFR Corporation,theforkliftpeople.com
Elizabeth Truck Center,elizabethtruckcenter.com
Empire Landscape Supplies,empiresupplies.net
Empire Tool Rental,empiretoolrental.com
Equipment Brokers Inc,eqbrokers.com
Equipment Repair Center Corp.,eqrepaircenter.com
Equipment Resource Corporation,equipmentresourcecorp.com
"Ernest Trans School of Trucking | Atlantic City, NJ",ernesttrans.com
Essex & Crane by Vermella,essexandcrane.com
Event Solutions Corporation,eventsolutionscorp.com
Everitt Equipment LLC,
Everything Diesel,everything-diesel.com
Excellent Party Rentals NJ,excellentpartyrentalsnj.com
FallProof Systems LLC,fallproof.com
Family Medical Equipment,familymedicalequipment.net
Fast Forklift Services,forkliftsolutionparts.com
Federated Crane Co,federatedcrane.com
Five Stars Truck Sales LLC,fivestartrucksale.wixsite.com
Fleet Service Inc,fleetservicenj.com
Foley Cat - Piscataway,foleyinc.com
Forbes Transport,forbestowing.com
Fords Outdoor Power Equipment,fordsope.com
Forklift Headquarters LLC,forklifthqs.com
Forman Mills,formanmills.com
Fox Equipment Co,foxequipment.net
Fox's Ladder & Scaffold Co,foxscaffolding.com
Frank Enterprise LLC,frankenterprisellc.com
Frank Rymon & Sons Inc,rymons.com
Frank & Sons Forklift Services Inc,
Freeland Hoist & Crane,freelandhoist.com
Friendly Rental Center,friendlyrentalcenter.com
Funster Entertainment and Party Rentals,funsterentertainment.com
Fusco's Rental World/ Hunterdon Equipment Rental,fuscorentalworld.com
G&E Equipment Corporation,ge-equipment.com
G & E Trailer Sales,getrailersales.com
G & H Material Handling LLC,ghmaterialhandling.net
Gamka Sales Co. Inc.,gamka.com
"Gams Power Tools & Supplies, Inc.",gamspowertool.stihldealer.net
Garden State Engine & Equipment,gseecrane.com
Garden State Equipment Rentals,gsequiprentals.com
Garden State Power Equipment,gardenstpower.com
"Garton's Rigging, Inc.",gartonsrigging.com
"George's Truck, Trailer & Tire Repair",gttrnj.com
Giant Battery Co,giantbatteryco.com
Globo Equipment Solutions,globoequipment.com
Go Pro Waste Services,goprowaste.com
Golden Eagle Crane Service LLC,goldeneaglecraneservice.com
Gracemercy Party Rentals,gracemercypartyrentals.com
Great Eastern Inc.,greateasterninc.com
Guitar Bar,guitarbar.com
Hackensack Portable Toilet Rentals,
Handicap Mobility Scooter repair and scooter rental,simpleacccess.com
Hard Rock Hotel & Casino Mobility On Wheels,mobilityonwheels.com
Harris-Camden Terminal Co,harristerminal.com
HATT AUTO SALES,hattautosale.com
"HC3 Party Rentals,LLC",
Heavy Duty Truck Repair,heavydutytruckandtirerepair.com
Hercules Industrial Equipment,herculesforklifts.com
Highlander Equipment,highlanderequipment.com
Hights Farm Equipment Co,countylinepowerequipment.com
Hoffman Equipment,hoffmanequip.com
Holt Machinery Company,holtmachinery.net
Hook Equipment Sales,hooknj.com
Hudson County Motors,hudsoncountymotors.com
"Hydro Electric Lift, Inc.",
"Icon Equipment Distributors, Inc.",iconjds.com
Ideal Equipment & Supply Co.,
"Industrial Hardware & Specialties, Inc. since 1982",industrialhardware.com
Industrial Machine & Engineering Company,
Infla Bounce House & Party Rentals,99infla.com
Inter City Tire TRUCK CENTER,intercitytire.com
International Construction,
Ironbound Rentals,
IU EQUIPMENT INC,iueqpt.com
J & F Equipment LLC,jandfequipment.com
J. Haugh Cranes Inc,jhaughcranes.com
J&M Pawn Shop (Casa De Empeńo),orgulloso22.wixsite.com
J Sons Equipment Inc,
"J. Supor & Son Trucking, Rigging, Cranes",jsupor.com
"J.W.Scott Chimney Service Station's Co., Inc",scott-vent-flow.base44.app
JA LIFT SERVICE LLC,
Jackson Construction Equipment Rentals,
JC Forklift,
JD TRUCK REPAIR,
"JDB Equipment Company, Inc.",jdbequipment.com
Jenson & Mitchell,jensonandmitchell.com
"Jenson & Mitchell | Heavy Duty Truck Parts | Suspension & Air Springs | Truck Parts Supplier in Paterson, new jersey",jensonmitchellparts.com
Jersey City Porta Potty Rentals,
Jersey Jump Rentals,jerseyjump.com
Jersey Power Equipment Inc,
Jersey Rents & Equipment Sales,jerseyrents.com
"Jersey Seed, Inc.",jerseyseed.com
JESCO Equipment,jesco.us
Jilco Equipment Rental,jilco.com
JK Crane,jkcrane.com
Juarez Skidsteer Rental,
Justins Rentals,justinsrentals.com
"Kamco Supply of NJ, LLC",kamconj.com
Kearny Truck Center,kearnytruckcenter.com
"Keehn Power Products, Inc.",keehnpower.com
Kennys Tractors / Keystone LSV Co.,kennystractors.com
Kens Forklift,kensforkliftservice.com
Kodus Truck Sales,semitrucks4sale.com
Kollmer Equipment Co,kollmerpower.com
Komatsu South Plainfield,komatsustores.com
KTS Machine Shop,
L&F Crane Service,
LaTorre Hardware,latorre-hardware.com
LEGEND MOTO LLC,rjutvsales.com
"Leslie G. Fogg, Inc.",lesliegfogg.com
Let’s Jump NJ,letsjumpnj.com
Liftx Equipment Rentals,liftxrentals.com
LNI Equipment LLC,lniequipment.com
Los Primos Party Rental LLC,thebaseballbro6.wordpress.com
Lowe's ProServices,
"Lulu's Events, Party Supplies and Rental, Communion Dresses",
Machinery Values of N.J. Inc.,machineryvalues.com
Macintosh Crane llc,macintoshcrane.com
Magic Price Party Rental,magicpriceparty.com
Magister Hydraulics,magisterhyd.com
Maintainco Inc,maintainco.com
Manheim NY Metro Skyline,site.manheim.com
MAP Restaurant Supplies,maprestsupply.com
Marcacci Equipment Co,
"Mario Supply Company, Inc.",mariosupply.com
Marlton Rental,
Martec International,martecintl.com
Material Solutions,materialsolutions.com
MCA ROOFING CONTRACTORS LLC,mcacontractorllc.com
McManus Rentals,mcmanusrentals.com
MHS Lift (Material Handling Supply),mhslift.com
Mike Beeler Equipment Services,mikebeelerequipment.com
Mike Zyndorf Construction Equipment Rentals,mzequipment.com
Miller Equipment Services,millerequipmentservices.com
Mitsubishi Fork Lift Trucks,
Mobile Equipment Services,mobileforklift.com
Mobility123,mobility123.com
Modern Fence,modernfenceco.com
MPT Rentals,
MRI Services,
Mullin Machinery & Repair Services,mullinmachinery.com
Multi Machine Inc,multimachineinc.com
NAR Auto Sales Equipment & Motorcycle Corp,narautosales.com
National Crane Co,
National Machinery Exchange,nationalmachineryexchange.com
New Brunswick Portable Toilet Rentals,
New York Boom Service Corp | Crane & Rigging | Crane Rental NJ | Crane Rental NY,uskrane.com
Newark Equipment Sales,newarkequipment.com
Newark Truck Center,newarktruckcenter.com
NJ Outdoor Amusements LLC,njoutdooramusements.com
NJ Restaurant Equipment Corporation,njresupply.net
NJC Party Rental,njcpartyrental.com
Nobel Equipment & Supply Co,nobelequipment.net
North Brunswick Construction Materials,nbcmaterials.com
North Jersey Fork Lift Inc,northjerseyforklift.com
North Jersey Truck Center,freightlinertrucks.com
North Jersey Truck Center,njtruck.com
Northeast Equipment Rentals,
Northeastern Arborist Supply,northeasternarborist.com
Odomite Rentals,odomiterentals.com
On-Site Diesel Repair,njmobilemechanic.com
P&L Equipment Services,
Pabst Enterprises Equipment Company,pabstenterprises.com
"Pacheco Truck Road Service, LLC",pachecotruckroadservice.net
Party Factor,partyfactor-rentals.com
Party Rental Equipment LLC.,partyrentaleqpt.org
Passaic Portable Toilet Rentals,
Paterson Portable Toilet Rentals,
Paul Construction Equipment Rentals,
"Peach Country Tractor, Inc",peachcountrytractor.com
Peak Equipment,peakequipment.com
Peter A Drobach Co,drobach.com
Pioneer Parts LLP,hdpioneer.com
Pittsgrove Power Equipment,
Polasky Boom Lift Rental,
Porta Potty Rentals Paterson,
Porta Potty Rentals Perth Amboy,
Power Fast Construction Supply Inc,powerfast.co
Power Place,powerplaceinc.com
Power Plus,generatorrentalnortheast.com
"Powerco Inc - Clinton, NJ",powercoinc.com
Prestige equipment & lift service LLC .,
Prestige Forklift,
Pro Lift Equipment Services Inc,njautoandtruck.com
Pro Scaffolding Inc.,
Progress Machine Co,progressmachinecorp.com
"Quality Truck Center HINO, Dennis Eagle, Trailstar, SEA Electric, Mitsubishi FUSO",qualitytruckcenter.com
R&N Equipment Rental LLC,
Ransome Attachments,ransomeattach.com
Ransome Equipment Sales,ransome-equip.com
Rapid Pump & Meter Service Co.,rapidservice.com
Ray's Truck Sales,raystrucksales.net
Raymond Of New Jersey,raymond-nj.com
Redstone Porta Rentals,
Reliable Industries,reliableco.net
"Rent a Hoe, Inc.",rentahoeinc.com
Rental Services,
RENTALIFT,rentalift.com
Rentals Unlimited,rentalsunlimited23.com
Resnick's Tool & Party Rental,resnicksrentals.com
Reventals Hamilton Party Rentals,reventals.com
Rey's Party & Event Rentals,reyseventrental.com
RFI Small Engine Service,rfismallengineservice.com
Richfield Farms & Garden Center,richfieldfarms.com
Rippa Northeast,rippausanortheast.com
Rivera Aerial Equipment Rental,
Riverdale Tool Company Inc.,riverdaletool.com
RJ's Power Equipment,rjspowerequipment.wixsite.com
Robert's & Son,robertsandson.com
Roberts Tool & Supply Co,robertstool.com
Ross Equipment Inc.,store.rossairworks.com
Roto-Rooter Plumbing & Water Cleanup,rotorooter.com
RPI Construction Equipment,rpiequipment.com
Rudolf Bass,rudolfbassinc.net
Rugged Lifting Crane Rentals,ruggedlifting.com
Rutherford Crane Services,
Ryder Truck Rental,ryder.com
Saddle Brook Lift Truck LLC,saddlebrooklift.com
"SaMASZ North America, LLC",samasznorthamerica.com
SANY of Pennsauken,sanyofpennsauken.com
Schaper Bros Inc.,
SEMCORE Sales and Rentals,semcore2.com
"Service Tire Truck Center | Commercial Tires at Linden, NJ",sttc.com
SG Heating & Air Conditioning LLC,sghac.com
Shinn Cranes LLC,shinncranes.com
Shore Fasteners & Supply Inc,shorefasteners.com
Sims Since 1919,pumpimpellers.com
SISA CRANE SERVICES LLC,
Sky-Hy Erectors & Equipment,
Smith & Solomon Commercial Driver Training,smithsolomon.com
"Smith Tractor & Equipment, Inc.",smithtractorandequipment.com
Smoker Guru,smokerguru.com
Somerset Equipment Rental,somersetequipmentrental.com
Something Different Party Rental,somethingdifferentparty.com
South Jersey Equipment Rentals LLC,southjerseyequipmentrentalsllc.tapgoods.com
South Jersey Tractor,southjerseymahindra.com
South Jersey Truck Sales Inc.,southjerseytrucks.com
Speedway Commercial Motors,trucksnvans.com
Stairlifts Pro (Installation and Repair),stairliftsproinc.com
Steedle Crane,steedlecrane.com
Sterling Party Rental,sterlingpartyrentals.com
Stevens Construction Equipment Rental,
Storage Equipment Corp.,storageequipcorp.com
Storr Tractor Company,storrtractor.com
Suburban Forklift Inc,suburbanforklift.com
SUNSET BUSINESS GROUP,
Super Tool Automotive Inc,supertoolauto.com
Superior Bounce & Party Rental,
Superior Crane Rental,superiorcranerental.com
Supply Plus Inc.,
"Swan Crane Service, LLC",swancraneservicellc.com
T2G Rentals / Trailers To Go,t2grents.com
Taylor Rental,taylorrent.com
Technology Towing,technologytowing.com
Tes Inc.,tes-inc.net
The Aspire,theaspire.com
The Toolbox,toolboxnj.com
Thomas Forklift Service Inc,
TIGRAN TRUCKING INC,
Time For Fun & More Inc,timeforfunandmore.com
Tool Rental,
Total Equipment Team,
Total Hardware & Garden Benjamin Moore Dealer,sayrevillehardware.com
"Tractor Joe's Service & Repair, LLC",tractor-joes.com
Trade Amusement LLC,tradeamusement.com
Trans American Truck Parts,transamericantruckparts.com
"TrenchTech, Inc. - NJ / NY",shoringsolutions.com
Tri-Lift NJ Inc.,tri-liftnj.com
Tri-State Kubota Sales & Service,tristatekubota.com
Triboro Contractors Supply Corp.,triborocorp.com
TruckTractorTrailer.com,trucktractortrailer.com
Union City Portable Toilet Rentals,
Union City Rent Control,
United Handling Equipment LLC,unitedhandling.com
US Tire Shop & Mechanics,
US Trucks and Parts,ustrucksandparts.com
Used Equipment Network,usedequip.com
Van Dine Motor's Inc,vandinessnowplows.com
"Vega Industrial Supply Corp, Inc.",vegaindustrialsupply.com
Vergona Crane Co Inc,vergonacrane.com
VHR Rental & True Value Hardware,vhrrental.com
Vikos Party Rentals,vikospartyrentals.com
"Vitale Motors, Truck Dealership",vitalemotorsnj.com
Vitan Equipment,vitanequipment.com
von Rohr Equipment Corporation,vonrohrequipment.com
W. Kodak Jewelers,wkodakjewelers.com
"Weaver's Equipment Sales & Service, LLC",weaversequip.com
West Chester Machinery & Supply,westchestermachinery.com
White & Shauger Inc,whiteandshauger.com
Wiegers Inc. lift gate fix,wiegersinc.com
WillScot,willscot.com
Winslow Rental and Supply,winslowrental.com
Woods Machinery I Garden State Bobcat,woodsmachinery.com
Work 'N Gear,workngear.com
World Tire Wholesale,worldtirewholesale.com
Xcell Motors LLC,xcellmotors.com
Xylem Edison - Pump Rental & Sales,xylem.com
Yannuzzi Materials Corp.,yannuzzimaterials.com
Young's Rigging,youngsrigging.com
4 Corners Equipment,4cornersequipment.com
4G Crane Inc.,
A-1 Mower,
A-1 Small Engine Repair,
A-Med Supply,rotech.com
A & R Medical Supply,armedical.com
Acosta Equipment Inc.,
AG Equipment LLC,agequipmentllc.com
Ag Services Construction Inc.,agservicesnm.com
Albuquerque Forklift & Equipment,abqforklift.com
Alien City Towing,aliencitytowing.com
Allison's Home Supply House,allisonshomesupply.com
Alpine Sports,alpinesportsonline.com
Always Construction Services Inc,alwaysconstructionservices.com
American Equipment Manufacturing,americanequipmentmanufacturing.com
Amigo Machinery,
ANM Crane Services,
Any Event Rental,anyeventrentalnm.com
Automax Truck and Car Center,4automax.com
Aztec Rent Me LLC,aztecrentmellc.squarespace.com
Ballew Inc.,ballewinc.com
Bell Crane Services,
Best Used Equipment,bestusedequipment.com
Big R Stores - Roswell,bigronline.com
Big Red Tool Inc,bigredtoolinc.com
Bluebird Mountain Sports,bluebird.online
Bounce About Rentals,
Budagher Crane,budaghercompany.com
Burns Do It Center,burnshardware.com
C & H Equipment,candhequipment.com
Calder Services Inc.,calderservices.com
Capital Scrap Metals Inc,capitalscrapmetals.com
Cave Enterprises,caveenterprisesnm.com
Clark Truck Equipment Company Inc.,cte-nm.com
Clearbrook Portables,
Clovis City Portables Rentals,
Clovis Equipment & Supply Co.,clovisequipment.com
"Clovis Lawn and Power Equipment, LLC",clpequip.com
Clovis Machine & Manufacturing Inc.,
Clovis Party Rentals,partypeople575.com
Construction Rental and Supply,crsrent.com
"Construction Truck Equipment,LLC",cte-abq.com
Craigentaggert Supply Inc,craigentaggert.com
Cranes & Material Handling Inc.,cranesmaterial.com
Davis Rental & Supply,davis-rental-supply.com
Dealers Electrical Supply,dealerselectrical.com
Deanes Boom Lift Rental,
Desert Greens Equipment,desertgreensequipment.com
Dewees Tool & Supply Co,constructionequipment.com
E-Z Rentals & Sales,e-zrentals.net
Eastern Equipment & Supply Clovis,easternequipmentandsupply.com
Edgewood Equipment Company,
Farmington City Portables Rentals,
FARMINGTON FREIGHTLINER,
Flatland Rentals- Dawne Armstrong,buysellrentclovis.com
Forklift Enterprises,forkliftenterprises.com
Frank's Supply Company Inc,franks-supply.com
Frazier Backhoe LLC,
Gebo's,gebos.com
Gino's Enterprise LLC,
"Greene Crane & Rigging, LLC",greencraneandrigging.com
Hamilton Auto Group,hamiltonauto.com
High Tech Rental Tools,hightechrentaltools.com
Highboy Trailer Rentals LLC,highboy-rentals.square.site
"HME Specialists, LLC",hmespecialists.com
Hotsy Equipment Company,hotsynm.com
Hughes Brothers Equipment LLC,hughesbrothersequipmentnmtx.com
J&F Equipment Sales LLC,
Jobsite Machine Control Inc,jobsitemc.com
JPR Construction Supply,jprsuppliesnm.com
JQ Air & Electric LLC,jqairelectric.com
Lamoreux Crane Services,lamoreuxcrane.com
Largo Tank & Equipment Inc.,largotank.com
Las Cruces Concrete Construction,lccnm.com
Las Cruces Crane Services,
LDL Excavating Inc,
Lifted Solutions,liftedsolutionsnm.com
LOS GARCIA RENTALS LLC,
Louie's Service Center,
LR Sales,lrsales.net
M Cross C Equipment LLC,mcrossc-equipment.com
"Machine Services, LLC",machine-services.com
Marquez Industrial Rental,
Mesa Tractor Inc,mesatractor.com
Mining Equipment Inc,miningequipmentltd.com
Mobile Equipment Mechanic,
Mobile Forklift and Truck Service,
Modern Iron Works,miwusa.com
Mountain Operations,mountainoperationsllc.com
Mountainview Tractor & Equipment,
Navajo Tractor & Trailer Sales,navajotractorsales.com
Nesselrodt Heating & Air Conditioning,nesselrodt.com
New Mexico Machinery llc,
New Mexico Power Equipment,newmexicopower.com
NM Equipment Rental,nmequipmentrental.com
Noel's Inc,noelsinc.com
Onate Equipment CO,
Ortiz Rent & Sales,
Overhead Door Company of Santa Fe,overheaddoorsantafe.com
"Paradise Crane Consultants, LLC",paradisecrane.com
Party Shack Party rentals and supplies,lascrucespartyshack.com
Pecos Valley Equipment,pecosvalleyequipment.com
"Pecos Valley Machine Company, Inc",hondoresources.com
Pico Propane and Fuels,picopropane.com
Pojoaque Valley Equipment,pvetrailers.com
Power Motive Corporation,powermotivecorp.com
Precision Machine & Repair,
Preferred Medical Inc,preferredmedical.org
Quag's Equipment,quagsauto.shop
R & D Service Center Inc,randdservicecenter.com
R'N'T Crane Service,
R&S Industries Inc,rsindinc.com
RAWORKS Rentals & Bike Repair shop,raworkshc.com
Reliable Towing & Recovery,santafetow.net
Rhoads Co Plumbing & HVAC,rhoadsco.com
Richardson's Excavating LLC,
Rig Equipment & Supply Co,
Rio Grande Excavation & Backhoe Services,
Rio Rancho Hardware,shop.rioranchohardware.com
Rio Rancho Party Rentals,rioranchopartyrentals.com
Rio Rancho Portable Toilet Rentals,
Rio Rancho Tractor Service,rioranchotractorservice.com
RKJ Equipment,rkjequip.com
Roadrunner Crane & Rigging,
Roadrunner Tractors & Equipment - Las Cruces,roadrunnertractors.com
Roberts Truck Center,robertstruck.com
Rocky Mountain Crane & Rigging Academy,craneandriggingacademy.com
Roswell Livestock & Farm Supply,roswelllivestock.com
"RS Industrial Engines-Cummins, Yanmar, Komatsu Engines",rebuiltcumminsenginesales.com
Safety LLC,safetynm.com
San Juan College Outdoor Equipment Rental Center,sanjuancollege.edu
San Juan Crane LLC,
Sandia Party Rentals NM,sandiapartyrentalsllc.rentalsetup.com
Santa Fe By Design,santafebydesign.com
"Santa Fe Ductless, LLC",santafeductlessllc.com
Santa Fe Excavating LLC,santafeexcavating.com
Santa Fe Party Rentals,santafepartyrentals.com
Sharp Equipment Rental Silver City New Mexico,sharpequipmentrental.com
Sisbarro Truck Store,sisbarrotruckstore.com
Ski Santa Fe,skisantafe.com
Sonsray Machinery Ag,sonsraymachinery.com
South Plains Implement,
Southwest Bearing Co,southwestbearing.com
Southwest Construction Parts,swcparts.com
Southwest Equipment Rental,
Southwest JCB,swjcb.com
Southwest Machinery-Equipment,southwestmachinery.com
Sparkman Enterprise,sparkmansheds.com
Stovall Rentals,
Summit Party Rentals New Mexico,cpartyrentals.com
Sunset Heavy Equipment and Truck Sales LLC,sunsetautocenterlascruces.com
Target Rental of Farmington,targetrental.com
Tarpley Music,tarpleymusic.com
Taylor Scale & Construction Co,
The Backhoe Lady Ltd Co,backhoelady.com
The Broken Spoke,brokenspokesantafe.com
"The Power Center, Inc.",thepowercenter.com
TL George Crane Service and Equipment Rental,tlgeorgrequipmentrental.com
Toolpushers Supply Company,
Totah Rental & Equipment Co,totahrental.com
Train IT New Mexico | CDL Training & OSHA Training,trainitnm.com
Triple T Excavating LLC,tttexcavating.com
UniFirst Uniform Services - Clovis,unifirst.com
Uptown Equipment Rentals,uptownalamo.com
Used Equipment Sales LLC,usedeqsales.com
Valley Equipment Sales & Services,
Valley Tractor,valleytractornm.com
Wagner Equipment Co.,wagnerequipment.com
Ward Bros. Tractor Inc.,wardbrostractor.com
Ward Motor Machine & Irrigation,
"Watson Tractor & Implement Co., Inc.",watsontractor.net
West Mesa Forestry & Garden LLC,
Wheelchair & Walker Rentals,wheelchairandwalker.com
Whitaker Truck & Equipment,
Wilco Crane & Rigging,wilcocraneandrigging.com
Wilhite Crane Service,boxcrane.net
"Wilhite, Inc.",
Wood Equipment Co,woodequipmentinc.com
WSI ENTERPRISES INC.,wsienterprises.com
Z-4 Enterprises,z4enterprises.com
Zia Equipment Rentals,ziaequipmentrentals.com
Zia Powersports Clovis,ziapowersports.com
395 Motorsports,395motorsports.com
All Star Rents,reno.allstarrents.com
Allen Farm Equipment,allenfarmequipment.com
American Crane Services Inc.,americancranesvc.com
"ANA, Inc.",anacorp.com
Andrews Tracking,
APCO Equipment,apcoequipment.com
"Associated Crane, LLC",associatedcrane.com
Atlas Crane Inc,atlascraneinc.com
Best Source,bestsourcemh.com
BluePeak Rental Services,
Bonnett's Crane Services,
Brand X Inc.,brandxsales.com
C-A-L Ranch Stores,calranch.com
Caddis Equipment Rental,caddisequipmentrental.com
Carey Construction Equipment Rentals,
Carson City Portable Toilet Rentals,
Carter Agri-Systems,carterag.com
Coan Equipment of Nevada Inc,coanrents.com
"Connolly Crane Service, Inc.",connollycraneservices.com
Country Equipment,countryeq.com
Courson Equipment Co Inc,coursonequipmentcompany.com
D1-Trailers | Sales and Rentals,d1-trailers.com
Dielco Crane Service,dielcocrane.com
Discount Forklift Vegas,discountforkliftvegas.com
Dragon Equipment Rentals,dragonequipmentrentals.com
EquipMe Rentals,equipme.rentals
Featherlite of Reno,featherliteofreno.com
Forklift Tire Company,forklifttire.com
Freedom Crane Service Corporation,freedomcraneservice.com
Frontier Crane Services,
Golden Bar & Restaurant Equipment,goldencommercialkitchens.com
Green Valley Turf Equipment,greenvalleyturfeq.com
Heavy Metal Equipment & Rentals,heavyequipmentrentals.com
Henderson Portable Toilet Rentals,
Houston's Crane Service,houstonscrane.com
Hydraulic Industrial Services Inc,hydraulicindustrial.com
Industrial Equipment Repair,iernevada.com
"Industrial Handling Equipment, Inc.",ihenv.com
Industrial Logistics Services,machinerymovingnv.com
Jake's Crane Rigging & Transportation,
Kimball Equipment Company,
Krone North America,krone-northamerica.com
Las Vegas Crane Service Inc.,lasvegascraneserviceinc.com
Las Vegas Forklifts,lasvegasnvforklifts.com
Lewis Crane & Hoist,
MAK Equipment Las Vegas,maklv.com
Marvins crane,marvinscrane.com
Mason Valley Equipment,masonvalleyequipment.com
MB America,mbcrusher.com
Mi Fiesta Y Mas,
Morlock Crane Services Inc,hotcityhomes.com
Murry Ranch Hay & Feed,store106431144.company.site
"NCW Tractor Parts, LLC",
Neff Equipment,
Nevada Power Products,nevadapowerproducts.com
Nevada Tractor & Equipment Sale,
NobleField Services,noblefieldservices.site
Northern Nevada Equipment,northernnevadaequipment.com
Ott’s Farm Equipment and Fallon Welding,ottsfarmequipment.com
Outdoor Power,opreno.com
Paragon Pro Rentals,
Perfect Pair Table & Chair Party Rentals,perfectpairrentals.com
Performance Excavating LLC,performanceexcavatingllc.com
Peterbilt Truck Parts & Equipment,peterbilttpe.com
Porta Potty Rentals Carson,
Precision Crane & Hoist Services,precisioncranehoist.com
PRESTON RENTALS,prestonrentals.com
Pride Equipment,equipmentwithpride.com
Pristine Porta John Rental Henderson,pristineportajohnrental.com
QMC Cranes,qmccranes.com
R&S Equipment Rental,rsequipmentrentals.com
Ranchers Feed & Supply Company,
Ranchie's Rigs,ranchiesrigs.com
Rebel Industrial Lifts,
Rec World Outdoor Power Equipment,recworldlv.com
Reno Forklift,renoforklift.com
Rent 2 Go,rent2gonv.com
Riggers & Erectors Inc,riggerserectors.com
Roberts Aerial Lift Rental,
Royal Equipment Inc.,royaleqp.com
Rush Truck Centers - Las Vegas,rushtruckcenters.com
S&W Tractor,sandwtractor.com
Shafer Equipment Co Inc,shaferequipmentco.com
Sierra Industrial llc,sierraindustrial.net
Silver Peak Equipment Rental LLC,silverpeakequipment.wpcomstaging.com
Silver State Bounce LLC,silverstatebounce.com
Silver State Forklift,silverstateforklift.com
Silver State Small Engine,silverstatesmallengine.com
SmartSan Porta Potty Rentals,
Smith Valley Garage,smithvalleygarage.com
Superior Lifts & Equipment,superiorle.com
Sutter Equipment Co Inc,sutterequipment.com
T & L Equipment,tandlequipment.net
Tahoe Luxury,tahoeluxury.net
Thompson Machinery Sales Inc,thompsonmachinerysales.com
Thorsteinson Equipment,thoreq.com
Total Storage Solutions,totalstoragesolutions.net
Trus Equipment Rentals,trusequipmentrentals.com
US AGRO PARTS,usagroparts.com
Valley Truck & Equipment,702trucks.com
Vegas Equipment LLC,vegasequipment.com
"Warehouse Equipment Solutions, Inc.",whsesolutions.com
Warrior Equipment,warriorequipment.com
Western Nevada Supply Company,goblueteam.com
Western Tool & Supply,westtool.com
"Wharton Concrete Forming Supply Of Nevada, LLC",whartonhardware.com
Wheaton Tractors & Equipment,
Wolf Equipment Service,wesnv.com
Xtreme Manufacturing,xmfg.com
Zimmco Equipment Inc,zimmcoequipment.com
24/7 Cranes & Rigging Inc.,247cranes.com
24/7 Lifting Inc.,knuckleboomnyc.com
A-1 Hydro - SafeWash Technologies,safewashtech.com
"A & A Trucks, Loaders & Equipment",aatrucksny.com
A Dilemme Contracting,adilemme.com
A&J Cianciulli,
A & J Cranes Inc,anjcranes.com
A J Tractor Parts,ajtractorparts.com
A J Vel Ltd,
A-Verdi Storage Containers Utica,averdi.com
A2Z Rentals (Scranton's Thruway Builders Supply),scrantonsthruwaybuilders.com
AAA Emergency Supply Co Inc,aaaemergency.com
AAA Equipment Rentals,aaaequipmentrentals.com
Abbey Rent-All,abbeyrent.com
Abbey Services Crane & Storage,abbeyservicecorp.com
ABC Hardware & Rental,abcwny.com
ABC Rental Sales & Service,abcwnyrental.com
ABC Supply Co. Inc.,abcsupply.com
"Abele Tractor & Equipment Co., Inc.",abeletractor.com
ABW TRADING LLC,
Ace Aerial Equip Rental,
Ace Deuce Casinos Long Island,acedeucecasinos.com
Adirondack Equipment LLC,adirondackequipment.com
Adirondack Lift Truck Service Inc.,adirondacklift.com
ADMAR Construction Equipment & Supplies,admarsupply.com
Adorama Rental Co. Pickup & Drop Off Location,adoramarentals.com
Advanced Construction Equipment Corporation.,
Advantage Rental Center,advantagerentalcenter.com
Advantage Toyota of Valley Stream,advantagetoyotany.com
Affordable Equipment Rental & Sales of CNY,rippacny.com
AIboy,
Al-Art Video,alartvideo.com
Al Smith Rigging,alsmithrigging.com
Albany Portable Toilet Rentals,
Alessi Equipment,alessiequipment.com
Alexander Equipment,alexander-equipment.com
All County Crane & Rigging LLC,landmcrane.com
All Forklift Service,allforkliftservice.com
All Island Equipment,allislandequipment.com
All-Lifts Inc.,
All Seasons Equipment Inc,allseasonsequipinc.com
All Tool Rental inc.,alltoolsrental.net
Allied Heavy Equipment Parts,alliedheavyequipment.com
Alpha Care Supply,alphacaresupply.com
Alpha Platforms,alphaplatforms.com
Alta Material Handling,materialhandling.altaequipment.com
"American Equipment, LLC",americanequipmentllc.com
American Tool Rental,americantoolrentals.com
Amidon Tractor Sales & Services,
Amoruso Equipment Rental Co. / Amortech Equipment Rental Inc.,amortechny.com
Anderson Equipment Company,andersonequip.com
Argento & Sons,argentoandsons.com
"Armor Electric Motor & Crane Services, Inc.",
Arnold Industrial Equipment Service Incorporated,arnoldindustrial.com
Asian Tractor Parts,asiantractorparts.us
Asset Rentals,assetrentalsinc.com
Atlantic Nursery & Garden Shop,atlanticnursery.com
Atlas Mobile Heavy Equipment Repair & Land Works,atlasmobilerepair.com
Automatic Irrigation Design,lawnsprinklers.com
Barroca tool & equipment rentals,barrocarentals.com
Baschmann Services Inc,baschmann.com
Beaton Industrial Inc.,beatonindustrial.com
Bechard's Farm Equipment,bechardfarmequipment.com
Beck Equipment Inc,beckequipment.com
"Bethlehem Crane, LLC",3d-rigging.com
"Bick & Heintz, Inc.",bickandheintz.com
Big Sasco Tool & Equipment Rental,bigsascorental.com
Binghamton Agway,binghamtonagway.com
Binner-Peters Equipment Corporation,binnerpeters.com
Bison Scaffold & Mason's Supply Inc.,bisonscaffold.com
"Bison Turf Equipment, Inc.",bisonturf.com
Black Rock Truck Group Yonkers,blackrocktruck.com
Blackline Equipment Rental & Sales,blacklinerentals.com
Blakley Equipment,blakleyequipment.com
Block & Barker Property Management & Short Term Rentals,blockandbarker.com
BMH - Buffalo Materials Handling,buffalomaterialshandling.com
BNW Rigging,bnwrigging.com
Bobcat Gloversville-Johnstown,puthavenfarms.com
Bobcat of Binghamton,bobcatofbinghamton.com
"Bobcat of Buffalo, a Division of Upstate Equipment",bobcatofbuffalo.com
Bobcat of Mamaroneck Construction Equipment,bobcatofwestchester.com
Bobcat of New York,bobcatzone.com
Bobcat of Saratoga / Finke Equipment,bobcatofsaratoga.com
Bobcat of Schenectady,bobcatofschenectady.com
"Bobcat of Syracuse, a Division of Upstate Equipment",upstateequipment.com
Bobsco International Corp.,bobscoholding.com
Boston Rd. Equipment Rentals,
Bounce 4 Entertainment,bounce4entertainment.com
Breaking Solutions Inc,breakusa.com
Brede Tool & Supply,bredesupply.com
Brighton Mower Service,brightonmower.com
Broadway Rental (Formally: Taylor Rental),broadway-rental.com
Brodner Equipment Inc,brodner.com
Bronson Equipment,bronsonequip.com
Bronx River Equipment,bronxrivereqp.com
Buffalo Bucket Truck LLC,
Buffalo Forklift LLC,
"Buffalo Lift Trucks, Inc.",buffalolifttrucks.com
Buffalo Tractor,buffalotractor.com
Burt Crane & Rigging,burtcrane.com
C&L Plumbing Supply and Kitchen & Bath Showroom,candlplumbingsupply.com
"C.N. Wood Co., Inc (formerly Komatsu Holmes)",cn-wood.com
Cap Rents supply LLC,caprents.com
Capital Industries,capitalwrecking.com
"Capital Tractor, Inc.",capitaltractorinc.com
Carrillo Tractor,carrillotractor.com
Carroll Equipment,carrollequipment.com
CARS Equipment Sales,carsequipmentsales.com
Castaways Yacht Club,castawaysyachtclub.com
Cavo's Builders' Supplies,cavobuilderssupplies.com
Central Tool Rental,centraltoolny.com
Chameleon Property Services LLC,chameleonpropertyservices.com
Chenango Supply Co. Inc.,chenangosupply.com
"Chief Equipment, Inc.",chiefequip.com
City Tool Rental,
Civil Supply Corp.,civilsupplyny.com
Clark Equipment Rental & Sales,clarkrents.com
Clark Rigging & Rental Corporation,
Clifton Equipment,cliftonequipment.com
Clinton Tractor and Implement Co.,clintontractor.net
CNB Crane Rental Inc,
CNY Dump Trailer Rentals,
CNY Farm Supply,cnyfarmsupply.com
Columbia Equipment Co,columbiaequipment.com
ConEquip Parts & Equipment LLC,conequip.com
Conklin Tool & Equipment Rental,
Construction Tool Warehouse,constructiontoolwarehouse.com
Continental Lift Truck,cltlifttrucks.com
Contractors Equipment Companies,contractorsequipmentco.com
Contractors Sales Co,contractorssales.com
Conway Volvo Truck & Bus,conwaybeam.com
Cook Brothers Truck Parts,cookbrothersco.com
Core & Main,coreandmain.com
Country True Value Hardware And Rental,countrytruevalue.com
Crane Rental NYC,
Cranes Express Inc.,cranesexpress.com
CSC of NY Inc,
Custom Crane Services,
"Cyncon Equipment, LLC",cyncon.com
D B Hydraulic Equipment,dbhydraulics.com
D C Crane Services Inc,dccraneserviceinc.com
"D.J.M. Equipment, Inc.",djmequipment.com
Darnley Equipment Rental & Sales LLC,darnleyequipmentrental.com
"Dass Machine Rental,LLC",
Day Hire Rentals,dayhirerentals.com
DJA Imports Ltd,djaimports.com
Dobmeier Lift Trucks Inc,
Dolan Tool Rentals Inc.,dolanrentals.com
Downtown Scaffolding,downtownscaffolding.com
Dragoons Farm Equipment,dragoonsfarmequipment.com
"DS Rose, Inc.",rosefleet.com
DuctCleaning NY,
Dump And Dumber,dumpanddumber.cyou
Dynamic Attachments,dynamicattachments.com
Earthworks Unlimited Inc.,euirentals.com
"ECR International, Inc",ecrinternational.com
Eden Tractor & Equipment Inc,edentractor.com
EHEparts,eheparts.com
Eklund Farm Machinery,eklundfarmmachinery.com
Empire City Crane & Rigging,
Empire Crane Company,empirecrane.com
Empire Emergency Apparatus Incorporated,empireemergency.com
Empire Forklift Inc,empireforklift.com
Empire Mobile Technicians - Forklift Repair - Equipment repair - Fleet Service - Hydraulic Hose Repair,empiremobiletechs.com
"Empire Rentals (Power Equipment, Heavy Equipment, Tools)",empirepowerrentals.wixsite.com
Empire Tractor Parts,empiretractorparts.com
Endeavor Entertainment Inflatable & Party Rentals,endeavorentertainment.com
Environment One Corporation,eone.com
Equip-Co Unlimited,equip-counlimited.com
Equipment Plus Rentals,
Equipment Rental,ramapotoolrental.com
Essco Truck & Equipment,esscoequipment.com
Evans Crane & Boom Truck Services,evanscrane.com
Evans Equipment Co Inc,evansequipmentny.com
ExceedPartyService,
Excel Crane Rental,
Fairfield Pro Production Services,fairfieldpro.com
Falls Farm & Garden Equipment Co.,fallsfarm.com
Ferguson,ferguson.com
Ferone Equipment Rental,feroneequipmentrental.com
FIVE BORO TOOL RENTAL & EQUIPMENT,fiveborotoolrental.com
Five Star Lumber,
Folino Auto & Equipment,folino-equipment.com
Forklift Headquarters,
Forklift Pro,forkliftpro.net
Fosterdale Equipment Corporation,fosterdaleequipment.com
Four M Equipment Sales,fourmequipmentsales.com
Francisco Equipment,franciscoequipment.com
Freeport Marine Supply,freeportmarine.com
Freeport Portable Toilet Rentals,
Freeport Self Storage,freeportstorage.com
Fulton Used Cars inc and Fulton towing,fultontowingservices.com
Fun Jump,funjump.biz
G & C Crane Service,cranesgc.com
G.C. Reliable Service,gcreliable.com
G.T. Rentals,gtrentals.com
"General Forklift Company, inc.",genfork.com
Genesis Machining,genesiscomponentscorp.com
Globalsoft Recycling Equipment,globalsoftequipment.com
Good Eye Equipment,goodeyeequipment.com
Good Times Party Rentals,partyrentalsrochester.com
Grand Rental Station,grandrentalwny.com
Grande Central Showroom,centralplumbingspec.com
GreatLakes Equipment,glequipss.com
"Ground Equipment, Inc.",groundequipmentinc.com
Gundelach Equipment,gundelachinc.com
H & C Truck Repair,handctruckrepair.com
H & M Equipment Co Inc.,hmequipment.com
"H.O. Penn Machinery Parts, Sales and Service - Bronx, NY",hopenn.com
Hatchet Hardware,hatchethardware.com
Haul Pro Forklifts & Material Handling,haulprohandtrucks.com
Heat Cool Dry of New York and New England,hcdne.com
Heavy Machinery and Tractor LLC,machineryandtractor.com
Helmar Incorporated,helmarparts.info
Hempstead Portable Toilet Rentals,
Higher Power Industries,hpirail.com
Hilo Pro Forklift Service Inc,hiloproforklift.com
Hobby Hill Farm Sales,hobbyhillfarmsales.net
hoiparts equipment LLC,hoiparts.com
Howe Truck & Trailer,howetruckandtrailer.com
Hudson Machinery,hudsonmachineryllc.com
Hudson Park North,livehudsonpark.com
Independent Equipment Corporation,iecrentalny.com
Insley McEntee Equipment,insleymcentee.com
International Tractor Co Inc,internationaltractor.com
Island Forklifts,islandforklifts.com
Island Jet Skis,islandjetskisny.com
ITP Agri Solutions,itpagrisolutions.com
J B's Small Engine Works,jbsmallengineworks.com
J Bass & Son,jbassandson.com
J C Smith Inc,jcsmithinc.com
Java Farm Supply Inc,javafarmsupply.com
JESCO Equipment,jescoditchwitch.us
Jim Reed's Commercial Truck Sales,jimreedtrucksales.com
Jimmy's Crane Svce,
JIT Toyota-Lift,jitny.com
John J Gall Crane Services Inc,johngallcraneservice.com
"John M Mullins Rigging & Hauling, Inc.",mullinsrigging.com
Johnny Portable Toilet Rentals,
JRM Equipment,jrmequip.com
KAG Construction Corp,kagconstructioncorp.com
Kat's Heavy Equipment Rental Inc,rentmymachine.com
Kelly Lift Equipment,kellylift.com
Kimbers Inc.,kimbersinc.com
King Gold And Pawn,kingpawnusa.com
KINSHOFER North America,kinshofer.com
Kitchenall Restaurant Equipment & Supply,kitchenall.com
Kovarik Hardware,kovarikhardware.com
Kraneko Cranes,kraneko.net
LAKE COUNTRY TRUCK & EQUIPMENT INC,lakecountrytruck.com
Lakeside Dumpster Rental,lakesidedumpsterrental.us
Lakeside Tractor Repair & Sales,lakesidetractor.net
Lamont Controls,
Lance Leasing Ltd.,lanceleasing.com
Landpro Equipment,landproequipment.com
Lee Shu American Corporation,leeshu.com
Liberty Forklift LLC,libertyforkliftny.com
Liffco Power Equipment,liffcopower.com
"LIFT Heavy Equipment Repair, Inc.",liftheavyequipmentrepair.com
Lift international equipment,
Liftech,
Lifting Solutions Corp,liftingsolutionsny.com
Limz Machinery Group,limzmachinery.com
Lloyd Machinery Ltd,lloydmachinery.com
M & D Superior Rentals,mdsuperiorrentals.com
M & H Tractor Co,mandhtractor.com
M S Equipment Sales Inc,msequipmentsales.com
Mabie Brothers Inc,mabiebros.com
Main & Pinckney Equipment Inc,mainandpinckney.com
Malibu Mowers,malibumowers.com
Malvese Equipment Company,malveseequipment.com
Manhattan Ladder Co Inc,
Marden Hardware,stores.truevalue.com
Market Lift Inc,
Masonry Depot,linktr.ee
Masonry Depot,masonrydepotny.com
Material Handling Products,mhpcorp.com
Max S. Wood Equipment,maxwoodequipment.com
"McQuade & Bannigan, Inc.",mqb.com
MDL Equipment Services,
Mechanick LLC,mechanickny.com
MechMaxx,mechmaxx.com
"Meridian Fence Supply, Inc",meridianfencing.com
Mid Country Machinery,mcmrents.com
Mid-Isle Equipment,midisleequip.com
Middleport Tractor,middleporttractor.com
Midland Machinery,midlandmachinery.com
Millennium Machinery,millenniummachinery.com
Milton Rents in Rochester,miltonrents.com
MiMi's Bounce Town,mimisbouncetown.com
Mobile Steam Boiler Rental Corp - New York,mobilesteam.com
Mohan Heavy Equipment Trading LLC,mohanheavyequipmenttrading.com
Monroe Tractor - Auburn,monroetractor.com
Monticello Equipment,monticelloequipment.com
Mulholland Enterprises LLC,mulhollandenterprises.com
Mullen Industrial Handling Corp,mullenindustrial.com
Munson Machinery,munsonmachinery.com
Must Be Nice Rentals LLC,
My Tool Rental - MTR,
"Nassau Industrial Supply, Inc.",nassauindustrialsupply.com
NATIONAL SUPPLIES CORP.,nationalsuppliescorp.com
Nationwide Lifts of Syracuse,nwliftscny.com
Nel's Tractor,nelstractor.com
New and Used Equipment Company,newandusedequipment.com
New Castle Building Products,ncbp.com
New Holland of Binghamton,nhbing.com
New York Crane & Equipment,nycrane.com
New York Equipment Dealers,
New York Ladder & Scaffold Corporation,newyorkladder.com
Niagara Falls Portable Toilet Rentals,
"Niagara Frontier Equipment Sales, Inc.",nfesales.com
Niagara Implement Inc,niagaraimplement.com
Niagara Lawn & Garden Equipment,niagaralawnandgarden.com
Niagara Truck Equipment,niagaratruckequipment.com
Nichols Aerial Equipment Rental,
Northeast Equipment Connections LLC,neecllc.com
Northeast Machine & Motor Supply,northeastmachine.com
Northtown Mahindra of Buffalo,northtownmahindraofbuffalo.com
Norwich Outdoor Power Equipment,norwichope.com
Norwich Tractor,norwichtractor.com
NOY-TAL,noytal.com
NY boat and Jetski rentals,summerboatrentals.com
NYC Crane and Rigging Service,
NYC Tool Rental,nyctoolrental.com
O'Connell Machinery Co Inc,oconnellmachinery.com
On Site Construction Rentals LLC,onsiteconstructionrentals.com
One Space Events,
Oneida Equipment Rental,oneidaequipmentrental.com
OSC Manufacturing & Equipment Services,oscequipment.com
"Outdoor Equipment Distributors , LLC",outdoorequipmentdist.stihldealer.net
Outdoor Motor Sports & Trailer Sales,outdoor-motor-sports.com
"Over The Top Lifting, LLC",overthetoplifting.com
Palace Party Rentals of White Plains,palacepartyrentalsofwhiteplains.com
Park East Sales,rifenburg.com
Partner Rentals - Kingston NY,partnerrentals.com
Parts ASAP | H&R Construction Equipment Parts,hrparts.com
Party Line Rentals,partylinerentals.com
Party Yardi Inc. Rentals,partyyardi.com
Pastore Rental Equipment Inc.,pastorerentalequipment.com
Pelham Lumber & Mason Supply Company Inc.,pelhamlumber.com
Penn Haven Equipment,penn-havenequipment.tractorhouse.com
Performance Equipment Rental,rentconcretepumps.com
Peterson Tool Rental,petersontoolrental.com
Philipps Brothers Supply Inc,philippsbros.com
Piedmont Equipment Inc,piedmontequipmentinc.com
Pine Plains Tractor and Equipment,pineplainstractor.com
Pinnacle LIft of New York,pinnacleliftny.com
Piranha Rents,piranharents.com
PitBull Motors,
PMT Forklift Corporation,pmtforklift.com
Polasky Boom Lift Rental,
POSITIVE LIFTING,positivelifting.com
Post Marine Supply Westchester & New York Boat Supply & Repair,
Power Equipment Plus - East Meadow,powerequipmentplus1.com
Preiser Rigging & Crane Services,preiserrigging.com
Prestige Equipment Corporation,prestigeequipment.com
"Pride Machinery Sales, Inc.",pridemach.com
Pro Am Tool Rental,proamtoolrental.com
Profection Rentals & Supplies,profectionconstruction.com
PROFORMANCE INDUSTRIES,proformanceindustries.com
Prolift Inc,proliftinc.com
R And R Cranes,rnrcranes.com
R B U'Ren Equipment Inc,rburen.com
R.B. U'Ren Equipment Inc.,rburenequip.com
R & S equipment sale's and rentals inc.,
Rasmussen Rents,rasmussenrents.com
Raymond Parts,raymondparts.com
Rb Tree Services,rbtreeservicesny.com
Regional Heavy Equipment & Truck,regionalrepair.com
Reliable Lifting | Knuckleboom Services NYC | Boom Services NYC,reliablelifting.com
Rent-A-Tool LLC,rentatoolny.com
Richie Brothers Heating & AC Repair,gorichiebrothers.com
Rig All Inc,rigallinc.com
Rigging NYC Contractors - New York Crane Service,riggingnyc.com
Robert H Finke & Sons Inc,finkeequipment.com
Roc Equipment LLC,rocequipmentnow.com
Rochester Portable Toilet Rentals,
Rockledge Scaffold Corporation,
Rocrents Equipment Sales & Rental LLC,rocrents.com
Rogers Industrial & Crane Specialists,rogersrigging.com
Rozell Industries Crane Rental Service,rozellind.com
RP Rentals,rprentals.com
RTM Fork Lift Corporation,
Salem Farm Supply,salemfarmsupply.com
Sany New York,sanynewyork.com
"Schaub Equipment Rental, Inc.",schaubequipmentrental.com
Schenectady Portable Toilet Rentals,
SEAC's Tool Shed,seactoolshed.org
sellcat9011,
"Sierson Crane, LLC. & Sierson Welding LLC",cnycraneandwelding.com
Siewert Equipment,cummins-wagner.com
SightSee Rentals,sightseerentals.com
SJS Equipment Rentals LLC,sjsequipmentrentals.com
Skyway Lift Rentals,skywaylifts.com
Smith's Heavy Equipment Inc,smithsheavyequip.com
Sosler's Garden & Farm Equipment,soslers.com
sourcefy,sourcefy.com
South Shore Hyundai Parts,southshorehyundai.com
South Shore Jerrdan,nytruckcenter.com
Sterling Equipment,sterlingequipment.com
Stoelting Machine Inc,
Stream Auto Outlet - Used Car Dealer New York,streamautooutlet.com
STS Truck & Utility Trailer Sales of New York - Rochester,ststrailer.com
Summit Bobcat,summitbobcat.com
Sunrise Volkswagen,sunrisevolkswagen.com
Superior Cranes and Service,superior-cranes.com
Sydenstricker Nobbe Partners,snpartners.com
Syracuse Portable Toilet Rentals,
Syracuse Supply Machine Tools & Industrial Supplies,syracusesupply.com
T&T Heavy Equipment Rentals,ttheavyrentals.com
Taylor Made Party Rentals,tmprentals.com
Taylor Rental Center,taylorrentalofbing.com
Taylor Rental Center,taylorrentalvestal.com
Taylor Rental of DeWitt,rentingmemories.com
The Altos White Plains,thealtoswhiteplains.com
The Bartholomew Co,bartcranes.net
The Crane Company,nysepticdrain.com
The Rental Shoppe LLC,therentalshoppe.com
"Thompson & Johnson Equipment Co., Inc.",thompsonandjohnson.com
Three Sisters Party Co.,threesisterspartyco.com
Tool House Rental,
Tool Library Albany,historic-albany.org
Tool of the Month,toolrental.info
Tool Rentals Inc,toolrentalsli.com
Total Crane Systems Inc,
Total Tool Rental,totaltoolrentalnyc.com
Tower Auto Sales,towerautos.com
Town & Country Equipment,
Townline Equipment Sales,townlineequipmentsales.com
Tracey Road Equipment,traceyroad.com
Tractors House,tractorshouse.co
TrainLand,trainworld.com
"Tri-County Supply, Inc.",tricountysupply.com
Trimble Services LLC,trimbleservices.com
Trinchese Lifting & Crane Service,trincheseboomservice.com
TRISTATE CRANE,tristatecranellc.com
Troy Crane Service,troycraneservice.com
"Troy Industrial Solutions, Corporate Headquarters",troyindustrialsolutions.com
Troy Tool & Engineering Inc,troytooldesign.com
Trupia equipment Sales & Rental/Construction/Contracting/Trucking,
Trux Outfitter and Power Equipment,truxoutfitter.com
TTLJR,
"U.S. Crane and Rigging, LLC.",uscraneriggingllc.com
U S Materials Handling Corporation,usmaterialshandling.com
U.S. RENT A FENCE,usrentafence.com
Ultimate Dumpsters,dumpsterrentals.us
Ultimate Truck & Equipment,
Unforgettable Amusements,unforgettableamusements.com
United Crane & Rigging Services Inc.,unitedriggingny.com
United Cranes,unitedcranes.net
United Lift LLC,unitedlift.com
"Upstate Equipment Co., Inc. - Material Handling Schenectady",upstateeq.com
US Aerials & Equipment LLC,usaerials.com
US Lumber & Supply,uslumberandsupply.com
Used Equipment Experts,usedequipmentexperts.com
Used Warehouse Equipment,usedwarehouseequipment.com
Utica Equipment Rental,
Utica Inflatables,uticainflatables.com
Utica Mack Inc.,uticamack.com
Valdez Aerial Equipment Rental,
Valley Stream bicycle,
Valley Stream Porta Potty Rentals,
Valley Stream Portable Toilet Rentals,
Valley Supply Co,valleysupply.biz
Value Carting Corporation,
Vantage Northeast,vantagenortheast.com
Warner Sales & Service Inc.,warnerss.com
Warwick General Rental,warwickgeneralrental.com
"Wegman Motor Works, Inc.",wegmanmotorworksinc.com
Wehner Mower Inc,wehnermower.com
Westchester Tool Rentals,wtrrentals.com
Westchester Tractor Inc,wtractor.com
Westfield Ag & Turf,westfieldagandturf.com
White Plains Surgical Supplies,whiteplainssurgicalsuppliesny.hibuwebsites.com
White River Auto Sales,whiteriverauto.com
White's Farm Supply,whitesfarmsupply.com
Windham Equipment Rentals,windhamequipment.com
WNY Forklift,wnyforklift.net
Yoddha Equipment LLC,yoddhaequipment.net
Yonkers Portable Restroom Rentals,
Zedco Chimney Service's & Woodstove Machinery Inc,zedco-hearth-pro.base44.app
1st Choice Rental,1rentme.com
325 Howe Ave Tool Rental,
3n1 Tree Service,3n1treeservice.com
A-1 Industrial Inc,
A-1 Power Equipment,a1power.us
A.C.R. Crane Parts & Equipment,acrequipment.com
A Crano Excavating Inc,acrano.com
A&S STUMP BRO.LLC,asstumpbrollc.com
A1 Party & Tool Rental,
AAble Rents,aablerents.com
Aaron's Rent To Own,aarons.com
ABC Equipment Rental & Sales,abcequipment.com
ABC Rental,abcrentalparma.com
Aber's Towing & Crane Service,aberscrane.com
"Ace Relocation Systems, Inc. - Atlas Van Lines | Cleveland, OH",acerelocation.com
Acorn Farms Inc,acornfarms.com
Action Industrial Services,actionindustrialservice.com
Action Industries,action-ind.com
ADS Machinery Corporation,adsmachinery.com
Advanced Equipment Systems LLC,advancedequipmentsys.net
Advanced Machinery,advancedmachinery.com
Advantage Ag & Equipment,advantageagequipment.com
Advantage Equipment,aeilaundry.com
Advantage Lawn Equipment,advantagelawnequipment.com
"Aggcorp Equipment Systems, Inc",aggcorp.net
Agnew Farm Equipment,agnewfarm.com
AIM Attachments,aimattachments.com
Air Equipment Rental Corp.,airequipmentrental.com
"Air Technical Industries, Inc.",airtechnical.com
AK Water Works & HVAC,akwaterworks.net
Akron Industrial Supply Co,akronindustrialsupplyco.com
Akron Medina Trucks & Parts,akron-medina.com
Akron Safety Lite & Equipment,akronsafetylite.com
Akron Scissor Lift Rentals,scissorliftrentals.net
"Akron Tractor & Equipment, Inc.",akrontractor.com
Al-Joe's Lawn & Garden,aljoeslg.com
Albert Houser & Son Farm Equipment,houserandsons.com
"Alco Manufacturing Corporation, LLC",alco.com
"ALL Aerials, LLC",allaerials.com
All American Industrial Services,allamericanind.com
ALL Crane Rental Corp.,allcrane.com
All Lift Service Co. Inc.,alllift.com
All States Industrial Forklift Ohio,allstatesindustrial.com
ALLmobility,allmobilityservice.com
Allset Machinery,allsetmachinery.com
Alltracon | Machinery Moving Rigging Crane & Millwright Repair Service,alltracon.com
Alpine Gage Inc,alpinegage.com
ALT Sales Corp.,altsales.com
Alta Equipment Company,altg.com
"AM Industrial Group, LLC",amindustrialmachinery.com
American Crane Inc.,americancraneinc.com
Americrane and Hoist Corporation.,amchoist.com
AMS Parts,amsparts.com
"Anderson Tractor Supply, Inc.",andersontractorinc.com
Andrews Shopping Center,
AO Equipment & Machinery,auctionohio.com
"Apex Pros Plumbing, Electrical, Heating and Air",apexpros.com
Aramsco (formerly EZ-Concrete Supply),ez-concretesupply.com
Arnold Equipment Company,arnoldeqp.com
Arrow Battery and Forklifts,abforklift.com
Arrow Crane Rental,arrowcrane.com
Arrow Industrial Supply,arrowindustrialsupply.com
ASAP Sanitary Services,asapsanitary.com
Ascendance Truck Centers,ascendancetrucks.com
"Ashcraft Machine & Supply, Inc.",ashcraftmachine.com
Ashland Tractor Sales,ashlandtractor.com
Associated Hydro Excavating,associatedhydro.com
Associated Materials,associatedmaterials.com
Atlas Crane Rigging Inc,
Avenqor Portable Toilet Rentals,avenqorportabletoiletrentals.us
B & E Farm Equipment & Services,
Bair's Lawn and Garden,bairslawnandgarden.com
Baker & Sons Equipment Co.,bakerandsons.com
Baker Vehicle Systems,bakervehicle.com
Banner Supply Company,bannersupplyinc.com
Bartram Outdoor Vehicles - Mansfield,bartramoutdoorvehicles.com
Basic Tree Care | Newark Tree Removal Service,basictreecare.com
Bass Machinery LLC,bassmachinery.com
Bass Pro Shops,stores.basspro.com
Bath Tractor,bathtractor.com
Baxla Tractor Sales Inc,baxlatractor.com
Bay Crane Midwest,baycrane-mw.com
Bay Crane Midwest,ccgroup-inc.com
BCIS Inc,bcisinc.com
Beamer's Piggyback Sales & Service,beamerspb.com
Beat Cycles,beatcycles.com
Beavercreek Portable Toilet Rentals,
BEF Foods,beffoods.com
Best Truck Equipment,besttruckeq.com
"Bin There Dump That, Mentor Dumpsters",bintheredumpthat.com
"Black River Group, Inc.",
Blue Ash Equipment Rental,blueashequiprent.com
Bluestar Service Llc,
"Bobcat Enterprises, Inc.",bobcat-ent.com
Bobcat of Dayton / Troy,bobcatofdayton.com
"Bobcat of Lima, Inc.",bobcatoflima.com
Bohl Equipment Co.,bohlequipment.com
Boone's Power Equipment Inc,boonespowerequipment.com
Born Implement,bornimplement.com
"Bortnick Tractor Sales, Inc.",bortnicktractorsales.com
Bosch Rexroth Corp,boschrexroth.com
Bounce House Rental -BAT Resource Group,galaxybounc-tz63bwye.manus.space
Bounceland,bouncelandrentals.com
"BounceUp Ohio, LLC",buohio.com
Bramble Mower,bramblemower.com
Brennan Equipment Services,gobrennan.com
Brookville Rental & Sales,brookvillerental.com
Brothers Power Equipment llc,
Brown Equipment Company - North Canton Service Center,brownequipment.net
Bruce Inc.,
Buck & Knobby JCB,buckandknobbyjcb.com
Buckeye Crane & Hoist,bchoist.com
Buckeye Forklift & Equipment,buckeyeforklift.com
Buckeye Heavy Equipment,buckeye-equipmentsales.com
Buckeye Power Sales,buckeyepowersales.com
Buckeye Valley Equipment,buckeyevalleyequipment.com
Bud Herbert Motors - Cincinnati,budherbertmotors.com
Bungy Bounce,
Burden's Machine & Welding,
Burns Equipment Co Inc,burnsequipment.com
Burns Industrial Equipment,burnslift.com
Butler County Equipment,butlercountyequipment.com
Butler Sanitation Solutions,butlersanitation.com
C&C Outdoor Power Equipment - Springfield,ccoutdoorpowerequipment.com
"C & C Sales & Services, LLC",zeroturnhq.com
C-N Construction Supplies,americanproducers.com
C W Wood Machinery Inc,cwwood.com
Calhoun Aerial Equipment Rental,
"Canal Crane and Hauling, LLC",canalcrane.com
Canfield Equipment Sales & Rentals,canfieldequipmentsales.com
Cardinal Crane Service,
Cardinal Rental & Sales LTD,cardinalpowersales.com
Carls Crane Services LLC,
Carr Supply - Lima,carrsupply.com
Carter Lumber,carterlumber.com
Cascade Corporation,cascorp.com
Casey's Rental,
Caudill's Lawn Equipment Inc.,
CCM Rental Chesterland,ccmrental.com
CD Equipment Sales & Service Inc.,cdequipmentsales.com
CEC Turf & Tractor,cecturfandtractor.com
Cedar Ridge Equipment Rentals,plainbusinessnetwork.com
Central Ohio Forklifts,centralohioforklifts.com
Central Pro Supply,centralpros.com
Central Tool Rental,centraltoolrental.com
"Century Equipment, A Jerry Pate Company - Cincinnati",centuryequip.com
Certified Crane LLC,
Chalker's Auction,chalkers.net
Cheap Tool Rental,cheaptoolrental.com
"CIA Industrial, LLC",cia-industrial.com
Cincy Tool Rental,cincytool.com
CinDay Rentals,cindayrentals.com
CK Construction Group,corna.com
CK Trailer Rental & Sales LLC,cktrailerrental.com
"Cleveland Crane and Shovel Sales, Inc.",craneandshovel.net
Cleveland Crane Rental,forestcityerectors.com
Cleveland Elite Transportation,elitecarsvc.com
Cleveland Equipment LLC,cleveland-equipment.com
Cleveland Events & Party Rents,cleeventsandrents.com
Cleveland Forklift,clevelandforklift.com
Cleveland Heights Portable Toilet Rentals,
Cleveland Machinery Sales,clevelandmachinery.com
"Cleveland Tool & Cutter, INC.",cletool.com
Cleves Tool Rental,clevestoolrental.com
Clinton Power Equipment,
Cloverleaf Mechanical LLC.,callcloverleaf.com
Coast 2 Coast Forklifts,c2cforklifts.com
Coast To Coast Equipment,ctocequip.com
Coblentz Equipment LTD,coblentzequipmentltd.com
COIA SALES RAVENNA,coiasales.com
Cole Valley Cadillac,colevalleycadillac.com
Coleman's Lawn Equipment,
Columbus Equipment Company,columbusequipment.com
Columbus Forklifts & Material Handling Company,
Comerford Orlando Forklifts,coforklifts.com
Comfort Spot Portable Toilets,comfortspotportabletoilets.us
Commercial Equipment Sales & Service,cessohio.com
Compton Power Equipment,comptonpowerequipment.com
Concord Road Equipment Manufacturing LLC,concordroadequipment.com
Connell Inc,connellinc.net
"Consolidated Construction Products, Inc.",ccp-inc.com
Consolidated Machinery Movers,machinerymovers.com
Construction Equipment & Supply,ces-co.net
Contractor's Equipment Rental,contractorsequipmentinc.com
Contractors Supply of Dayton Inc.,thecsdinc.com
Cook Crane Service,
"Coonpath Equipment,LLC",coonpathequipment.com
Copley Tool Rental,copleytool.com
Corporate Equipment Co,corpequip.com
"Country Side Equipment Sales, LLC",countrysidecarrollton.com
"Cowboyz Equipment, Truck & Trailer Sales",
Crane Certification Enterprises Inc,cranecertification.com
Crane Plumbing,
Crane Renovation Group,cranerenovationgroup.com
Crane-Tec,crane-tec.com
Crane & Tractor Inc,craneandtractorparts.net
Crane Worldwide Logistics - Columbus,craneww.com
Crates Construction Chimney & Dryer Vent Services LLC,
Crooked River Equipment,crookedriverequipment.com
Cross & Sons Farm Equipment,crossandsonsfarmequipment.com
Cross Truck Equipment,crosstruck.com
CSM Kenworth - Columbus,csmtruck.com
"Culligan of Lima, OH",culligan.com
Culligan of Mansfield,allthingswater.com
Custom Crane Solutions,ccranesolutions.com
Cut Right Outdoor Power Equipment,cutrightoutdoorpowerequipment.com
Cuyahoga Falls Portable Toilet Rentals,
D & D Industries Inc,danddindustries.com
Dan Donnelly HVAC,dandonnelly.com
Dan's Crane Service,danscraneservice.com
Dan's Truck Equipment,danstrucksales.com
Dapore Brothers LLC,daporebros.com
DASCO Home Medical Equipment - Dayton,godasco.com
Davis and Sons Equipment Sales,davisandsonsequipmentsales.com
Dawn Incorporated,dawnincorporated.com
Days Sales & Service Bicycle Shop Lawn Mower Shop,
Dayton Porta Portty Rentals,
Dayton Tractor & Crane Company Inc,daytontractor.com
Dean's Outdoor Power Equipment,deansope.com
Deeds Outdoor Development,deedsoutdoor.com
Deer Creek Machinery,deercreekmachinery.com
DEL Lift Rentals & Sales,werentlifts.com
Dengler Tractor,
Denny Lumber Co,dlc.doitbest.com
Dick Helminiak & Sons Excavating Inc.,dhasdigs.com
"Dillon Manufacturing, Inc.",dillonmfg.com
Direct Forklift and Equipment LLC,directforklift.com
"Disaster Recovery Services, LTD",gotamesscalldrs.com
Dixie Crane Rental,dixiecranerental.com
DIY Lifts,diylifts.com
DIY Tool Rental & Equipment,diy-toolrental.com
Do-Cut Sales & Services Inc,docut.com
Do-It Yourself Rental,doityourselfrental.com
Dumpster Dudez,dumpsterdudez.com
"Duncan Supply Company, Inc.",duncansupply.com
Durans Party Rentals & Inflatables LLC,disc-chameleon-gajz.squarespace.com
Dutch Rentalz,dutchrentalz.com
DW Lift Sales Inc.,dwliftsales.com
Eagle Equipment Corporation,
Eagle Mark 4,eaglemark4.com
Eagle Rental Purchase,eaglerentalohpa.com
Eastern Truck & Trailer,easterntruck.com
Eastland Crane,eastlandcrane.com
Econ-O-Wise Rental & Sales,econowiserental.com
Ed's 24 Hour Service,stearnscompanies.com
Edinburg Sales,edinburgsales.com
Elevate Rentals LLC,kens-rental.pointofrentalcloud.com
Elite Dumpster Rentals LLC,elitedumpsterrentalsllc.com
Elite Party & Rentals,elite-party-and-rentals.square.site
Ely Crane & Hoist Co,elycrane.com
Elyria Portable Toilet Rentals,
Emmett Equipment,emmettequipment.com
Enterprise Truck Rental,enterprisetrucks.com
Equipment Dudes,equipmentdudes.com
Equipment & Erectors Inc,
Equipment Recovery Corporation,ercsurplusequip.com
Equipment Specialists Dayton,equipmentspecialistsdayton.com
Equipment Supply of Cincinnati,escincy.com
Equipped Rentals,equipped-rentals.com
EquipRents,equiprentsohio.com
EquipU LLC,equipurental.com
"Ergomat, Inc.",ergomat.com
"Erie Industrial Equipment, Inc.",erieindustrial.net
Estabrook Corporation,estabrookcorp.com
Estrada Truck Parts,estradatruckparts.com
Exact Crane & Equipment,exactcrane.com
Expert Crane,expertcrane.com
EZ Rent-All,toolrentalservicecincinnati.com
Fackler Kubota Tractor,facklerco.com
Fackler True Value Rental,
Fairfield Power Equipment Inc,fairfieldpowerequipment.com
Falls Tool Rental,fallstoolrental.com
Fallsway Equipment Company,fallsway.com
Famous Supply of Warren,famous-supply.com
Farmers Equipment,farmerseq.com
Farnham Equipment Company,farnhamequipment.com
Federal Equipment Company,fedequip.com
Findlay Generator Systems,findlaygeneratorsystems.com
FINDLAY MACHINES & TOOLS,
Findlay Portable Toilet Rentals,
Findlay Village Hardware,villagehardware.com
Finn All Seasons,finnallseasons.com
Finn Corporation,finncorp.com
Fiorenzo Dumpster Rental,fiorenzohauling.com
"Fisher Crane Service, Inc.",
Flag City Truck & Equipment Inc.,flagcitymack.com
FleetNow,buyfleetnow.com
Foltz Ag,foltzagequip.com
FOM Rentals,fomrentals.com
Ford Distributing,forddistributing.com
Forklift Parts Express Inc.,forkliftpartsexpress.com
Forklift Safety Solutions,forkliftcenter.net
Forklift Tires of Ohio Inc,
Forklift Training Systems,forklifttrainingsystems.com
Forklifts of the Americas,forkliftsamericas.com
ForkLiftsNow.com,forkliftsnow.com
Foster Equipment Sales,fosterequipmentsales.com
Four Star Tool Rental,fourstartoolrental.com
Fraley Excavating Inc.,fraleyexcavating.com
Frank Lucco Co Inc,frankluccocompany.com
Fussnecker & Sons Tractor Sales,fussneckers.com
"Fyda Freightliner Youngstown, Inc.",fydafreightliner.com
"G & W Machinery Sales, Inc.",gwmachinery.com
Gather Round Rentals LLC,
Geauga County Excavating,geaugacountyexcavating.com
Geiger's Lakewood,shopgeigers.com
General Crane Rental LLC,generalcranerental.com
General Rent-All,generalrentall.com
Genesis Rescue Systems,genesisrescue.com
Gentle Breeze Events LLC,gentlebreezecompany.com
GM EQUIPMENT RENTALS,gmequipmentrentals.com
Good Equipment Company,equipmenttrader.com
Gorman Rupp Pumps,grpumps.com
Gould & Smith,gouldandsmithcrane.com
Grain Equipment Co.,
Grand Rental Station,grandrentalohio.com
Granger Tractor & Parts,grangertractor.com
Great American Equipment Company,gaec.com
Great Lakes Brookside,brooksideforklift.com
Great Lakes Rental & Equipment Service,greatlakesrents.com
Great Lakes Truck Centers - Akron Branch,akronfreightliner.com
Great Lakes Truck Centers Mansfield,mansfieldfreightliner.com
Greber Racing Components,greberracing.com
"GREEN & SONS, LTD",greenandsons.com
Greenford Tractor Sales & Services,
Greyson Equipment,greysonequipment.com
Grim's Crane Service,
GSA Equipment,getmowers.com
GSC Enterprises Inc.,gschyd.com
GV Rental,gvrental.net
Hamilton Porta Potty Rentals,
Hamilton Portable Toilet Rentals,
Hamilton Rental Center Inc,hamiltonrentalcenter.com
Hamiltonbobs Cubs,hamiltonbobscubs.com
HamiltonBobs Tractor Parts,hamiltonbobs.com
Handy Rents,handyrents.com
Handy Tool Rental Co,handytoolrental.net
Hans' Freightliner of Cleveland,hansfreightliner.com
Harkins Equipment LLC,harkinsequipmentrepair.com
Harr's Fork Lift Services Inc,harrs-forklift.com
Hartville Contractors Supply,hartvillecontractorssupply.com
Hartzler's Equipment Rental LLC,
Heavy Duty Truck & Equipment Service Inc.,heavydutytruckequipment.com
Heil Bros.,heilbrothers.com
Helms & Sons Excavating Inc.,helmsandsons.com
Hercules Services Crane Rental,herculescranerental.com
Heritage Porta Potty Rentals,heritageportapottyrentals.cyou
Hern Marine,hernmarine.com
Hernandez Aerial Equipment Rental,
HGR24,hgrinc.com
Highlift Equipment Ltd,highliftequipment.com
Hilliard Lawn & Garden,hilliardlawnandgarden.com
Hilltop Rental & Equipment llc,hilltoprental.com
Hocking Hills Rental Center,
"Honeyville Garden Events and Rentals, LLC",honeyvillegardeneventsandrentals.com
HP2X Equipment,
Huber Heights Portable Toilet Rentals,
Huffman Equipment Rental Inc,
Hull Brothers Inc,hullbros.com
Hy-Tek Intralogistics,hy-tek.com
Ideal Used Machinery,idealusedmachinery.com
Implement Backyard Machinery Rental LLC,ibymrentals.com
Industrial Crane & Hoist Services Inc.,ichcraneman.com
Industrial Equipment Erectors,industrialequipmenterectors.com
Industrial Movers,industrial-movers.com
Industrial Parts & Service,industrialpartsandservice.com
"Industrial Repair Services, LLC",
Indy Equipment & Supply LLC,indyequipment.net
International Truck & Engine,
Interstate Heavy Duty Towing & Semi Truck Towing Service,interstatetowing.net
Interstate Truck Repair,interstatetruck.repair
Intertek LLC,intertekllc.com
Iron Pony Motorsports,ironpony.com
J&M Rental and Transport LLC,j-mrt.com
J R Campbell Equipment Co,tmhoh.com
JAB MACHINERY SALES,ebaystores.com
Jackson Equipment,jacksoneq.com
Janell Concrete & Masonry Equipment Inc. Dayton,janell.com
"JDR Excavating, Inc.",jdrexcavating.com
JEB GROUP TRUCK & TRAILER REPAIR,
Jeff Schmitt Lawn & Motor Sports,jeffschmittlawnandmotorsports.com
Jeff Wyler Springfield Chevrolet,jeffwylerspringfieldchevrolet.com
Jimenezrdgu Aerial Lift Rental,
Jividen's Farm Equipment,jividens.com
"Jnk Surplus, Llc",jnksurplus.com
Job Rite Mower,job-ritemower.com
John Deere Training Center,
Johnny K's Powersports Of Cleveland,johnnykspowersports.com
Jones Machinery,jonesmachinery.com
Jones Rental Inc,jonesrentalinc.com
Jordan Power Equipment,jordanpower.com
Judco Inc,judco-inc.com
K And Y Jumping And More,kyjumping.com
K-T Equipment Rental Inc.,ktequipmentrental.com
Kapp Construction Inc,kappconstruction.com
Kapp Excavating Inc,kappexcavating.net
Ken Flack’s Landscape Supplies,
Ken Ganley Hyundai Parma,ganleyparmahyundai.com
Ken-Mac Metals | thyssenkrupp Materials NA,thyssenkrupp-materials-na.com
Kenworth of Cincinnati | Palmer Trucks,palmertrucks.com
Kessler's Lawn Tree & Garden,kesslersequipment.com
Kettering Portable Toilet Rentals,
Kiefer Equipment,tractormedinaoh.com
King Dumpsters Youngstown,kingdumpsters.com
Kirk NationaLease Co.,knl.cc
Koenig Equipment,koenigequipment.com
Konecranes,konecranes.com
Kris’ Affordable Pressure washing,
KRN Crane Service,krncrane.com
Kubota of Cleveland,kubotaofcleveland.com
Kubota Tractor Dealers,
Kuhlman Construction Products-Akron,shop.kuhlman-corp.com
L & M Garden Equipment LLC,
Lakeshore Tool & Equipment,lakeshoretool.com
Lakewood Furnace Co,lakewoodfurnace.com
Langefels Equipment Co LLC,lecinfo.com
Lashley Tractor Sales Inc,lashleytractor.com
Lavish Inflatables and Rentals,lavishinflatables.com
Lazy B Trailer Sales at R.D. Banks Chevrolet,lazybtrailers.com
Legend Farm & Feed Supply,
Leimeister Crane & Tree Service Inc,leimeistercrane.com
LEM Products,lemproducts.com
Lift Solutions (formerly Star Crane and Hoist),theliftsolutions.com
Lifted Rentals,liftedrental.com
LiftTech Forklift Solutions,lifttechinc.com
Lilex Equipment Sales & Leasing,lilexequipment.com
Lilli Crane & Equipment,lillicranes.com
Little's Farm Supply,littlesfarmsupply.com
LMI Rentals and Repairs,lmirentalsrepairs.com
Lorain County Crane Service,
"LT Associates, Inc SURPLUS OUTLET",ltsurplus.com
Machine Maxx USA Forklifts,machinemaxxusa.com
Machinery & Tool Rentals Inc - Chas. E. Phipps,chasephipps.com
Magical Celebrations LLC,magicalcelebrations.squarespace.com
Main Events Party Rental,maineventspartyrental.com
Manufacturers Equipment,mecoservices.com
Marathon Industrial Containers - Lift Truck Hoppers,marathoncontainers.com
Marcy Tractor & Equipment,marcyequip.com
Mariani's Welding & Fab,
Marsh Heavy Equipment Rental,marshheavyequipmentrental.com
Martin Industrial Truck,martinindustrial.weebly.com
Mast Tractor Sales LLC,masttractor.com
Material Handling Specialist,mhspecialist.com
Mayer Agri Equipment,mfeag.com
Mayer Farm Equipment,mayerfarmequipment.com
Mc Henry Equipment Co,
Mc Kean Machinery,mckeanmachinery.com
McDonald Equipment Company,mcdonaldequipment.com
McGuire's Distinctive Trucks,mcguiresdistinctivetrucks.com
McMahon's Best-One,bestonecommercial.com
Med Mart,medmartonline.com
MEDINA TRACTOR SALES,medinatractorsales.com
Mentor Portable Toilet Rentals,
Meredith Party Rentals,meredithpartyrentals.com
"Miami Industrial Trucks, Inc.",mitlift.com
Michael Byrne Manufacturing,byrnegroup.com
Mid Ohio Equipment LLC,midohioequipment.com
"Mid-Ohio Forklifts, Inc.",midohioforklift.com
Mid-Ohio Gravely,midohiogravelyinc.com
Mid-Ohio Material Handling,mmhforklifts.com
Middlefield MFG,mfgkubota.com
Midland Equipment Rental,midlandrentalstore.com
Midwest Air Power LLC,midwestairpower.com
Midwest HeavyLift Rentals,midwestheavyliftrentals.com
Midwest Industrial Equipment Inc.,midwestie.com
Midwest Lift Truck Sales,
Midwest Machinery LLC,midwestmachineryllc.com
Milks Power Equipment,milkspowerequipment.com
Miller Rigging,millerrigginginc.com
Miller's Crane Services,
"Miller's Rental and Sales, Inc.",millers.com
Millstone Rental Services,
"Millwood, Inc. (Hamilton) – Pallet Manufacturing Facility",millwoodinc.com
Minor's Performance Machine,
MJ Tree Service Inc,mjtreeservice.com
"Modern Builders Supply, Inc. Fairfield Branch",modernbuilderssupply.com
Mohawk Machinery Inc,mohawkmachinery.com
Monaco Tree Services,
Monkey Around Rentals,monkeyaroundrentals.com
Moore Crane Service LLC,moorecraneservicecom.wordpress.com
Moriarty Machinery & Supply,mms.co
"Moritz International, Inc.",moritzinternational.com
Morris and Sons Farms,morrisandsonsfarmsllc.com
Morrison Farms,morrisonfarmsllc.com
Motozilli Powersports,motozilli.com
Mower ReStore,maatrestore.com
Mr. Clean Portable Toilets & site services,mrcleanportabletoilets.com
Multi Truck Sales Toledo I-75 & I-90,multitrucksale.com
Murphy Tractor,
MWE,mwesales.com
Myers Machinery Movers,myersmachinerymovers.com
Nagy Equipment Sales Inc.,nagyequipment.com
National Equipment Sales Inc,nationalequipmentsales.com
"National First Equipment, LLC",nat1eq.com
NeilCo Rents LLC,neilcorents.com
New Age Equipment,newageequip.com
New Carlisle Rental,newcarlislerental.com
Next Lift Inc,next-lift.com
NexTier Equipment,nextierequipment.com
Nickles Crane Services LLC,
Niles Tractor Sales And Service,
North Coast Event Services,northcoastes.com
"North Coast Lift Truck, Inc",ncltinc.com
North Royalton Power Equipment,nrpowereq.com
North Shore Equipment and Supply,northshoreequipmentandsupply.com
North Star Hardware & Implement Co,northstarimplement.com
"Northcoast Equipment Specialists, Inc.",nesequipment.com
Northern Ohio Equipment Services,northernohioequipment.com
Northfield Power Equipment,nfpowerequipment.com
Northwest Inventory Solutions LLC.,nwisindustrial.com
Northwest Ohio Crane Services Inc,
Norton Tool Rental,nortontoolrental.com
Norvin Hill Machinery,norvinhillmachinery.com
NPK Construction Equipment Inc,npkce.com
OBC Rigging,obcindustrial.com
Ohio Ag Equipment,
Ohio ATM Sales & Service,ohioatm.com
Ohio Automotive Supply-NAPA and Heavy Duty Truck Parts,ohioautomotive.com
Ohio Cat - Cincinnati,ohiocat.com
Ohio Cat Rentals - Columbus,ohiocatrentals.com
Ohio Conveyor & Supply Inc.,
Ohio Farm Supply,ohfarmsupply.com
Ohio Food Equipment,dindicm.wixsite.com
Ohio Heavy Equipment,ohioheavyequipment.com
Ohio Lift Truck Inc,ohiolift.com
Ohio Machine & Tool Co,ohmachineandtool.com
Ohio Mini Excavator,ohiomini.com
Ohio Peterbilt - Grove City,ohiopeterbilt.com
Ohio Power Tool,ohiopowertool.com
Ohio Trailer Inc,ohiotrailercompany.com
OHR Rents,ohrrents.com
Omega Material Handling,omegamaterialhandlinginc.net
One Stop Rental,onestoprent.com
"Orbit Movers & Erectors, Inc.",orbitcranes.com
Orme Hardware Newark,ormehardware.com
Outlaw Crane LLC,outlaw-crane.com
OVR Equipment Sales & Rentals,ovrsupply.com
Paisley's Rental LLC,paisleyrental.com
"Palmer Manufacturing & Supply, Inc.",palmermfg.com
Paper Crane Funding Solutions,papercranefundingsolutions.com
Paragon Supply Company Inc,
Parma Marine,parmamarine.com
Parma Portable Toilet Rentals,
Party Plus Lancaster,partypluslancaster.com
Party Savvy Canton (Canton Chair Rental),partysavvy.com
Paul's Outdoor Power Equipment,
Paul’s Tractor,paulstractors.com
Performance Lift,performancelift.com
Personal Touch Party Rentals & Events,personaltouchparty.com
Peters Used Equipment,petersequipment.net
"Phil's Sales and Service, LLC",philskubota.com
Phillips Construction Equipment & Supplies,
PhotoSnap Columbus Photo Booth Rentals,photosnaprentals.com
Plourde Boom Lift Rental,
PM Tech Generators,pmtech.org
Polen Implement,polenimplement.com
Pony Powersports,ponypowersports.com
Porta Kleen,portakleen.com
Porta Potty Rentals Mansfield City,
Porta Potty Rentals Mentor City,
Power Equipment Solutions,powerequipmentsolutions.com
Power Equipment Warehouse,powerequipmentwarehouse.com
Power Tool & Supply Co Inc.,powertoolandsupply.com
Powerhouse Equipment Co,
Powerhouse Outdoor Equipment,powerhouse.equipment
"Precision Equipment, LLC.",precisionequipment.org
"Prestige Event Rental, llc",prestigeeventrental.com
Prowler Tracks of Lancaster,
PSC Crane & Rigging,pscind.com
QT Equipment,qtequipment.com
Quality Pac Co,qualitypac.com
R and R Equipment Sales,
R & D Excavating llc,randdexcavating.net
Raptor Motors,raptor-motors.com
Raymond Rental,raymondequipment.com
Raymond Storage Concepts Inc,raymondsci.com
Ready Lift Inc.,
Reberland Equipment,reberlandequipment.com
"RECO Equipment, Inc",recoequip.com
Regional Equipment Services,regionalequipment.com
"Reitzel Tractor, LLC, Reitzel Ag Equipment",reitzelagequipment.com
RENT-2-OWN Middletown,r2o.com
"Rent All Mart, Inc.",rentlima.com
Rental Corral,rentalcorral.com
"Rental Solutions Group, LLC",usrentalsolutions.com
Rental Stop Ohio,rentalstopohio.com
Rental Tools Online,rentaltoolsonline.com
RentMe Equipment Rentals,rentmecincy.com
Resolute Home Inspections,resolutehomeinspectionsllc.com
Ricer Equipment,ricerequipment.com
Richland Equipment,
Ricks Crane Service LLC,rickscrane.com
"RICO Manufacturing, Inc.",ricoequipment.com
Ridge Tool Company (RIDGID),ridgid.com
RIGHT NOW MOBILITY STAIRLIFTS,rightnowmobility.com
Right Track Heavy Equipment Repair and Field Service,righttrackrepair.com
Roberts Farm Equipment,robertstractor.com
Robison Equipment Company Inc,robisonequipment.com
"Rocks Trailer Sales - Cargo, utility, car hauler, equipment and dump trailers",rockstrailersales.com
Rocky Edge Excavating,reexcavating.com
Rolling Acres Rental,rollingacresrentals.com
Ross Agri Mechanics LLC,rossagri.com
Round Bottom Rental,roundbottomrental.com
Roush Hardware,roushhardware.doitbest.com
"Russell Equipment, Inc.",russellequipment.com
S & S Equipment,ssfarmequipment.com
S T Sales,paintingequip.com
"Sage Hill Rentals, LLC",sagehillrentals.com
"Schaedler Enterprises, Inc.",seicrane.com
Schaefer Equipment Inc,wabteccorp.com
"SCHILTZ CRANE, INC",schiltzcrane.com
Schulhoff Equipment Rental & Sales,schulhoff-tool.com
Schumacher Crane Rental Inc,schumachercranerental.com
Schwab's Outdoor Power Equipment,schwabspowerequipment.com
Selinsky Force Rental,selinskyforce.com
Sew-N-Save,wsewnsave.com
"Shanes Equipment Sales, LLC",shanesequipment.com
Shaw & Holter Inc,
Shelly Smith & Sons Ltd,shellysmithandsons.com
Shop Supply Service,shopsupplyservice.com
Simmers Crane Design & Services,simmerscrane.com
Site-Mix Concrete Ohio,site-mix.com
SITECH Ohio,sitech-ohio.com
Skillings Tractor,
Skylift Inc.,skyliftus.com
Smith Equipment & Truck Sales of Ohio,swiftfixtrucksales.com
"Smithco Equipment, LLC",smithcoequipllc.com
Snappy's Outdoor Equipment,snappys-outdoor.com
Southeastern Equipment Company,southeasternequip.com
Spear Chardon Tractor Sales,speartractor.com
Specialty Tractors,specialtytractors.com
Spider by BrandSafway,spiderstaging.com
Spin Bike Shop,spinbikeshop.com
Springfield Business Equipment,becosolutions.com
Sroka Inc.,srokausa.com
SRS Building Products,srsdistribution.com
Standard Rents,rentstandard.com
"Steel Valley Crane Services, LLC",steelvalleycrane.com
Steiners Equipment Sales and Rental,
Steinke Tractor,steinketractor.com
Sterling Farm Equipment (Sterling),sterlingfarmstore.com
"Steve Myers Service, Inc.",stevemyersserviceinc.com
Stolle Machinery Co LLC,stollemachinery.com
StraightUp Equipment Co,straightupequipment.com
Streacker Tractor Sales,streackertractor.com
Street Machinery,streetmachinery.com
Strongsville Excavating Co Inc,
Stryker Equipment,strykerequip.com
Sully's Tool & Party Rental,sullysrental.com
Summit Lift Truck,summitlifttruck.com
Summit Trading Co.,stcohio.com
Sun Rental Tents & Events,sunrental.com
Sunnyside Chevrolet,sunnysidechevrolet.com
Sunrise Equipment,sunriseequipment.com
Surplus Industrial Sales,excavatorfinaldrive.com
Sutton Industrial Hardware,suttonhardware.com
Swisshelm Equipment Co Inc,swisshelmforklifts.com
T R Crane & Towing Service,trcraneandtowing.com
T & S Power Equipment,tsmower.com
Talbert Rentals,
Target Tool Outdoor Power Equipment,targettoolrental.com
Taylor Equipment Sales & Service,taylormowersales.com
Taylor Rental,taylorrentalavon.com
Taylor Rental Berea,taylorrentalberea.com
Taylor True Value Rental,trohio.com
"Technical Equipment Sales Company, LLC",techequip.com
Ted's Rental Inc,tedsrental.net
TEN - Transportation Equipment Network - Cincinnati,tenleasing.com
The A.J. Gates Company,ajgates.com
The Bike Spot,bikeguycleveland.com
The Cellar Lumber Company,cellarlumber.com
The Eastwood Company,eastwood.com
The Event Rental Company Ohio,ercohio.com
The Lakewood Supply Company,lakewoodsupplycompany.com
The Lakewood Tool Box,lakewoodalive.org
The McLean Company,themcleancompany.com
The Ohio Cat Rental Store,ohiocatrentalstore.com
The Tool Guys,
The Tree Service,thetreeserviceoh.com
Tiffin Tool Rental,tiffintoolrental.com
Titan Dumpster Rentals,titandumpstersrentals.com
TMS Stoller Tractor Inc,tmsstollertractor.com
TNT Equipment Co,tntequip.com
Toilets and Co.,toiletsandco.com
Tool Rental,
Tool Tech LLC,tooltech.com
Toolbold Corporation,toolbold.com
Top Shelf Integrated Solutions,topshelfintegratedsolutions.com
"TPS Rental Systems, LLC",hb-rts.com
Tractor Barn,tractorbarnoh.com
Tractor Depot Inc,thetractordepot.com
Tractor Service & Supply Inc,tractorserviceandsupply.com
Tractor Specialists - Bad Boy - Stihl - Mahindra,tractorspecialists.com
Tradesmen Crane & Scaffolding - Columbus,tradesmencrane.com
"Transport Specialists, Inc.",tktransport.net
Tremco Distribution Center,
Tri-Ag Farm Services,
Tri-County Power Tool,tricountypowertool.com
Tri-Green Interstate Equipment Inc,trigreeneq.com
Tri State Landscape Supply LLC,tslandscapesupply.com
Triad Technologies Elyria ParkerStore,triadtechnologies.com
Triple H Farm Equipment,triplehfarmequipment.com
Tritech Lights And Sound,tritechlightandsound.com
TRL Rents – A Versalift Company,trlrents.com
TRM Manufacturing,
Troy Entertainment,troyentertainment.com
Truck Trailer Pro,trucktrailerpro.com
Trux & Equipment,truxandequipment.com
Tuffman Equipment Rental & Supply,tuffmanequip.com
Turn-All Machine & Gear Co,turn-all.com
Ultra Tech Machinery Inc.,utmachinery.com
Unitize Co Inc,unitize.com
Universal Rental,universalrentalandsupply.com
"Unkefer Sales, LLC",unkefersales.com
US Machine Precision Grinding,
"Valley Freightliner, Western Star Trucks of Cleveland",valleyfreightlinertruck.com
Valley Industrial Trucks,valleyindustrialtrucks.com
Value Forklifts,valueforklifts.com
Vandalia Rental,vandaliarental.com
"VanTastic Crane Service, Inc.",
"Varney Excavating, Inc.",
Vernon Dell Tractor Sales,vernondelltractor.com
Village Rental,villagerental.com
Voss Brothers,vossbros.com
W Construction Supply,wconstructionsupply.com
W L Tucker Supply Co,wltucker.com
Wadsworth Tractor (Owned and Operated by Beltz lawn and Garden),beltzonline.com
Wagner Crane Rigging & Machinery,wagnercrane.net
"Wagoner Power Equipment, Inc.",wagonerpower.com
Walsh's 24/7 Tractor-Trailer Repair LLC,
Ward Equipment Sales of Lancaster,
Warehouse Equipment & Supplies Co.,warehouseequipmentsite.com
Warehouse Rack - Columbus,warehouserack.com
Warren Design & Build,warrendb.com
Warren Fabricating & Machining,warfab.com
Warren Portable Toilet Rentals,
Weiler Welding Co. Inc.,weilerwelding.com
Wellington Implement - Wellington,wellingtonimplement.com
Welsh Machinery Sales,welshmachinerysales.com
"Werk-Brau Co., Inc.",werk-brau.com
West Equipment Co Inc,thewestequipment.com
West Side Tractor & Marine,
"Western Reserve Trading, Inc.",manlifts.com
Westervelt Farms,
Westerville Portable Toilet Rentals,
Westin Air Heating and Cooling - Westerville Ohio,westinair.com
Wheelchair Ramps Cleveland,wheelchairrampscleveland.com
White Cottage Rental,
White's Farm Supply - OH,whitesfarmsupplyonline.com
Williams Toyota Lift,williamstoyotalift.com
Winters Leasing and Equipment Sales,winterseq.com
"WORCESTER'S Inc Power Equipment, Trailers & Pet Feeds",worcesters.com
World Equipment & Machine Sales Co.,foundry-eqpt.com
World Truck Towing & Recovery,a1worldtruck.com
Worldwide Equipment,thetruckpeople.com
Worldwide Machine Tool LLC,worldwidemachinetool.com
"Wright Brothers Power, LLC",wrightbrotherspower.com
Xenia Tool Rental,xeniatoolrental.com
Yoder Brothers Machinery World Headquarters,yoderbrothersmachinery.com
Yoder Machinery Sales,yodermachinery.com
Youngstown Kenworth Inc.,youngstownkenworth.com
39 equipment LLC,39equipment.com
405 Equipment Sales & Rentals,405equipment.com
405Tractor,405tractor.com
A-1 Forklift Maintenance,
A & B Rent-All Inc,abrentall.com
A G Equipment Co - Main Office,agequipmentcompany.com
A & J Rentals & Sales,
ABC Equipment Rental,abcequipmentrental.com
Able Crane,
Aceco Rental & Sales,acecorentals.com
Action Seating & Mobility Muskogee,actionseating.net
Advanced Workzone Services - A Helix Traffic Solutions Company,advancedworkzoneservices.com
Alexander Construction Equipment Rentals,
All American Forklift LLC,allamericanforklift.com
All Time Crane,
Allen's Power Equipment,allenspowerequipment.com
Allied Broadcast Group | New and Used Broadcast Equipment | Cinema Equipment,alliedbroadcastgroup.com
Allied Steel Construction/Crane Rental,alliedsteelerectors.com
Alternative Construction Parts,
American Rental and Sales Inc,americanrentaltulsa.com
Americrane LLC,americraneok.com
AOK Equipment Rentals Tulsa's #1 Trailer & Small Equipment Rental Source: Need A Trailer Now.com,needatrailernow.com
ARA Equipment Rentals & Sales,ararents.com
Armitage Equipment,armitageequipment.com
Arvine Pipe & Supply Company,arvinepipe.com
Atwoods,atwoods.com
B A Lawn & Garden,balawn.com
Bad Boy Joe - Choctaw,badboymower.com
Bad Boy Mowers B&B Garage Lawn Equipment,badboymowers.com
Beck's Farm Equipment INC.,becksfarmequipment.com
"Belger Cartage Service, Inc.",belgercartage.com
Benjohfra Equipment Sales and rental llc,
Bennett Crane Rentals,bennettcrane.com
Better Living Medical Equipment & Repair,betterlivingmedok.com
Big Up Dumpsters,bigupdumpsters.com
BLOSS Sales & Rental,blosssales.com
Bob Lowe Farm Machinery Inc,lowefarm.com
Bobcat of Oklahoma City,totalequipmentandrental.com
Bouncer's Kingdom,bouncerskingdom.com
Branson Tractors of Oklahoma,
Broken Arrow Portable Toilet Rentals,
Bronco Equipment Rental & Sales,broncopowerequip.com
Brown Machinery Co Inc of Norman Oklahoma,brownmachineryok.com
Bucket Truck Sales Ranch,buckettruckranch.com
C Carter Crane Center for Empowerment and Advancement,
C&D Lift LLC,cdliftllc.com
C & E Lawn Equipment,celawnequipment.com
C M Heavy Machinery,cmhm.com
Capitol Lift Truck Inc.,caplift.com
CBI Wire Rope,cbitoolandwire.com
CDLU of Oklahoma,cdlu.us
Cehand Tree service and Land Clearing,cehandtreeservice.com
Central New Holland,
Chupp Implement Co,chuppimplementcompany.com
CL Boyd - OKC,clboyd.com
CMP Equipment Rental & Truck Sales,cmpsales.com
Co-Op Services Inc,coopservicesinc.com
"Cole Equipment & Truck Repair, Inc.",coleequipment.com
Compact Construction Equipment Oklahoma | Rippa Sales,rippasalesoklahoma.com
Contractors Supply Company,contractorsupply.com
COUNTRY EQUIPMENT,countryequipment.com
Crane Solution Supply,cranesolutionsupply.com
Crane Solutions Llc,crane-solutions.com
"CraneTech, Inc.",cranetechusa.com
Creager Equipment,creagerservices.com
Crossland's A&A Rent-All & Sales Co.,crosslandsrental.com
CSTK Oklahoma City,cstk.com
Cummins-Setters Commercial Partners,cscpok.com
Custom Trailer Sales,customtrailersales.com
Daily Medical Equipment # 2,dailymedicalok.com
Deep South Equipment,deepsouthequipment.com
DH Farm Equipment,dhfarmequipment.com
Ditch Witch Of Oklahoma,ditchwitchok.com
DOER Crane Services,
"Double H Services,",doublehservices.us
East-Co Rental Tools Inc,eastcorentaltools.com
"Elevate Crane & Rigging Services, LLC",elevatecranes.com
Ellis Construction Accessories,concreteformsok.com
Enfield Demolition and Excavation LLC,
Enid Rent-All & Banquet Supplies,
"Enlow and Sons Equipment, LLC",enlowandsonsequipment.com
Enlow Tractor Auction,enlow66.com
Epic Party Rentals,epicpartyrentalsok.com
Equipment World Inc,equipmentworldinc.com
Express Restoration Supply - Drying and Water Damage Restoration Equipment Rental and Sales,
Extreme Work & Play/Mahindra of Oklahoma,mahindraok.com
Five:7 Equipment,five7equipment.com
Five Star Industrial Equipment llc - 5 Star Forklift,fivestarforklift.com
Freedom Fun USA,freedomfunusa.com
Frontier Equipment Sales LLC,frontierequipmentsales.com
FROST Equipment LLC,frostequipment.net
GP Rents Edmond,
Great Plains Edmond,greatplainskubota.com
H & J Services,hjservicesenid.com
H & R Lifting & Bucket Services,
Hagan Tractor Parts,hagantractorparts.com
Heavy Truck & Trailer Parts,httparts.net
Hogan Equipment,hoganeq.com
"Holly Material Handling & Equipment, Inc.",hollyequipment.com
Horn Equipment Co.,hornequipment.com
I35 Equipment,i35equipment.com
IBT Industrial Solutions - Muskogee,ibtinc.com
Irasales Restaurant Equipment,restaurantequipmentz.com
Itco Sales,itcosales.com
"James Supplies, LLC",jamessupplies.com
"Jensen Tractor Ranch, Inc",jensentractorranch.com
JH Mobile Mechanic And Heavy Equipment Repair,
Jones Seed Company,jones-seed.com
Journey Productions,rentjp.com
K&L Garage - A King Industries Company,heavytruckrepairlawton.com
K&R Equipment,microtrackhoe.com
Keathley Handling Solutions,khsok.com
Kinnunen Outdoor Power,outdoorpowerhq.com
Kinnunen Sales and Rental,ksrsales.com
"Kirby-Smith Machinery, Inc.",kirby-smith.com
KOT EQUIPMENT AND MOTOR SALES,
L & L Machine Shop,
Lawton Inflatables - Bounce House & Water Slide Rentals,lawtoninflatables.com
Lawton Machine & Welding,
Legacy Party Pros,legacypartypros.com
Legacy Tree & Crane,oktreeexpert.com
LPM Forklift Sales & Services,
M T Equipment Sales,mtequipmentsales.com
Mac Sales & Leasing,macsalesandleasing.com
Mann's Rental & Janitorial Supply,mannsrentalandjanitorialsupply.com
Maverick Machinery,maverickmachineryok.com
Max Lift Inc,maxliftinc.com
MCE Crane Services Inc,mcecrane.net
"MCG Equipment, LLC",mcgequipment.com
Medley Equipment Company,medleycompany.com
Metro Turf Outdoor Power Equipment,metroturf.com
Meyer Dirt Work,meyerdirtwork.com
MicRentals,micrentals.com
Mid Continent Crane,midcontinentcrane.com
Mid Continent Truck Sales,vacuumtrucksales.com
Midwest Crane Services,midwestcraneservices.com
Midwest Farm Supply Inc,midwestfarmsupply.com
Midwest Forklift Inc,
Mike Cooper Tractors,mikecoopertractors.com
Moore Lawnmower Sales & Services,
Moore Porta Potty Rentals,
MRC Lifting Service,mrclifting.com
Murphy Skidsteer Rentals,
Muskogee Portable Toilet Rentals,
Nicoma Park Equipment Rental,nicomaparkequipmentrental.com
Norman Portable Toilet Rentals,
Northwest Crane Service LLC,northwestcraneservice.com
Okc Trailer and Equipment Rental,okcitytrailerrentals.com
Okie Rents Norman,okierents.com
Oklahoma Crane Company,okcraneco.com
Oklahoma Equipment Solutions,oklahomaequipmentsolutions.com
Oklahoma Generator,okgen.com
"Oklahoma Truck & Equipment, LLC",oklahomatruck.com
"Osborn Equipment Sales, Inc.",osbornequipment.com
P&K Equipment,pkequipment.com
Parallel Ag,livingstonmachinery.com
Party Rock Entertainment,partyrockok.com
Pate Industrial Supply Inc,
Pet Vet Farm & Ranch,
Pete's Machine Shop & Engine,
Phelps Equipment Group (PEG),phelpsequipment.com
Pierce Tractor Sales,pierce-tractorsales.com
Pioneer Equipment Inc,pioneerequipmentinc.com
Pioneer Rental Services,
Pippin Brothers Home Services,pippinbrothers.com
Porta Potty Rentals Enid,
Powder Room Potties,powderroompotties.com
Preferred Material Handling,pmhok.com
R&S Construction Equipment Inc,randsconstructionequipmentinc.com
Ramsey's What Ever Store,ramseyswhatever.com
"RCI HVAC & Construction Services, LLC",rciheatingandcooling.com
Readyline Equipment Rental & Construction,readylinerental.com
Red Rock Equipment Rental,redrockequipmentrental.com
Reich Dozer Services,
"Rent 1st - Lawton, Oklahoma",rent1st.com
Rentby,rentby.com
Ron Stephens Service,
Ryno Equipment & Rental,rynorents.com
S & W Equipment,
Sany of Tulsa,sanyoftulsa.com
"Sawgrass Equipment, LLC",sawgrassequipment.com
Semrad Equipment LLC,semradequipment.com
Sharp Equipment,sharpequipmentusa.com
Shaw Pipeline Services,
Sign Dreamers of Lawton,signdreamers.com
SignDynamic Crane Service,signdynamic.com
Smith Farm and Ranch Equipment,smithfarmandranchequipment.com
Smith Farm & Garden,smithfarmandgarden.com
Smith Medical Equipment,smeokc.com
Smith Truck and Equipment Co. LLC.,
Southern Lifting and Hoisting LLC,southernliftingandhoisting.com
Southern Material Handling Company,
SPARK Services,sparkservices.net
Spartan Mowers - Stockyards City,spartanztrmower.com
Specialty Underground Sales & Rentals,
Spencer's Feed & Supply,
"SS Lift, LLC",sslift.com
Steadfast Equipment Rentals,steadfastequipmentrentals.com
Stewart Martin Equipment of Okmulgee,stewartmartinkubota.com
Stillwater City Porta Potty Rentals,
Stockyards City Equipment & Rental - SYC,sycrental.com
Sundance Equipment & Truck Sales,sundanceequipmentonline.com
Sutton Tractor,
Sutton Tractor & Equipment,suttontractortulsallc.com
T & G Construction Inc.,
Taylor Crane & Rigging,taylorcrane.com
Texoma Utility Equipment,texomautility.com
The LimbSaw Company,limbsaw.com
The Tractor Yard,thetractoryard.com
Tinker AFB Outdoor Recreation,tinkerliving.com
Tip Top Crane and Tree Service,tiptoptreeok.com
Tisdell's Implements,
Titan Livestock Equipment,titanlivestockequip.com
Top Hand Ag Equipment LLC,tophandagequip.com
Total Lift Solutions,totalliftsolutions.com
Tractor Bobs,tractorbob.com
Trailer Rentals R Us,trailerrentalsrus.com
Tulsa New Holland,tulsanewholland.com
Tulsa Used Equipment,
United Services Organization (USO),uso.org
US Equipment Rental,
Wako LLC.,wakollc.com
White Star Machinery & Supply,whitestarmachinery.com
Woodall Equipment Co,woodallequipment.com
Works Equipment Rental Tulsa,workseq.com
Wright Tractors LLC,wrighttractors.com
XTreem Tree Services,xtreemtreeok.com
XTS Crane & Rigging,xtscrane.com
Zetor Tractors Stockyards City,zetortractor.com
541 Bounce,541bounce.com
5G Equipment Rentals,5grentals.com
A To Z Party Rental,atozpartyrental.com
Abiqua Rentals,abiquarental.com
Abound Transport,aboundtransportgroup.com
Ace Buyers of Springfield,sites.google.com
"Ace Equipment Specialty Services, Inc.",
Acme Construction Supply,acmetool.com
"Action Heavy Haul, LLC",actionheavyhaul.com
Action Rent-All & Events,actionrent-all.com
Advanced Truck Body & Equipment Co,advancedtruck.com
Affordable Equipment,affordableequipmentinc.com
Affordable Equipment Sales Inc.,affordableequipmentsales.com
Ag-Bag Forage Solutions – Tractor Repair & Farm Equipment Dealer,ag-bagfs.com
Ag West Supply Farm Store,agwestsupply.com
Al's Tractor Sales of Salem,
Albany Rental,albanyrental.net
All-Brand Forklift Repair,
All in One,
All Seasons Equipment,allseasonsequipment.net
"Allied Power Products, Inc.",alliedpower.com
ALRO PARTY RENTAL,alrorental.com
American Barricade Company,ambarr.com
American Crane Services Llc,americancranenw.com
AP Equipment Financing,apfinancing.com
Axis Crane,axiscrane.com
B & B Crane & Rigging LLC,
B & R Rentals,bandrrental.biz
Barbo Machinery & Supply LLC,barbomachinery.com
BCS America LLC,bcsamerica.com
Beaverton Motorcycles & Powersports,beavertonmotorcycles.com
Bend Rigging Supply,bendriggingsupply.com
BigTime Fun Rentals,
Bishop Lifting - Westech Rigging Supply,lifting.com
Blaine Machinery Inc,bobcatofportland.com
Bobcat of Central Oregon,bobcatofcentraloregon.com
Botten's Equipment Rental,bottensrental.com
Branson Machinery LLC (Oregon),
"Bud's Crane Service, Inc.",budscrane.com
Bullfrog Music,bullfrogmusic.net
Burcham's Metals Inc,burchamsmetals.com
Burns Feed Store,burnsfeed.com
Busheler's Chain Saw & Mower small engine repair,
C & E Rentals,canderentals.com
"Calvary Equipment, LLC",
"Canby Rental & Equipment, Inc. (CRE)",canbyrental.com
Capital Pawn Albany,cappawn.com
Capital Rental,capitalrental.net
Cart-Away Supply,cart-awaysupply.com
Cascade Garden Equipment,cascadegardenequip.com
Cascade Tower & Rigging Inc,cascadetower.com
Cascade Valley Rentals,cascadevalleyrentals.com
CBI Forklifts,cbimfg.com
CC Heavy Equipment,
Central Equipment,central-equip.com
Central Event Rentals LLC,centraleventrentals.com
Central Oregon Forklift and Equipment,centraloregonforklift.com
Central Oregon Lawn Center,centraloregonlawncenter.com
Central Oregon Rentals,central-oregon-rentals.com
Central Oregon Tool Library,cotool.org
Central Parts Connection,centralpartsconnection.com
"CESSCO, Inc.",cessco.us
"CJ Equipment Rentals, LLC",cjequipmentrentalsllc.com
Coastal Farm & Ranch,coastalcountry.com
Cohen Aerial Equipment Rental,
"Columbia River Rentals, LLC",rentcats.com
COLUMBIA WESTERN MACHINERY,columbiawesternmachinery.com
Consolidated Towing Inc,consolidatedtowing.com
Contractor Sales & Services,
Cook Crane Corporation,cookcraneservicemedford.com
Cooper Tractor & Equipment,
Corvallis Lawnmower Center,
Corvallis Power Equipment,stihlusa.com
Corvallis Rental Equipment INC,corvallisrentalequipment.com
Corvallis Tool Company,corvallistool.com
Crane Equipment Manufacturing Corporation,grizzlycranes.com
DFR Equipment Services,dfr.repair
Duran Farm & Equipment,
Edge Construction Supply,edgecs.com
"Elam Farms, Inc.",
Elite Equipment,medfordtrucks.com
Elite Equipment Rental,eliteequipment.net
Emerald Power Equipment,
EMP Forklift Repair,empforklift.com
Equipment NW,equipmentnw.com
EZ EXCAVATOR RENTALS,ezexcavatorrentals.com
EZ Rental & Services,ezrentalandservices.com
"Fahey Machinery Co., Inc.",faheyinc.com
Farm Equipment Headquarters,feheq.com
Farmland Tractor,farmlandtractor.com
Feenaughty Machinery Co,feenaughty.com
FGR Equipment,fgrequipment.com
Fischer Mill Supply Inc,fischermillsupply.com
Forklift Headquarters,forkliftheadquarters.com
Forklift Services of Oregon,fsoforegon.com
Forklifts of Portland LLC.,forkliftsofportland.net
"Forslund Crane Service, Inc",forslundcrane.com
Forte Equipment Rentals LLC,forterentals.com
Fowler Aerial Lift Rental,
Fulton Crane & Rigging,fultoncraneandrigging.com
GAINS Fitness Equipment Garage Showroom,gains.fitness
General Equipment,general-equip.com
General Equipment Company,
General Rental Center of Dallas,grental.com
General Trailer Parts LLC,generaltrailerparts.com
Gerlock Towing & Heavy Haul - Heavy Duty & Semi Tractor Trailer Towing,gerlocktowing.com
Global Lift Equipment,usedforkliftsportland.com
"Graddy's Equipment Sales, Inc.",graddysequipment.com
Graham Equipment - Bobcat of Salem,
Grant Skidsteer Rentals,
Grants Pass Equipment Rentals,grantspassrental.com
Greenberry Industrial - Corvallis,greenberry.com
GrowGeneration Hydroponics Store,growgeneration.com
Haley Tractor & Equipment,haleytractor.com
Heavy Equipment Specialties,hespecialties.com
Henderson Equipment - Portland,hendersonequipment.com
High Caliber Millwrights,highcalibernw.com
High Desert Equipment Rentals,highdesertequipmentrentals.com
High Desert Event Rentals,highdeserteventrentals.co
Homes By Crane,homesbycrane.com
Hoodview Tractor,hoodtractor.com
Hooker Creek Equipment and Supply,hookercreek.net
Hunt Tractor,hunttractor.com
Hyster-Yale Group,hyster-yale.com
Independent Forklift Services Inc,ifssales.com
Industrial Source,industrialsource.com
Interstate Crane Rental,interstatecranerental.com
ISC | Industrial Scrap Corporation | Industrial Surplus Oregon | Scrap Metal Recycling and Used Equipment & Machinery,industrialsurplusoregon.com
Jacked Co.,jackedco.com
JB’s Discount,jbsdiscount.com
Johnson Creek Rentals,johnsoncreekrentals.com
Juniper Equipment,juniperequipment.com
K & M Rental Equipment LLC,bendequipmentrental.com
KARM Safety Solutions,karmsafetysolutions.com
Keeco Crane & Rigging Services,
Keizer Outdoor Power Equipment,keizeroutdoorpower.com
Keno Tractors,kenotractors.com
La Pine Tool Rental,lapinetoolrental.com
Lake Oswego Portable Toilet Rentals,
Landmark Equipment,landmarkequipment.com
Lewis Rents,lewisrentspdx.com
LHM Hydraulics Inc,lhmhyd.com
Lift Parts Express Eugene,forkliftpartseugene.com
Lift Parts Express Gresham,forkliftpartsgresham.com
Lift Tech,
Liftparts of Oregon Inc,liftpartsoforegon.com
Linn Benton Tractor,orequipmentsales.com
LKO Equipment,lkoequipment.com
Luxury Restroom Trailers by Privy Chambers,privychambers.com
M and S Equipment Services,mandsequipmentservices.com
MacDonald Hardware & Supply,macdonaldindustrial.com
Machinery Sales Company,machinerysales.com
Mark's Lift Truck Services Inc,mltsforklifts.com
Marks Construction Equipment Rentals,
Marshall Skidsteer Rentals,
Maxim Equipment,maximequipment.com
Menk Machinery,menkmachinery.com
"MFCP - Motion & Flow Control Products, Inc. Medford, OR - ParkerStore",mfcp.com
Michael A Crowley Equipment,crowleyequipment.com
Mid-Valley Tractor Co,mvtkubota.com
"Middleton Heating & Sheet Metal, Inc.",middletonheating.net
Midstate Power Products,plattequipment.com
Mike's Corvallis Bargain Center,mikesbargaincenter-corvallis.com
Milwaukee Material Lifting,milwaukeecrane.com
Moen Machinery Co.,moenmachinery.com
Morris Equipment,morris-equipment.com
"Mountain Pacific Machinery, Inc",mountpac.com
mw equipment rental,mwequipmentrental.com
N&S Tractor,nstractor.com
"N.W. Crane Service, Inc.",nwcraneservice.com
NessCampbell Crane + Rigging,nesscampbell.com
Northwest Lift & Equipment LLC,nwlift.com
NW Abatement Rental,nwabatementrental.com
NW EQUIPMENT RENTAL LLC,nwequipmentrental.com
NW Implement Supply,nwimplement.com
NW Lift Truck Service Inc.,nwlt.com
"Oldham Crane Service, Inc.",oldhamcrane.com
Omega Morgan-Portland,omegamorgan.com
One Stop Rentals and Materials,onestoprentalsandmaterials.com
Oregon Equipment Sales,
Oregon Heavy Equipment Sales Inc,portlandforklift.com
Oregon Tractor,oregontractor.com
Oregon Trailers - Coburg,oregontrailers.com
OSU Adventure Leadership Institute Equipment Rental,recsports.oregonstate.edu
OVERTON Safety Training,overtonsafety.com
OXARC LLC,oxarc.com
Pacific JCB,pacificjcb.com
"Pacific Rental Equipment, Inc.",pacificrentalequipment.com
Pacific Tractor & Implement,pactractor.com
PacWest Machinery LLC,pacwestmachinery.com
Pape Rents,paperents.com
PDQuipment,pdquipment.com
Peak Sports | New & Used Outdoor Gear,peaksportscorvallis.com
PF Supply,pfsupplyonline.com
Philomath Rental,philomathrental.com
Pioneer Rental LLC,pioneerrentaloc.com
Planet Rentals Oregon,planetrentalsoregon.com
Portland Equipment Rentals,portlandheavyequipment.com
Portland Rent All,portlandrentall.com
Power Equipment Systems,pesnet.com
Power Pac Rentals & Sales,powerpacrentals.com
"Power Rents (Salem, OR)",powerrents.com
Power Sports MARINE,psmarine.com
Precision Maintenance & Repair,precisionmachineryandmaint.com
"Pro Weld, Inc.",pro-weld.com
Puddle Jumper Crane Service,puddlejumpertowing.com
"Quality Equipment Sales, LLC",qualityequipsales.com
Rears Manufacturing,rearsmfg.com
Recretec,recretec.com
Redmond Equipment Co. Inc,redmondequipment.com
Reid Rental,reidrental.com
Reverb Rentals,reverbrentals.com
"Rickreall Farm Supply, Inc.",rickfarm.com
"Rippa PNW, LLC",rippapnw.com
River-Bend Equipment Inc,riverbendequipment.com
Riverland Rentals,riverlandrents.com
Rob Rents Adventures,robrentsadventures.com
"Roberts Supply Co., Inc.",robertssupplyco.comcastbiz.net
Rockwood Equipment,rockwoodequipment.com
Rogers Machinery Company,rogers-machinery.com
Rogue Valley Farm Equipment,rvfarmeq.com
S&K Inflatable Rentals,skbounce.com
S & K Wacky Indoor Bounce,wackybounce.com
Salem Mower Repair,salemmowerrepair.com
"Santana Crane, Inc.",santanacrane.com
SG Wilson Truck Equipment,sgwilsontrucks.com
Shady Cove Customs,southernoregonrepairs.com
Silver Lining Rentals,silverliningrents.com
"Sourcing Solutions, Inc - The Crane Mat Co.",cranematco.com
South Commercial Auto Sales,southcommercialauto.net
Spring Creek Sales Inc,springcreekeq.com
Springfield Rentals,equipmentrentalspringfield.com
Star Rentals,starrentals.com
Stark Street Lawn & Garden Portland,starkstreet.com
"Steve Garlock Equipment, Inc.",stevegarlockequip.com
Sunriver Equipment Rentals,sunriverer.com
The Excavators LLC,theexcavatorsllc.com
The Golden Crane,thegoldencrane.com
The Tractor Store,thetractorstoreoregon.com
The Truck Shop - Portland Tractors & UTV's,
Thomson Equipment Co.,thomsonequipment.com
Thorpe Machinery,thorpemachinery.com
ToolBox Project,eugenetoolboxproject.org
Total Rental Center,totalrentalcenter.biz
Transport Equipment Solutions LLC,testanks4sale.com
"Triad Machinery, Inc.",triadmachinery.com
Truck Pros,truckproscorvallis.com
Truck Source Inc,trucksourceinc.com
Tyler Rental,tylerrental.com
United Industrial Equipment,unitedindustrialequip.com
US Crane & Hoist,uscraneandhoist.com
Vernam Crane Service,vernamcraneservice.com
Versalift Northwest Service Center,versalift-northwest.com
Vilas Truck and Trailer Sales,vilastruckandtrailer.com
"W T Equipment, Inc.",wtequipment.com
Wagner-Smith Equipment Co.,wagnersmith.com
"WAGNER Tractor, Inc.",
West Coast Agricultural Construction,
West Salem Machinery,westsalem.com
Whiskey Hill Excavator Rentals,
White Crane Massage Arts,
Willamette Saw Services Inc,
Willamette Valley Crane,willamettevalleycrane.com
Willamette Valley Forklift,
Wilson Equipment - Bobcat of Medford,wilsonequipment.net
Winger Truck & Equipment,wingertrucks.com
Xtreme Equipment Rentals LLC.,rentxtremex.com
York Supply,
Zoll's Lawn & Garden Equipment,zollco.com
191 North Machinery & select salvage,191northmachinery.com
A&H Equipment Company,ahequipment.com
A&N Crane Rental,ancranerental.com
"A.R. Beatty Diesel, Inc.",arbeatty.com
A & R Rental Center,arrentalcenter.com
Access Ability,youraccessability.com
Access Equipment Rentals,accessequipmentrentals.com
Ace Supply,ace-supplyco.com
"Action Lift, Inc.",actionliftinc.com
Action Rental- Essington,actionrental.com
Adam's Material Handling,philaforklifts.com
Adam's True Value,adamstruevaluehardware.com
Addison Farm & Industrial Equipment Inc,addisonfarm.com
Ag-Com LLC | McCormick Tractor Dealer,agcompa.com
Agriteer - Leola,agriteer.ag
Air Conditioner Rental and Leasing Inc.,acrental.co
ALCO Crane Rental,alcocrane.com
All In Dumpster Services,allindumpsterservices.com
Allan Hart And Sons Farm Machinery,harttractor.com
Allegheny Crane & Rigging,alleghenycranerental.com
Allegheny Equipment Rentals LLC,quickrentalnetwork.com
Allegheny Trucks Inc.,alleghenytruckspa.com
Allentown Equipment Corporation,
Allentown Portable Toilet Rentals,
Allison Crane and Rigging,allisoncrane.com
Ally Equipment Rental,
Altoona Hoist & Crane,altoonahoist.com
Altoona Portable Toilet Rentals,
Altoona Small Engine,
Always A Party Rentals,
American Contractors Equipment,americancontractors.com
Andrews Farm Equipment,andrewsfarmequipment.com
Andy's Equipment Exchange,
Angelo Equipment,angeloeq.com
Anytime Truck & Tire Service,anytimetruckservice.com
"Artman Equipment, Inc.",artmanequipmentinc.com
Associated Forklift Inc,associatedforklift.com
Avalon Machinery,avalonmachinery.com
B & R Farm Equipment Inc,bandrfarmeq.com
Bailey's Septic Service Inc,baileyssepticservices.com
Bartron Supply Inc,bartronsupply.com
Bassler Equipment Co,basslerequipment.com
"Bauman Crane Company, LLC",baumancrane.com
Bella Bunny Rella,bellabunnyrella.ueniweb.com
Bergey's Truck Parts & Industrial Supply,bergeystruckparts.com
Best Line Equipment / Bobcat of Mechanicsburg,bestline.com
Best Line Material Handling,bestlinematerial.com
Best Used Skidsteers,bestusedskidsteers.com
Bid Equip LLC,bidequip.com
Black Diamond Equipment Rental Pgh,bd-er.com
Blue Ball Rental & Equipment,blueballrental.com
"Blue Diamond Machinery Sales, Inc.",bluediamondmachinery.net
Blue Steel Rentals,bluesteelrentals.com
Bobcat of Erie,bobcaterie.com
Bobcat of Pittsburgh,bobcatofpittsburgh.com
Bomberger's Rental Center,bombergersrental.com
Boulevard Material Handling,boulevardmaterialhandling.com
Boyer's Rental City,
Brian's Crane Services,
Brightline Equipment Rental,
Brown Farm Equipment,brownfarmeq.com
Bryce Saylor & Sons Inc,brycesaylorandsons.com
Buck Rentals,buckrentals.net
Builders Supply Co,builderssupplypa.com
Burgh Implement,burghimplement.com
Burk's Lawn & Saw Inc,burkslawn.com
Burkholder Tractor And Equipment LLC,burkholdertractorandequipment.com
Burky Implements (James Burkholder Equipment),tractorsinpa.com
BWS Quality Used Equipment,bwsequip.com
C & C Equipment Rentals,candcequipmentrental.com
Carnegie Foodservice Equipment & Supplies,carnegieequipment.com
CASE Power & Equipment of Pennsylvania,casepowerequippa.com
Cava Building Supply,cavabuilding.com
CB HYMAC,cbhymac.com
Ccrane & Rigging LLC,ccranerigging.com
Ceccacci Lift Truck Services Inc,cltsforklift.com
Central Equipment Company,centralequipco.com
"Certified Lift Specialists, Inc.",clsforklift.com
Chet's Forklift Services,
Chong Fook Farm Trading LLC,
Cinvenient Scranton Road service,
"CK Manufacturing, LLC",ckmanufacturing.com
"Cleveland Brothers Equipment Co., Inc.",clevelandbrothers.com
Clouse Crane & Steel,clousecraneandsteel.com
Commercial Truck Sales,webuytrucksusa.com
Commercial Truck Shop - Tom Masano,tommasano.com
Commonwealth Equipment Corporation,commonwealthequipment.com
Compact Power Equipment Rental,compactpowerrents.com
Compression Management Services,compressionmanagement.com
Construction Equipment Guide,constructionequipmentguide.com
"Construction Rental & Supply, Inc.",
"Construction Tool Service, Inc",constructiontoolservice.com
Contractor's Service & Supply,
Contractors Equipment Inc,contractorsequipment-pa.com
Country Machinery LLC,countrymachinery.com
County Crane Rental LLC,countycrane.com
CP Equipment,christianpetersheimequipment.com
Crane Distribution York PA,
Crane Freight & Cartage,cranefreight.com
Crane Rentals LLC,cranerentalsllc.com
"Crane Specialists, Inc.",cranespecialists.com
Cranston Material Handling Equipment Corp.,cmhec.com
Crownstone Equipment / Bobcat of Lancaster,bobcatofyork.com
Crownstone Equipment / Bobcat of York,crownstoneeq.com
Cunningham Equipment,weldingpro.com
D & S Supply Company,ds-supply.com
Dale Koehler & Sons Farm,
"Dale Oxygen, Inc.",daleoxygen.com
Danella Line Services Co Inc,danella.com
"Deer Country Farm & Lawn, Inc.",deercountry.net
Deiter Bros. Heating Cooling Energy,dbrothers.com
Dependable Contractors Equipment Services,
"Ditrich Construction Supply, LLC",ditrich.net
"Dominic's Equipment Rentals, Sales & Service INC",dominicsequipment.com
"Don Parker Sales, Inc.",donparkersales.com
Douglas Equipment & Supply Co,douglasequip.com
Down To Earth Equipment Rentals,downtoearthequipmentrentals.com
Dump and Go Removal Services,dumpandgoremoval.com
"Dunmore Equipment Sales & Supply, Inc.",
EA Equipment & Service LLC Erie pa,eaequipmentservices.com
Eagle Power & Equipment,eaglepowerandequipment.com
Eagle Power & Equipment,eaglepe.com
Eagle Power Kubota,eaglepowerkubota.com
Eagle Rental,eaglerentalcenter.com
"Earthborne - Warrington, PA",earthborneinc.com
Earthmovers Machinery Inc,
East Penn Truck Equipment Inc.,eastpenntrucks.com
Eastern Penn Supply Company,epscowilkesbarre.com
Eckroth Equipment Company,eckrothequipment.com
Elegant Lock And Key,elegantlockandkey.com
Equip Seller,equipseller.com
"Equip Trucking & Warehousing, LLC",equiptrucking.com
Equipment Corporation of America,ecanet.com
Equipment Place LLC,equipmentplacellc.com
Equipment Reuse International,equip-reuse.com
"Equipment Services, LLC",eqsllc.com
Equipment share,
"Erie Rentals, Inc.",
Esh Equipment,contractor-equipment-repair.com
Evening Sun Entertainment DJs & Photo Booth Rentals,eveningsunentertainment.com
Fabin's Trailer Sales & Truck Accessories,fabins.com
"Falzone Towing Service - Cars, Heavy Duty and Semi Tow Trucks",falzonestowing.com
Ferri Crane + Rigging,ferri-design.com
"Fiore Brothers, Inc.",lsfiore.com
Fiore True Value Hardware,fiorerental.com
Fisher's Rental,fishersrental.com
Five Star Equipment,fivestarequipment.com
Flex Equipment Rental,flexequipmentrental.com
"Forrester Farm Equipment, LTD.",forresterfarmeq.com
Franklin Equipment Rental,franklinequipmentrental.com
Frontier Dumpster Rental,frontierdumpsterrental.us
Fry's Power Equipment,fryspowerequipment.stihldealer.net
Fulton Equipment Rental,
Ganzer Equipment Co.,ganzerequip.com
Gap Power Rental,gappower.com
Gar Equipment,
Garden Spot Equipment LLC,gardenspotequipment.com
GB Battery,gb-battery.com
Gerlach's Power Equipment,gerlachs.com
Gil-Con Tool Inc.,gilcontool.net
GOLDEN EAGLE EQUIPMENT,goldeneagleec.com
"Golden Equipment Co., Inc.",goldenequipmentcompany.com
GOW-MAC Instrument Co.,gow-mac.com
Grand Rental of York,grandrentalofyork.com
Grand Rental Station,grserie.com
"Grand Rental Station of Dickson City, PA",grsrental.com
Greater Philadelphia Equipment Company,greaterphiladelphiaequipment.com
"Greenhill Farms Equipment, Inc.",greenhillfarms.net
Greenworks Equipment Rental,greenworksequipmentrentals.com
Greig Equipment Co.,greigequipmentco.com
Groff Tractor & Equipment,grofftractor.com
Ground Protector Mats,groundprotectormats.com
Groundhog Equipment LLC,groundhogequipment.com
H&K Equipment,hkequipment.com
Hackenberg Equipment Sales,hackenbergequipment.com
Hanover Equipment Company,hanoverequipmentco.com
Hansen Equipment Inc.,hansenequipmentinc.com
Harrisburg Forklifts & Material Handling,
Harvey's Rent All,harveysrentall.com
Hawk Music,hawkmusiccenter.com
Hawthorne Crane Rentals,hawthornecranerentals.com
"Heavy Equipment, Loaders & Parts, Inc.",heavyequipmentloaders.com
Hershey Equipment Co Inc,hequip.com
Hess Estate Liquidators/Hess Estate Marketplace/ Hess Recycling and Project Solutions LLC,
Hetrick Farm Supply Inc,hetricksfarmsupply.com
HIGH FLOW FUNDING LLC,highflowfunding.com
Highway Equipment & Supply Co.,hwyequip.com
Hildebrand Machinery Co,hildebrandmachinery.com
Hines Equipment,hinesequipment.com
Hinkel Equipment Rental Associates,hinkrent.com
Holland automotive equipment,
Hometown Rentals and Sales LLC.,hometownrentalsllc.com
"Hoober, Inc.",hoober.com
Hoover Tractor,hoovertractor.com
Hunter Truck - Allentown,huntertruck.com
I.B. Dickinson & Sons Crane Service,ibdickinson.com
InHome Oxygen & Medical Equipment,inhomeoxygen.net
Iron Advantage LLC,ironadvantagellc.com
"Iron Stag Crane Service, Inc",ironstagcrane.com
Iron Valley Equipment,
J&D Lawn and Tractor Sales Inc,jdtractorsales.com
J&H Excavating Company,jandhexcavating.com
J J Clark Co Forklifts,jjclarkinc.com
J&M Used Farm Equipment,
J.O FLEET SERVICE LLC,jofleetservice.com
J. Thomas Crane Company,jthomascraneco.com
Jackson Cranes Inc.,
Jansen Crane Services,jansencraneservices.com
JB Event Rentals,jbeventrentals.com
JD Equipment,jdequip.com
JD Equipment and Rental LLC,jdequipmentandrentals.com
Jefferson Hills Lawn & Equipment,jeffersonhillslawn.com
Jerry Walters Forklift Sales,
JM Equipment Sales LLC,jmequipsales.com
Kelly Mahindra,kellymahindra.com
Kenworth Of Pennsylvania,kwofpa.com
Keystone Construction & Mining Equipment,keystonecme.com
Keystone Crane and Hoist Company,keystonecrane.com
Keystone Equipment Sales and Service,keystoneequipmentsalesservice.com
Kinsley Construction - Heavy Equipment Shop and Storage Yard,kinsleyconstruction.com
Kissell Power Equipment,kissellpower.com
Knickerbocker Russell Co Inc,bignick.biz
Knox Equipment Rental Inc,knoxrentals.com
"Labuda Farm Service, Inc",labudafarmservice.com
Lancaster Parts & Equipment,lancasterpartsandequipment.com
Lane's Crane Service,lanescraneservice.com
"Langer Material Handling, Inc.",langermhi.com
Leabrook Farm & Repair,
Leader's Farm Equipment,leadersfarmequipment.com
"Lehigh Construction Sales Co., Inc.",lehighconstruction.com
Leon Equipment,leonequipment.com
Leveled Up Luxe Rental,leveleduprentals.com
Lift-Co Equipment Services Inc.,
"Lift, Inc.",liftincorporated.com
Liftpro Crane Services LLC,liftpro247.com
Long Lane Tractors,lltractor.com
Longenecker's Inc.,longeneckersincequipment.com
Ludwig's Construction Equipment,ludwigsequipment.com
M J Spott Construction Co,mjspott.com
M & R Power Equipment Group,mrpowerequipment.com
Maddalo Crane Rental,
MAHINDRA of Greensburg,mahindraofgreensburg.com
MANSFIELD CRANE SERVICE,mansfieldcrane.com
Maranuk Trucks & Heavy Equipment,maranukequipment.com
"Marshall Machinery, Inc. - Clarks Summit",marshall-machinery.com
"Matteson Heavy Equipment, LLC",mattesonheavyequipment.com
Maxwell Truck & Equipment,maxwelltruckandequipment.com
Mc Gill Equipment,
McCarthy Tire Service,locations.mccarthytire.com
McDowell Implement,mcdowellimplement.com
McGrew Auction Company,mcgrewauction.com
"Medico Construction Equipment, Inc.",medicoce.com
"Meier Supply Co., Inc.",meiersupply.com
Melcher Crane Company,melchercrane.com
Mercer Machine & Hydraulics Inc,mercermachineandhydraulics.com
Messick Farm Equipment,messicks.com
Messick's Lancaster Tractor,
Mid Atlantic Industrial Equipment,midatlanticindustrial.com
Mid Atlantic Machinery Inc.,midatlanticmachinery.com
Middletown Tractor Sales,middletowntractor.com
Miller Tractor LLC,millertractorllc.com
"Modern Group, Ltd",moderngroup.com
Morris Machinery,morrismachinery.com
Mountain View Supply & Rental (Ace Hardware),mtviewsupply.com
Mountain View Tractor LLC,equipmentinventory.tractorhouse.com
Murphy Family Inc.,murphyfamilyinc.com
Myers Equipment,
Neal Equipment,nealequipment.com
NEPA Crane & Hauling,nepacrane.com
NEPA Liquidation,nepaliquidation.com
NESCO Rentals,
Nevco Rental LLC,nevcorent.com
New Specialty Lift Truck Inc.,
Newswanger Crane And Trucks,newswangercranes.com
"NICO Excavator Attachments, LLC",
Nolt's Power Equipment LLC,noltspower.com
North Mountain Equipment Rental,northmountainrental.com
OEC Rentals,oecrentals.com
Old Forge Power Equipment,oldforgepower.com
Omnivent Inc,omnigreatevents.com
On Time HVAC Rentals,ontimehvacrentals.com
Opdyke,trucks123.com
ORE Rentals - Quakertown,orerentals.com
Orlan Truss Hauling,orlantruss.com
Overhead Crane Sales and Service LLC.,overheadcranesalesandservice.com
Owen Construction Equipment Rental,
"PA Industrial Equipment, Inc",paindustrial.com
PA Truck Center,patruckcenter.com
Panther East,panthereast.com
Parallel Supply Co.,parallelsupplies.com
Patriot Contractors Equipment Sales & Supply,patriotequipment.us
PDS Crane Services,pdscrane.com
"Pengate Handling Systems, Inc.",pengate.com
Penn Public Truck & Equipment,pennpublicinc.com
Penn Valley Industrial Service Inc,
PennDel Equipment Rental,penndelrental.com
Pennsylvania Crane Company,pacraneco.com
Pennsylvania Equipment Rental,paequipmentrental.com
Pennsylvania Farm Show Complex & Expo Center,farmshow.pa.gov
Pennsylvania Steel Co. Inc. - Throop Division,pasteel.com
PGE Rentals & Pro Group Equipment,pgerentals.com
Pikeville Equipment Inc.,pikevilleequipment.com
Pittsburgh Crane & Conveyor Co,pittsburghcraneconveyor.com
Pittsburgh Pallet Racking,pittsburghpalletracking.com
Powells Sales Service & Rental,powellsequip.com
PowerPro Equipment,powerproequipment.com
Prestige Crane Rental Services,
Priority Crane Rentals,prioritycranerentalspa.com
Pro Crane Rentals,procranerentals.com
Pro Power Equipment,propowerequip.com
Quality Used Equipment,qualityusedequipment.net
"R. L, Newswanger Crane Services",
Ra Greig Equipment Co,
Rapid Rush Rentals,rapidrushrentalsllc.com
Reading Crane and Engineering,readingcrane.com
Reliance Crane & Hoist,reliancecrane.com
Rent-A-Lift-Plus LLC,constructionrentalequipment.com
Rental Time,rentaltimeonline.com
Rental World - Equipment Rental,rentalworldpa.com
Rental World - Party & Event,eventsbyrentalworldpa.com
Resource Rentals and Sales,resource-rentals.com
Restoration Tractor Sales,ih1066.com
Ridgeline Trailer Services,ridgelinetrailerrental.com
Roberts Four Season Inc.- Husqvarna/Scag Power Equipment and Parts,altoonamowers.com
ROG'S Inc,rogsinc.com
"Rotating Machinery Services, Inc.",rotatingmachinery.com
Rothrock Equipment Rental,rothrockequipmentrental.com
Round 2 New & Used Gym Equipment,round2altoona.com
Royal Forklift Service Inc,royalforkliftinc.com
RP Equipment Inc,rpequipmentpa.com
RP Equipment USA,rpequipment-usa.com
"S & S Tools & Supplies, INC",sstoolsupply.com
Salt River Sales Inc.,saltriversales.com
Sandy Lake Implement,sandylakeimp.com
Sautter Crane Rental,sauttercrane.com
Scranton Grinder & Hardware,scrantongrinder.com
Scranton Heavy Duty Truck Center,
Scranton Rent All Corporation,scrantonparty.com
Service Supply Corporation,servicesupplycorp.com
Shertzer Equipment Group,segusedequipment.com
SITECH Allegheny,sitechallegheny.com
SITECH Metro Northeast,sitech-metronortheast.com
Sky Point Crane,skypointcrane.com
Slaymaker Rentals,slaymakerrentals.com
SmitHahn Co Inc,smithahn.com
"South Hills Mower, Inc",southhillsmower.com
Southern York Turf & Tractor,sytt.com
Standard Concrete Products,standardconcreteproducts.com
Steel City Mower & Plow,steelcitymowerandplow.com
"Steffan Industries, Inc.",steffanindustriesinc.com
Steighner Crane Services Inc,steighnercraneinc.com
Stephenson Equipment,stephensonequipment.com
Stephenson Equipment JCB,stephensonequipmentjcb.com
Stetson Brothers Equipment Rental,rent.stetsonbrothersace.com
Stewart-Amos Equipment Co.,stewartamoseqpt.com
STITZEL FARM EQUIPMENT,stitzelfarmequipment.com
Stitzer Crane Service,stitzercrane.com
Stoney Creek Rentals,stoneycreekrentals.com
Styer Crane Service Inc,
"Sun Stairlifts Scooters & More, LLC",sunstairlifts.com
Superior Heavy Equipment & Repair Inc.,
Superior Oxygen & Medical Equipment,superioroxygen.com
T L Jackson Construction Inc.,tljacksonconstruction.com
"T. W. Reiss, Inc.",twreiss.com
Thackray Crane Rental,thackraycrane.com
Thayer Crane Service,wittstree.com
The Bounce House Party - Scranton,thebouncehouseparty.com
Three Rivers Machinery,sheetmetalmachinery.com
Town Square Rental Inc,townsquarerentalinc.com
"Toyota Material Handling PennWest, Inc.",pennwestlift.com
Tractor Brothers,tractorbrothers.com
Tractor Source,tractorsource.store
Trailer Corner,trailercorner.com
TransEdge Truck Centers,transedgetruck.com
Tri-County Tool Depot,
Tri State Industrial Solutions,tri-state-industrial.com
Tri State Landscape Equipment And Supplies,tristatesupply.net
Trion Equipment Sales Llc,trionequipment.com
"Tristate Equipment Holdings, LP",tristate-equipment.com
Trupar America,truparamerica.com
TW Construction Heavy Equipment Rental,
Ty Rents Event Rentals LLC,tyrentseventrentals.com
Uplifting Crane LLC,upliftingcrane.com
Upright Material Handling,uprightmaterialhandling.com
Valley Power Equipment,valleypower.com
Valley Truck & Trailer Sales & Service Inc,valleytruckinc2.com
"Versalift East, LLC",east.versalift.com
Versatile Crane Rentals,versatilecranerentals.com
Volvo Construction Equipment,volvoce.com
Wagman Metal Products Inc,wagmanmetal.com
Walker's Mower & Equipment,walkermowequip.com
Walker & Walker Equipment,wandwequipment.com
Walter W. Zeigler's Sons,zeiglerconcrete.com
Warner Tractor & Equipment Inc,warnertractor.com
Warren's Honda,
Watson's Inc,watsonsinc.com
Waves Equipment Source Inc.,wavesequipmentrental.com
Weaco Equipment,weacoequipment.com
Weaver Equipment Sales LLC,weaversequipment.com
Weldon Equipment,weldonequipment.com
Wengers of Myerstown Farm Machinery & Tractor Parts,wengers.com
Wes Stauffer Equipment LLC,wesstauffer.com
West Central Equipment,westcentraleq.com
West End Equipment,westendequipment.com
West Philly Tool Library - WPTL,westphillytools.org
Western PA Supply Co.,westernpasupply.com
"Westmoreland Equipment, Inc.",westmorelandequipment.com
White Cap,whitecap.com
Whitehall Turf Equipment Inc,whitehallturf.com
Widespread Rentals and Equipment,widespreadrentals.com
Wilcox Skidsteer Rentals,
Wilt's Septic Service & Excavating,hueyservices.com
Winola Excavating,winolaexcavating.com
Wolfe's Rental Company,wolfesrentals.com
Wolverton's Cycling & Fitness,wolvertonsbikes.com
Wood Lake LLC,woodlakellc.com
Woodstock Power Co,woodstockpower.com
Worldwide Construction Equipment,wceq.com
Xpress Crane Service - XCS LLC,
York Building Products - Shrewsbury Facility,yorkbuilding.com
York Tractor Inc,yorktractorinc.com
YorkHoist,yorkhoist.com
Young's Medical Equipment,
Zeisloft Farm Equipment,zeisloftequip.com
19 Leasing,19leasing.com
387 Charles St Tool Rental,
A-1 Restaurant Supply,a-1restaurantsupply.com
After 5 Party Rentals LLC,after5partyrentals.com
Alan’s Tree Service,alanstreeservices.com
All Outdoors,alloutdoorspower.com
Allstate Restaurant Equipment Inc,allstaterestaurantsupply.com
American Equipment & Fabricating Corp,american-equipment.com
American Lawnmower Service,americanlawnmowersvc.com
American Surplus,americansurplus.com
Anderson Motors,andersonmotors.com
Aquidneck Machine,
Atlas Scaffolding & Equipment,atlasri.com
ATR Treehouse,atrtreehouse.com
Automatic Heating Equipment Inc,autoheatri.com
B&B Motorsports formally MTR Racing,bbmotorsportsri.com
"B&D Sales , A Stuller Company",bdsales.com
Ballard Truck Center of Johnston,ballardtrucks.com
Beam Truck & Body Inc,beamtruck.net
Beauchemin Lumber,beaucheminlumber.com
Bedrock Contractor Supplies & Rentals,bedrocksupplies.com
Bobcat of Rhode Island,bobcatct.com
Bounce Kings Rental,bouncekingsrentals.com
"Bounce, LLC.",bouncepartyri.com
Brookline Machine Company Inc,brooklinemachine.com
Bulk Lawn & Garden,bulklge.com
Burns Power Tools & Sharpening,burnstools.com
Cal Supply Co,calsupplycompany.com
Cap City of R I,capcityofri.com
Cleantech Services Inc,os-ct.com
Clement Machine Tool Co Inc,
Clutch Gear Rentals,clutchgearrentals.com
Contractors Supply Inc,csi-ri.com
CopEx Inc,copexinc.com
"Countertops by Superior, Inc.",countertopsbysuperior.com
Crane Salvage Co,cranesalvageinc.com
Cranston Crane LLC,
Dexter Crane & Rigging,dextercraneandrigging.com
Doering Equipment Co Inc,doeringeq.com
Dupuis Energy,dupuisenergy.com
E.A. Marcoux & Son,
E-Z Dumper & Trailers,ezdumperandtrailers.com
"Eastern HVAC Solutions, LLC",easternhvacsolutions.com
Ed & Matt Equipment Services,edandmatt.com
Fastcash Pawn & Checkcashers,fastcashri.com
Forklift Rentals Woonsocket,
Freedom Equipment LLC,freedomequipmentrepair.com
Fuel & Flame,fuelandflame.com
Gearhead DIY Super Center,gearheadri.com
Genalco Inc,genalco.com
Gladu Dumpster Rentals,gladudisposal.com
Gold Industrial Machinery Co,goldmachinery.com
Happy bounce house,
Heavy Metal Recycling,heavymetalri.com
Henry remorque providence,
Howard Johnson Inc,howardjohnsoninc.com
icrane,
Imperatore Corp.,imperatorecrane.com
Independent Pipe and Supply Corporation,indpipe.com
"Iron Haulers, Inc.",iron-haulers.com
"J & S Rentals, Inc.",jsbouncerentals.com
"JD Lacourse & Son, Inc.",jdlacourseandson.com
Jesse’s carts,jessescarts.com
Job-Site Equipment Corp.,jobsiteequipment.com
"John Crane, Inc.",schoolofamericansafety.org
JS Pallet Company,jspalletinc.com
Kärcher Store Landa Pressure Washers of RI,landapressurewashers.com
Kamco Supply of New England,kamconewengland.com
Kent County Lawnmower,kentcountylawnmower.com
L Sweet Lumber Company Inc.,lsweetlumber.com
Leonard Safety Equipment Inc,leonardsafety.com
Maxx Trailer Rentalz LLC,
Mike's Professional Tree Services,mikesprotreeinc.com
"Mike's Truck and Trailer Repair, LLC",mikestruckandtrailerpawt.com
Motors Hoists & Controls,
MRL Equipment Rental,
My Cousin Vinny's Rentals,mycousinvinnysrentals.com
My Sons Inflatables,mysonsinflatables.com
"New England Highway Technologies, LLC",nehighwaytech.com
New England Lift Truck Corporation,nelift.com
New England Tractor Trailer Training School (NETTTS),nettts.com
New England Truck Solutions,netrucksolutions.com
"North American Crane & Rigging, LLC",nacranes.com
NorthStar Rentals,northstarrental.com
NPW – Northeast Division (formerly Racer’s Equipment Warehouse),
Ocean State Rental Company,oceanstaterental.com
Ocean State Truck & Equipment Sales,oceanstatetruckandequipment.com
"Onsite Truck Repair, Inc",fisherplow.com
Pat's Power Equipment,patspower.com
"Paul Masse Chevrolet, INC.",paulmasseeastprovidence.com
Porta Potty Rentals East Providence City,
Preferred Equipment Resource,prefeq.com
Quality Rental,qualityrental.com
R E Barry Pumps Inc,barry-pump-pro.base44.app
R I Petroleum Equipment Co,
Ray & Sons Farm and Fleet LLC,rsfarmandfleet.com
Regional Crane and Transport,regionalcraneandtransport.com
Rent-A-Center,locations.rentacenter.com
Restaurant City Providence,restaurantcity.com
Rhode Island Grinding Service,lawnsnowri.com
"Rhode Island Harvesting Company, Inc.",rhodeislandharvesting.com
Rhode Island Truck Center,rhodeislandtruckcenter.com
RI Truck and Trailer,ritrailersales.com
"Rice Machinery Machine Tools SALES, Service",ricemachinery.com
Richard Champlin Crane Services,
S​TEEL GIRAFFE LLC,steel-giraffe.com
Santos Crane,santoscrane.com
Scheman Boom Lift Rental,
Scituate Power Equipment,scituatepowerequipment.com
Scotty's Adventures,scottysadventures.com
Sheppard Aerial Equipment Rental,
Sky Hook Crane Services,skyhookcrane.net
Snyder Aerial Equipment Rental,
Southern RI Equipment Sales,
STAMAS Auto and Truck Center,stamasauto.com
Stephen Roy Power Equipment,stephenroypower.com
Stonington Power Equipment & Trailer,stoningtonpower.com
Superior Fence & Rail of Rhode Island & Southeast Massachusetts,superiorfenceandrail.com
Taylor Rental North Kingstown,taylorrentalnk.com
Taylor Rental Of Warwick,rentalswarwickri.com
Taylor True Value Rental,taylorrentalwarren.com
Taylor True Value Rental Of Warwick,
Technic Equipment,technic.com
That Rental Place on 6,
"The Law Office of Michael D. Crane, L.L.C.",mcranelaw.com
Tractor Supply Co.,tractorsupply.com
"Tri-Power Sales & Service, Inc.",tripowersales.com
Truck Pro,truckpro.com
Walco Electric Co.,walcokip.com
Warwick Portable Toilet Rentals,
Warwick Tree Service Inc,warwicktree.com
Wickford Appliance Sales & Service,wickfordappliance.com
Yankee Supply Company,yankeesupply.com
4M Iron LLC,4miron.com
A-1 Equipment Rentals,a-1equipmentrentals.com
"A to Z Equipment Rentals of SC, Inc.",a-zrentals.com
A-Z Outdoor Equipment,a-zoutdoor.com
Aaro Rental Center,aarorentalcenter.com
"Abilene Machine, LLC - Bishopville, SC",abilenemachine.com
AFP Industries Hose & Equipment ParkerStore,afpind.com
Ahern Rentals,ahern.com
All Service Industrial llc,allserviceind.com
Allstate Crane Rental,rentallstatecrane.com
Altman Tractor Co.,altmantractor.com
AMECO,ameco.com
American Materials Company,americanmaterialsco.com
AMS Equipment Rental,amsequipmentrental.com
Anchor Hardware Inc,
Anderson Crane Services,needacrane.net
Applied Machinery Sales (AMS),
"ArborNature Site Solutions, Inc.",arbornaturesitesolutions.com
Asheville Hwy Rental,ashevillehwyrental.com
Atkins Machinery LLC,atkinsmachinery.com
Atlantic Bike Rentals,atlanticbikerental.com
Atlantic Coast Aerial Equipment,atlanticcoastaerial.com
Atlas Copco Power Technique US Headquarters,atlascopco.com
Barth Crane Inspections,craneoperator.com
Batson Equipment Sales LLC,batsonequipment.com
Beard Equipment Company,beardequipmentgolf.com
Beekeeping Equipment for Sale,fastbees.net
Bennett Equipment & Supply,
Bergmann Americas,bergmannamericas.com
Bestway Barns,bestwaybarns.com
BG Industrial,bgindustrialvac.com
Big Job Rentals,
Big Red Inc,bigredinc.com
"Black Oak Equipment Rental, LLC",blackoakrentals.com
Blanchard Machinery Headquarters - Columbia,blanchardmachinery.com
Blanchard Used Parts - Columbia,shop.blanchardmachinery.info
Blue Best Equipment Sales,bluebestequipmentsales.com
Blue Star Rental & Sales Inc,bluestarrental.com
Blue Water Equipment Group,bwequipmentgroup.com
Bobcat of Myrtle Beach,bobcatofmyrtlebeach.com
Bobcat of Rock Hill,bobcatofrockhill.com
Boiling Springs Small Engine,boilingspringssmallengine.com
Boltons Equipment Company,
Bruce Equipment,bruceequipment.com
BTM Machinery,btm-machinery.com
Campbell Crane & Boom Truck,
Campbell Crane Rental,campbellcranerental.net
Campbell Crane Rental & Truck,
Capitol Materials Coastal,cmcoastal.com
Carolina Agri-Power LLC,carolinaap.com
Carolina Construction Equipment,carolinaconstructionequipment.com
Carolina Earth Movers Equipment Sales & Services LLC,carolinaearthmover.com
"Carolina International Trucks and Idealease CHARLESTON, SC",carolinainternational.com
Carolina Power Equipment Inc,carolinapowerequ.com
Carolina Rides,carolinarides.com
Carolina Truck & Trailer Parts LLC,carolinatruckparts.com
Catoe's Power Equipment,catoespowerequipment.com
CCS Carolina Construction Supply LLC,carolinaconstructionsupply.com
CERTEX Charleston's Rigging & Marine Hardware Inc.,certex.com
"Certified Crane Service, LLC",certifiedcrane.com
"Certified Forklift Service, LLC",
Charleston Heavy Lift,charlestonheavylift.com
Coastal Crane Services,coastalcranemb.com
Comer Equipment Co,comerequipmentcompany.com
"Concrete Supply Co., LLC",concretesupplyco.com
Contractor Nail & Tool - Mt. Pleasant,contractornailandtool.com
CORKYS OUTDOOR POWER EQUIPMENT,corkysope.com
CRANE - Instrumentation and Sampling,hoke.com
Cross County General Rental,crosscountyrental.net
Cross Island Bike Rental,crossislandbr.com
Crush Entertainment,crushisland.com
Custom Equipment Company,cecmhs.com
"DILLON TRACTOR & IMPLEMENT CO., INC",dillontractor.com
"Driggers Small Engine, Inc",driggerssmallengine.com
Dukes Equipment Co,dukesequipment.com
Dynamic Equipment Group,dynamicequipgroup.com
"Earl Dudley, LLC",earldudley.com
Easy Rentals Inc,
eFoil Hilton Head,efoilhiltonhead.com
Engineered Systems - Overhead Crane and Hoist Experts,esincorporated.com
Equip Pro Rentals,equipprorentals.com
Equipment Rental Service,ersincorporated.com
Equipment Rental Services,
Equipment Sales and Parts,equipmentsalesandparts.com
"Event Rentals, Inc",event-rentals.com
Farran Equipment Co,farranequipmentco.com
Fire Equipment Sales & Services,
First Truck Parts,firsttruckparts.com
Florence Porta Potty Rentals,
Florence Porta Toilet Rentals,
Florence Truck Center Inc,bunchtruckgroup.com
Forklifts Unlimited & Services Inc.,forkliftsunltd.com
Four Bridges Small Engine,
Fred Caldwell Tractors,fredcaldwelltractors.com
"Frederick Rentals, LLC",frederickrentals.com
Freedom Equipment Rental,corkoakrentals.com
G and J Equipment Rental,gandjequipment.net
Gala Affairs,galaaffairs.com
Gearheadz Equipment Rentals,rent.gearheadzus.com
Gearheadz Equipment Sales,gearheadzus.com
Geno's Crane Service,
Getaway Gear Rentals,getawaygearrentals.com
"Gibby's Inflatables, LLC",gibbysinflatables.com
Goodlett Equipment Inc,
Grayco Hardware and Home,graycoinc.com
Greenville Tractor Co Inc,greenvilletractor.com
Gregory Poole Lift Systems - Charleston,gregorypoolelift.com
"Gunny's Equipment Rentals Lowcountry, SC",gunnysequipmentrentals.com
Gusta's Outdoor Power Equipment,gustasoutdoorpower.com
H2O Sports,h2osports.com
Handling Services Inc,handlingservices.com
Harbour Construction LLC,harbourconstructionllc.com
Hartsville Outdoor Equipment,hartsvilleequipment.com
Hawk Farms Skid Steer Attachments and Tractor Implements,hawkfarms.com
HeavyTech Corp.,heavytechcorp.com
Helms Farm Machinery,helmsequipmentsc.com
Highland Equipment,
Hills Machinery,hillsmachinery.com
Hilton Head Baby Rental,hiltonheadbabyrental.com
Hilton Head Beach Gear,beachgearhiltonhead.com
Hilton Head Outfitters & Bike Rentals,hiltonheadoutfitters.com
Hilton's Power Equipment,hiltonspowerequipment.com
Hilton's Small Engine & Equipment Repair LLC,lowcountry-mobile-mechanic.square.site
Holliday's Equipment,
"Horsepower Crane, LLC",horsepowercrane.com
"Hudson Industrial Equipment, LLC",hiellc.com
Hughes Event Rentals,hughesrental.com
Humphries Farm Equipment,humphriesfarmequipment.com
Husqvarna Construction Products,husqvarnacp.com
Infinity Wholesale & Supply LLC 722 Hayne St,infinitywholesaler.com
International Crane,
Interstate Rentals & Services,interstatetrailerrentals.com
Island Head,islandheadhhi.com
Island Rentals of Hilton Head,islandrentalshhi.com
Island Restaurant Equipment & Design,islandrestaurantequipment.com
Ivey's Equipment,scfarmsales.com
J&J Forklift Services,forklift-services.com
"JD Tractor Stuff, LLC",jd-tractor.com
Jet-Vac Equipment Company,jet-vac.com
John's Island Tool & Party Rental,johnsislandrental.com
John's Music,johnsmusichhi.com
Jtec Equipment,jtecindustries.com
JunkAway Dumpster Rental,junkawaydumpsterrental.us
K-Tech Equipment Sales,ktechequip.com
King Machine of South Carolina,kingmachinemolds.com
Kingdom Crane,kingdomcrane.com
KION North America Plant 1,kion-na.com
"Kissimmee Auctions, Inc.",kissimmeeauction.com
"Kuhn Equipment Sales Co., Inc.",kuhnequipment.com
L&L Enterprises LLC,lnlenterprisesllc.com
Lift South,liftsouth.com
Limehouse & Sons Inc.,limehousesons.com
"LineLock Equipment, LLC.",linelockequipment.com
"Low Country Truck & Tractor, LLC",lowcountrytruckandtractor.com
"Lowcountry Equipment Repair, LLC",ler-sc.com
Lowcountry Equipment Sales and Services,lowcountryequipment.net
Lowcountry True Value Hardware,lowcountryhardware.com
Lowcountry Watersports,lowcountrywatersports.com
"LowSea Bike, Beach and Baby Rental",hiltonheadbikerental.com
Macemore Crane LLC,macemorecrane.com
Machine Builders USA,machinebuildersusa.com
MACS Crane and Rigging,macscrane.com
Mahindra of Anderson,mahindraofanderson.com
Mahindra of the Upstate,sctractor.com
MAJ Enterprises Inc,majenterprisesinc.com
MB Equipment Rental,mb.solutions
McAbee Crane Services,
"McCall's Supply, Inc. - Sumter, SC",mccallsinc.com
MHT,mht.world
Mid-South Lift,greenvilleforklift.com
Mims Crane - Greenville,mimscrane.com
Morton Amusement,mortonamusement.com
Moseley Outdoor Power Equipment,mopeinc.com
Mount Pleasant Portable Toilet Rentals,
MSI-Forks,msiforksinc.com
Nance Tractor & Implement Inc,nancetractor.com
New South Forklifts,newsouthforklifts.com
Nichols Equipment,nicholsequipmentinc.com
Norman Construction Equipment Rentals,
North Charleston Porta Potty Rentals,
O'Neill's Outdoor Power Equipment/ Master of the Links,masterofthelinks.com
Oakway Tractor Inc,oakwaytractor.com
Onyx Equipment Rentals,onyxeq.com
Outside Specialty Retail,shopoutside.com
Pageland Farm Equipment,pagelandfarmequipment.com
Palmetto Equipment And Rentals LLC,
Palmetto Farm Supply,
Palmetto Machinery,palmettomachinery.com
"Palmetto State Crane Service, LLC.",
Palmetto State Rentals,palmettostaterentals.com
Palmetto Tractor & Excavating Services,palmettotractor.com
Panda Solutions LLC,pandasolutionsllc.com
Parker Farm Supply Co,
Pioneer Farm Equipment Inc.,pioneerfarmsc.com
Pioneer Rental,pioneer-rental.com
PLC Rentals,plc-rentals.com
Pocalla Small Engine & Garden,
Powell Tractor Massey Ferguson Dealer,powelltractor.com
"Professional Forklift Engineering Services, LLC",lifttruckcapacitycalculator.com
Ravenel Truck & Equipment,raveneltruckandequipment.com
Ray's Tractors,raystractors.com
Regional Material Handling,rmhinc.com
"Reiselt's Rigging, Inc. Mobile Crane Services",reiseltsrigging.com
Renegar Driggers Machinery Co,rdcranes.com
Rental Pro,rentalprochs.com
RJ Shirley,rjshirleysc.com
Robertson Equipment International,robertsonei.com
"Rock Hill Ag and Landscape, Inc.",
Rock Hill Portable Toilet Rentals,
Rock Solid Equipment LLC,rocksolidequipmentco.com
Romero Aerial Lift Rental,
S&K Rentals,sandkrental.com
Scott Equipment and Surfacing,scottequipmentandsurfacing.com
Sea Island Equipment Rentals,seaislandequipmentrentals.com
Sea Monkeys Watersports,seamonkeyshhi.com
Service Industrial Supply,sistoolsc.com
Shelter Cove Harbour & Marina,sheltercovehiltonhead.com
Shore Beach Services,shorebeach.com
Sisson Scale & Equipment Inc.,sissonscale.com
SITECH Palmetto,sitechpalmetto.com
SK Crane Solutions,skcranesolutions.com
Southeast Regional Handling,southeastregionalhandling.com
Southeastern Crane Services,southeasterncraneservices.com
"Southeastern Equipment & Supply, Inc.",southeasternequipment.net
Southern Lawn Equipment,southernlawnequipment.com
"Southland Equipment Service, Inc.",southlandsc.com
Sparrow & Kennedy Tractor Company,sparrowkennedy.com
Spartanburg City Porta Potty Rentals,
Spear Equipment LLC,spearequipment.com
Specialized Parts & Equipment,specializedpartsandequipment.com
StartBeaching - Beach Wagon Rentals,startbeaching.com
Steen Enterprises,steenent.com
Stingray Stu's,stingraystus.com
Summerville Portable Toilet Rentals,
Sumter Machinery Co,
Sumter Outdoor & Equipment,sumteroutdoor.com
Sumter Porta Potty Rentals,
Superior Cranes Inc. Spartanburg,superiorcranes.com
"T.B. Powell Crane & Rigging, LLC (Charleston)",tbpowellcr.com
TEC Equipment,tecrental.com
The Ironpeddlers Inc.,ironpeddlers.com
The Tractor Mart,thetractormart.com
"Thompson Construction Group, Inc.",thompsonconstructiongroup.com
Thompson Rentals & Sales Lexington,thompsonrentalservices.com
Toggle Rentals,togglerentals.com
Tractor Traders Inc,
Truck Supply Company of South Carolina,trucksupplyco.com
Tyler Equipment Co Inc,tylerequipmentcompany.com
Upstate Equipment Repair,upstate-equipment.com
Urquhart Trailer Rentals LLC.,urquharttrailerrentals.com
Us Ditcher/Dondi USA,
US Forklift Parts,forkliftparts.us
Vacation Mobility Solutions,vacationmobilitysolutions.com
VaVia Dumpster Rental Hilton Head,govavia.com
W & W Truck & Tractor Inc,wwtractor.com
Wando Power Equipment Company Inc.,wandopower.com
Waters Edge Equipment Rentals,watersedgeequipmentrentals.com
Wheelz of Hilton Head,rentwheelz.com
Wilkins Aerial Equipment Rental,
"Win-Win Lawn Care and Rental, LLC",rentle.store
Yarborough Tractors & Equipment,yarboroughtractor.com
"A Royal Flush Portables, LLC",aroyalflushportables.com
ABC Rentals Tools & Equipment - West,abcrentalsmidwest.com
Action Heavy Equipment Co.,
Albert's Small Engine,
Arbor PRO Equipment,bestusedskidsteer.com
Assman Implement Inc,assmanimplementinc.com
Berndt Farm Equipment,berndtequipment.com
Bierschbach Equipment & Supply,bierschbach.com
Black Hills Equipment Rentals & Black Hills Husqvarna,blackhillsequipmentrentals.com
Black Hills Mobility,blackhillsmobility.com
Black Hills Power Equipment,bhpowerequipment.com
Bobcat Of Aberdeen JGE Inc. & Rentals,jgeinc.com
Brookings Equipment Inc,okeefeimplement.com
Brother's Rentals LLC,brothersrentalsllc.com
Butler Machinery Company,butlermachinery.com
Butte County Equipment,automotivecompanyinc.com
C & B Operations,deerequipment.com
Central Hills Crane Service,
Central Plains Tractor Parts,
Clark's Rentals,clarksrentalsllc.com
Construction Products & Consultants,constructionproductssd.com
Contractors Supply,csirapidcity.com
Crane training & consulting services,cranetrainingservices.org
D & W Crane & Rigging Inc,dandwcrane.com
Dakota Equipment Rental & Chain Saw Center,dakotaequipmentrental.com
Dakota Iron Equipment,dakotaironequipment.com
Dakota Sales LLC,dakotasalesllc.com
Decker Equipment & Rentals,deckerequipmentandrentals.com
Diamond Mowers,diamondmowers.com
Diesel Machinery Inc.,dieselmachinery.com
Eastside Equipment,eastsidesd.com
Equipment Blades,equipmentblades.com
EZ Party Rentals,ezpartyrentals.lovable.app
Farm Country Trader,farmcountrytrader.com
Farm Equipment Plus LLC,farmeqplus.net
"GENERAL EQUIPMENT & SUPPLIES, LOT",
Green Acres Equipment,
"Grossenburg Implement, Inc.",grossenburg.com
Hallvin Equipment LLC,hallvinequipment.com
Helget Equipment,helgetequipment.com
High Country Erectors LLC & Crane Service,highcountryerectors.net
Jenner Equipment Co,jennerequipment.com
Jerke Construction A Division Of Landwehr,jerkeconstruction.com
Kennedy Implement & Auto Co,kennedyimplement.com
Koletzky Implement,koletzkyimplement.com
Lake County International,lakecountyintl.com
Lambert Repair LLC,
Life Equipment Rental,lifeequipmentrental.com
Lift Pro Equipment Co,liftproequipment.com
Lorenzen Equipment,lorenzenequipment.com
Manitou Group Americas,
Mendoza Skidsteer Rentals,
Meyerink Farm Service Inc,meyerinkfs.com
Midwest Forklifts LLC,viperlifttrucks.com
Nelson Rental & Repair,nelsonrental.com
Nmc Material Handling,
Northwest Corp.,northwestcorporations.com
PFEIFER IMPLEMENT CO.,pfeifersonline.com
Power House,powerhousehonda.com
Premier Equipment LLC,premiereqsd.com
Proline Equipment Rentals,prolineequipmentrentals.com
"RA Rentals (Rent-All, Inc.)",rent-all.com
Rapid City Portable Toilet Rentals,
Rapid Equipment,rapidequipment.com
Renner Equipment,rennerequip.com
Rental Depot,brookingsrentaldepot.com
Rushmore Equipment,rushmoreequipment.com
Rushmore Equipment LLC,rushmoreequipment.net
Sentry,sentryusa.com
Sioux Falls Crane & Hoist,sfcrane.com
Sioux Falls Outdoor Equipment,sfoutdoorequipment.com
Sioux International,siouxint.com
Spearfish Equipment,spearfishequipment.com
Stan Houston Equipment SF,stanhouston.com
Sturgis Equipment,sturgisequipment.com
T&M Ag Supply,tmagsupply.com
Taylor’s Trailers,taylorstrailersrc.com
Tiger Mowers,tigermowers.com
Time Equipment Rental & Sales,timerental.biz
Tractor WRX,tractorwrx.com
TranSource Truck & Equipment,transourceusa.com
Tull Companies,tullcompanies.com
Weathergard Roofing & Crane Services Inc,weathergardinc.com
Westside Implement,westsideimplement.com
Worthington Ag Parts,worthingtonagparts.com
ZigenQuip Equipment Company,zigenquip.com
Zomer Truck & Trailer Sales,zomertrucks.com
1st Choice Material Handling,1stcmh.com
"615 Rent speakers &Microphones in Memphis, Tennessee",615sounds.com
A-1 Equipment Rental,a1equipmentrental.com
A1 Lift Rentals,a1lift.com
Absolute Kubota,absolutekubota.com
ACS Alabama Construction Supply,alaconsupply.com
Action Rental & Sales,actionrentals.com
Action Rentals & Sales,actionrentalkpt.com
Allied Construction Equipment Co,
Amazing Machinery,amazingmachinery.com
American Home Supply,
American Outdoor Equipment,americanoutdoorequipment.com
amp forklift batteries,powerforkliftbatteries.com
Armstrong Equipment Rentals,armstrongrents.com
Arrow Crane Service,
Art Pancake's Rent-All,artpancakes.com
"Associated Equipment Co, Inc.",associatedequipmentinc.com
Authorized Equipment,authorizedequipmentinc.com
"Authorized Equipment, Inc",
B & B Crane and Rigging,bbcrane.com
Bailey Equipment and Intralogistics,baileycompany.com
Barnhart Crane & Rigging,barnhartcrane.com
Bartlett Small Engines,bartlettsmallengine.com
Bennett Construction Equipment Rental,
Best Price Rental,599rent.com
Blue Diamond Attachments,bluediamondattachments.com
Bob's Tractor Parts & Equipment LLC,tntractorparts.com
Bobcat of Knoxville,bobcatgdn.com
Bobcat of the Mountain Empire - Johnson City,bobcatofmountainempire.com
BoomCo Equipment Rental,boomcoinc.com
Bounce N Fun Events Rental,bouncefunevents.com
Bradley Rentals,bradleyrentals.net
Brauer Material Handling Systems,braueronline.com
Brentwood Portable Toilet Rentals,
Brentwood Rental & Sales,brentwoodrental.net
Brimer Steel Erectors Inc.,brimersteel.com
Brooks Circle Wreckers,brookscirclewrecker.com
Brooks Farm Equipment,brooksfarmequipment.com
"Brown Equipment Company, Inc.",brownequipmentcompany.com
Bryant Equipment Company,
Byrd Implement,byrdimplement.net
"C&K Forklift Repair, Maintenance, and Training",ckforklift.com
Cameron Medical Equipment,cameronmedco.com
Camp Food Equipment Services Division,campfoodequipmentservice.com
Capitol City Scaffolding And Equipment,capcityequipment.com
Carter & Carter Machinery,carterandcartermachineryinc.org
CB Equipment Rentals,cbequipmentrentals.com
Celebrate Rentals - A Division Of East Tenn Rent-Alls,celebratetn.net
Centerline AV Rentals,centerlineavrentals.com
Chapman Equipment Rentals,
Chattanooga Compact Excavator Sales and Equipment,chattanoogaexcavators.com
"Chattanooga Crane & Hoist, LLC",chattanoogacrane.com
Chattanooga Crane Rentals LLC,
Chattanooga Tractor & Equipment,chattanoogatractor.com
Chester Implement Company,chesterimplement.com
Chief Rental,chiefrental.com
Christopher Equipment Inc,christopher.equipment
Circle G Tractor Corp,circlegtractorparts.com
Cirrus Hendersonville,cirrusoutdoorpower.com
Clark Crane and Rigging LLC,clarkcrane.com
Clarksville Lawn LLC,
Clarksville Truck and Trailer,clarksvilletruckandtrailer.com
clayton farm equipment,claytonfarmeq.com
Cleveland Equipment,clevelandequipment.com
Cleveland Tent & Equipment Rental Co,ctcrents.com
CMI Equipment Sales,cmiequip.com
Cobb Supply Co,
Coker Rental Company,rentcoker.com
Coleman Tractor Company,colemantractor.com
Collierville Portable Toilet Rentals,
Comfortable LLC,comfortablellc.com
Commerical Equipment Company,
Concept Dumpsters,conceptrents.com
Construction Equipment Rental and Sales,equip1.net
Construction Tools & Supply,
Contractor's Machinery,cmicase.com
Cox Tractor,coxtractor.com
Crane Services Incorporated,craneservicesinc.com
Cumberland River Docks And Metal Works,cumberlandriverdocks.com
D & C Hay Equipment LLC,dandcequipment.com
D & W Machinery Inc,
Delta Materials Handling,deltamat.com
Desert Fox Portable Toilets,desertfoxportabletoilets.cyou
Dickens Turf & Landscape Supply,dickenssupply.com
Dickerson's Landscapers Depot,dickersonld.com
Dickson County Equipment,dicksoncountyequipment.com
Dickson Farm Sales,dicksonfarmsales.com
Ditch Witch Mid-South,ditchwitchms.com
Ditch Witch Of Tennessee,ditchwitchtn.com
Dynamic Machinery,dynamicmachinery.net
Dynamo Power,
E & R Crane & Rigging,
Eagleville Implement Company,eaglevilleimplement.com
"EAM Equipment Wholesale, LLC",eamequip.com
East Crane Services Inc,
East Tenn Rent-Alls,etra.biz
East Tennessee Turf and Tractor,etnturfandtractor.com
Eddie's Auto Sales Commercial Work Trucks and Vans,eddiesautosales.net
Efans Lift Company,efanslift.com
Elite Rental & Leasing,eliterentalandleasing.com
Epperson & Epperson Equipment Sales,eppersonequip.com
EquipGo Rentals,equipgo.llc
Equipment King LLC,equipmentkingllc.com
Equipment Share,
Expoquip Inc,expoquip.com
Falcon Equipment Rentals,falconrentals.net
Farrer Bros Hardware & Rental Service,farrerbroshardware.com
Federal Equipment Dealers Inc,fedmemphis.com
Finley's Diesel & Truck & Trailer Repair,
First Choice Farm & Lawn - Union City,firstchoicekubota.com
First Choice Rentals LLC,firstchoicerentalsllc.com
"Fleet Equipment, LLC",fleetequip.com
Flex Offices at Crane Co Building of Memphis,254court.com
Float Ya Boat,bookeo.com
Forklift Solutions,
Forklift Systems Incorporated,forkliftsystems.com
Forklifts Etc,forkliftsetc.net
Franklin Portable Toilet Rentals,
Gatewood Equipment,gatewoodequipment.com
Germantown Hardware,germantownhardware.com
Germantown Portable Toilet Rentals,
Gillespie Inc,gillespieinc.com
Gilley Crane,gilleycrane.com
Good Time Rentals Tri-Cities,goodtimerentalstricities.com
Gossett Farm Equipment LLC,
H&C Rents,hcrents.com
H3 Mobile Entertainment,h3mobileentertainment.com
Hall's Feed & Seed,hallsfeedandseed.com
"Hampton Crane Service, Inc.",hamptoncrane.com
Hampton Crane Services Inc,
Harris Trading Company,harristradingcompany.com
Hendrickson,hendrickson-intl.com
Henson Construction Equipment Rentals,
Hi-Tech Sales & Services Inc,hitechsales.net
Hiab Moffet,
Hoist and Crane Company,hoistandcrane.com
Hometown Rentals,hometownrentals.co
Hooper Power Equipment,hooperpowertn.com
Hub City Trailer Rentals,hubcitytrailerrentals.com
Industrial Crane Services,industrialcrane.com
Industrial Lift Truck,industriallifttruck.com
Industrial Machine Shop,imsindustrialmachineshop.com
"Integrity Crane & Hoist, LLC",integrity-crane.com
Irene Woods Apartments,irenewoodsapts.com
Iron Search,ironsearch.com
Ironclad Environmental Solutions,ironcladenvironmental.com
Jackie Evans Trucking Co,jackieevanstrucking.com
James Equipment LLC,jameseqt.com
James Wilson Co.,jameswilsonco.net
Jest Entertainment,jestentertainment.com
John Deere Quality Equipment Co,
John Story Truck And Equipment,johnstorytruckparts.com
Johnson City Kubota & Equipment Co.,johnsoncitykubota.com
Johnson Crane Services LLC,
"Jones Brothers - Flatbed, Heavy Duty & Semi Truck Towing",jbtt.net
Jordan Excavating,jordanexcavatingtn.com
"K & W Forklift Parts & Supply, Inc.",kwforkliftparts.com
Kalb Equipment Co,kalbequipment.com
Knox Power Equipment and Farm Supply,
Komatsu America Corporation,
Krebs Kubota- Murfreesboro,krebskubota.com
Kubota of Chattanooga,kubotaofchattanooga.com
Kubota Of Kingsport,kubotaofkingsport.com
L & M Sales & Services,lmsalesandservice.com
Ladd's,ladds.net
Lane's Equipment Rental Inc,
Larry Stovesand Equipment - Murfreesboro,lsetractor.com
Leatherneck Construction Equipment LLC,leatherneckequipment.com
Lensrentals,lensrentals.com
Lift a Lot,liftalotboom.com
"Lift Truck Sales & Service, Inc.",lifttruckinc.com
Lucas Industrial,lucasindustrial.us
Mac Equipment,macequipmenttn.com
Machine Works of Tennessee,
Machinery Sales,cuttersresource.com
Malco Collierville Towne Cinema Grill & MXT,malco.com
Mason Equipment,dmasonequipment.com
MCC Nashville,mccsolutions.net
McGhee Crane Services,mcgheecrane.com
McQueen Farm & Equipment,mcqueenfarmequipment.com
Meade Rentals,
Mega Machinery Inc.,megamachinery.net
Memphis Equipment Co.,memphisequipment.com
"Memphis Tractors, Inc.",memphistractors.com
Messer Construction Co. - Nashville Rental Division,messer.com
Mid-South Equipment Co,midsouthequipment.com
Midsouth Equipment Rentals,midsouth-equipment.com
Midstate Turf & Tractor,midstatemower.com
Mike's Equipment LLC,mikesequipmentllc.com
Mohler Crane Rental,
Moore Equipment,moore-equipment.com
Moore's Farm Equipment,
"Mountain Farm International, LLC",mtnfarm.com
Mower Mart Inc,mowermartinc.com
MTR Equipment Rental and Sales,mtr.equipment
Mudrock Rentals,mudrockrentals.com
Murfreesboro Porta Potty Rentals,
Murfreesboro Portable Toilet Rentals,
Murphy Inc,
NanoBaud Forklifts,nanobaud.com
Nashville Equipment Services Inc,nashvilleequipmentservice.com
Nashville Lawn Equipment,nashvillelawnequipment.com
Next Level Rentals and Leasing,nextlevelrentalsandleasing.com
"Nichols Fleet Equipment, Inc.",nicholsfleet.com
Nortrax Equipment Co,
Ocoee Steel,ocoeesteel.com
Ocoee Steel Rentals,ocoeesteelrentals.com
"Off Road Equipment Parts, Inc.",offroadeq.com
Ole South Excavating,olesouthexcavating.com
Olympic Career Training Institute - OCTI Forklift & Logistics Training Certification,octitraining.com
Oneida Equipment,oneidaequipment.com
Orange Zone Sales and Rentals,
Parman Tractor & Equipment,parmantractor.com
Payless Demolition and Dirt Services,paylessdemodirt.com
Pearl Equipment Co.,pearlequipment.com
Pearson Brothers Crane Renting,
Pioneer Metal Depot,pioneermetaldepot.com
Pittman Equipment Repair,
Porta Potty Rentals Smyrna,
PoshPrivy,poshprivy.com
Power Equipment Co,powerequipco.com
Powerhouse Crane,powerhousecranes.com
Premier Equipment LLC,premierequipmentllc.com
Price Equipment,
Prime Equipment,primeequipmentco.com
Prime Rentals and Sales,primerentalstn.com
Pro X Powersports,proxpowersports.com
"Professional Traffic Control Services, LLC",callptcsllc.com
Rapid Rigging LLC,rapidrigging.com
Real Rentals,rnashville.com
Rebel Equipment & Supply Co,rebelequip.com
Redbird Rental,redbird-rental.com
Regional Tractor,retracllc.com
"Renegar-Driggers Machinery Co.,Inc.",renegar-driggers.com
Rent-All Store,rentallstore.com
Rent 'n King,rentnking.com
Rigsby Farm Equipment,rigsbyfarmequipment.com
River Otter Portable Toilets,riverotterportabletoilets.cyou
RJV Kubota,rjvkubota.com
Rocky Top Equipment,rockytopequip.com
Rolling Green Rentals LLC,rollinggreenrentalsllc.com
Rowden & Sons,rowdenandsons.com
Rushing Crane Service,
Rutherford Farmers Co-Op,rutherfordfarmerscoop.com
S&M Equipment & Trailer Rentals,smtrailerrentals.com
"Scott Equipment Company, Inc.",scottnashville.com
Scruggs Equipment Co,scruggsequipment.net
Sentry Steel Service Company,sentrysteel.com
Sequoyah Lawn Equipment,sequoyahlawn.com
Seymour Crane Services,
Short Line Sales,shortlinesales.com
SITECH East Tennessee,sitech-midsouth.com
SLE Equipment,sleequipment.com
"Snider Equipment, LLC",sniderequipment.com
Snyder's Tractor & Equipment,snyderstractor.com
Sod Source,sodsource.com
Sons Land Services LLC,sonslandservices.com
Southern Equipment sales,southernequipmentllc.com
Southern Erections Crane Service,
Southern Events Party Rental Company,southerneventsonline.com
"Special Event Service & Rental, Inc",specialeventrent.com
"Steve's Towing, LLC",stevestowingkingsport.com
Stop N Grab Entertainment,stopngrab.com
Stowers Machinery Corporation,stowerscat.com
STR Towing & Recovery,strtow.com
"Superb Forklift Solutions, LLC",superbstaffingsolutions.com
Superior Industrial Products,sip.net
Sweetwater Pontoon Rentals,sweetwaterpontoonrentals.com
Swope Equipment & Supply Co,swopeequipment.com
TANSLEE Outdoor Power Equipment,tanslee.com
Taylor Construction Equipment,taylorconstructionequipment.com
Tennessee Contractors Equipment,tcerental.com
Tennessee Equipment Rentals,
Tennessee Tractor,tennesseetractor.com
Tennessee Valley Equipment,tnvequipment.com
Terry's Rental Equipment,
The Abby Farm Supply,abbyfarmsllc.com
"The Equipment Depot, Inc.",
The Woodwork Shop,thewoodworkshop.com
Thompson Machinery,thompsonmachinery.com
Tipton Crane,tiptoncrane.com
"Titan Material Handling, Inc.",titanmh.com
TN Skid Steer Supply,tnskidsteer.com
Tomahawk Crane and Rigging,tomahawkcrane.com
Toyota Material Handling Midsouth,tmhmidsouth.com
Tractor Supply Company - Store Support Center,
Tractor Town,tractortown.com
Trailer Mart Inc,trailermartinc.com
"Transport Enterprise Leasing, LLC",tel360.com
"Tri-County Power Equipment, Inc.",tri-countypowerequipment.com
TriGreen Equipment,trigreenequipment.com
TriStar JCB,tristarjcb.com
Tristar Small Engine,tristarsmallengine.com
Truan Equipment,truanequipment.com
Turkey Creek Kubota,turkeycreekkubota.com
Tusculum Feed Center dba Art Pancake's Rent All,tusculumfeedcenter.com
"Tyler Brothers Farm Equipment, Inc.",tbfe.com
U.S. Industrial Machinery,usindustrial.com
Ultimate Party Tents & Events,ultimatepartytents.com
Union City Forklift,ucforklift.com
Utilities Equipment Company,ueco.pro
"Valley Equipment Company, Inc.",valleyequipment.com
Vassey Lawn & Garden Center,vassey.com
Vermeer Heartland,vermeerhl.com
VERT Equipment LLC,vertequipment.com
"Victory Group, Inc.",victoryequipment.com
VOLUNTEER CRANE,volunteercrane.com
Volunteer Machinery,
W A Thompson Tree & Crane Services,
W.C. Johnson Park,colliervilletn.gov
Waddell Power,dekamotivepower.com
Wades Forklift Service L.L.C,wadesforkliftservice.com
Warehouse Optimizers Inc. Chattanooga,warehouseoptimizers.com
"Waters' Equipment Co.,Inc. New Holland",watersequipmentco.com
Watson's Equipment Rental,watsonsequipmenttn.com
"Wayne Dobson & Sons, Wayne's Crane Workz",
West Hills Tractor,westhillstractor.com
Western Crane Services,
White House Equipment Rental,whitehouseequipmentrentals.com
Williams Equipment & Supply,williamsequipment.com
Wirtgen America Inc,wirtgen-group.com
WMH Solutions,wmhsolutions.com
Woods Equipment Co,woodsequip.com
world machinery llc,worldwidemachineryllc.com
1Shot Equipment Rentals,
1st Cooling,1stcooling.com
2000 Industries Group,2000industries.com
24Seven Trucks-Trailers Parts & Services LLC,24seventruckparts.com
251 S Industrial Blvd Tool Rental,
2M Machinery Rentals and Sales,2mmachinery.com
2S Elite Rentals,2seliterentals.com
3C&A CRANE SERVICE,3canda.com
3C Sitting Pretty Chair Rental,
"3D Crane Service, LLC",3dcraneservice.com
3D Rental,3drentalsllc.com
4-Horn Industrial,4hornind.com
4K Lift Co.,reconditioned-forklifts.com
5 Star HVAC Contractors,5starhvaccontractors.com
5 Star Rental,5starrental.com
5321 State Hwy 121 Tool Rental,
5900 Hwy 6 Tool Rental,
5S Rental & Sales,5srental.com
915 Crane Service,915craneservice.wixsite.com
96 Equipment Inc,96equipment.com
A 1 Feed & Supply,m.facebook.com
A-1 Rent All - Tyler East,a1rentalltexas.com
A-1 Rentals,a1rentalsbmt.com
A & A Truck Center,
"A&B Crane Services, LLC",abcraneservices.com
A & E Crane Services,
A & J Crane Services,
A&J Equipment Repair,aj-repair.com
A J Kollmyer & Son Machine,
A-Line Outdoor,alineoutdoorpower.com
A.M.F. Materials & Services,amftruckservice.com
A Miranda Forklift,amirandaforklift.wixsite.com
A&O Forklifts,aoforklifts.com
A&O Forklifts,alphaomegaequipment.com
A & O Machinery,aomachinerysales.com
A-Team Rentals,ateamrental.com
A To Z Rentals,atozrentals.squarespace.com
A U Davis Crane Rentals,
AA Rental of Dallas,aarental.net
AABCO-Ready Rental Sales & Repair,readyrentalmedical.com
AAG TRUCKS AND HEAVY EQUIPMENT LLC,
Abacus Crane & Hoist,abacuscrane.com
ABC Equipment Rental,abc-equipment-rental.net
ABC Rents,abc-rents.com
Abel Equipment Co,abelequip.com
Abilene AG Services & Supply Inc,abileneag.com
Abilene Equipment Center,abileneequipmentcenter.com
ABM Equipment Rentals,
Access 2 Mobility,access2mobility.com
Access Self Storage And Truck Rental,access2dfwselfstorage.com
ACE Equipment,acelifting.com
ACG Medical Supply - Rowlett Showroom,acgmedical.com
ACM TRACTOR SALES LLC,acmtractorsales.com
"Actified Forklift Training, Inc",actified.com
Action Lift Inc.,actionlift.net
Action Sales & Services,actionsalesandservice.com
Action Tractor & Equipment Co,
Adam Climate Control Inc,adamclimatecontrolinc.site
Adams Equipment Company,adamsequipmentusa.com
"Adams Tractor Sales, Inc",adamstractorsales.com
Adcock Equipment USA,adcockusa.com
ADR Machinery,adrmachinery.com
Advanced Crane & Material Handling LLC,advancedcraneamh.com
Advanced Equipment Rental LLC,advequiprental.com
AdvanceTrac Equipment,
AdvanceTrac Equipment,advancetrac.net
AEL Equipment Group,kdllifts.com
Afford-a-Bounce,affordabounce.com
"Affordable Equipment Co, LLC",aecforklift.com
Affordable Forklift Rental Grand Prairie,
Affordable Tractor Sales Co,affordabletractorsalesco.com
Ag Meier Industries LLC.,agmeierind.com
Aggieland Party Rentals,
Aggreko Rental,
Aggreko Rental Solution - Pearland,aggreko.com
Agility Rentals,agilityrentals.com
Agro Equip Solutions,agroequipsolutions.com
Agroline Tractor Works,
Air Conditioning Doctors Exp,airconditioningdoctorsexp.site
AJ Trailer Rental LLC,aj-trailer-rental-llc.square.site
Aladdin Rentals and Events,aladdinrentals.com
"Alamo City Lifts, Forklifts, Service, & Parts",alamocitylifts.com
Alamo Crane Service Inc.,alamocrane.com
Alaniz Crane Services,
Alexa Party Rental,alexapartyrental.com
Alfredo’s Rental,
All-4-Equipment┃Hidalgo,all4equipment.com
All About Equipment,
ALL BRAND,allbrandforklift.com
All Brand Forklift Service Inc.,allbrandforkliftservicetx.com
All Forklifts.com Forklifts for Sale Wholesale,allforklifts.com
All pro equipment LLC,allproequipmenttx.com
All Star Forklift & Tire,all-startire.com
All Terrain Equipment Company,allterrainequipment.com
All Valley Rentals McAllen,allvalleyrentalsusa.com
Allen Medical Equipment-Delivery,allenmedicalequipment.com
Allen Portable Toilet Rentals,
Alliance Riggers & Constructors LTD,allianceriggers.com
Almighty Rentals Tent & Events,almightyrentalstentevents.com
Almighty Rentals Tool & Equipment,almightyrentalstoolequipment.com
Alston Equipment Co,alstonequipment.com
"Alvin Equipment Co, LLC",alvinequipment.com
Amarillo Machinery,amarillomachinery.com
American All Rent Inc.,
"American Bobtail, Inc. dba Isuzu Trucks of Rockwall",abitrucks.com
American Crane & Equipment,americancrane.net
American Equipment & Trailer,americantrailer.com
"American Lift & Equipment, Inc.",americanlift.net
American Piledriving Equipment Inc. (APE),americanpiledriving.com
American Rental,americanrentalodessa.net
Americrane Rentals,americraneusa.com
AMI Crane Inc.,amicraneinc.com
Amigo Power Equipment,amigopowerequip.com
Anderson Machinery Company,andersonmachinerytexas.com
Anderson & Sons Rentals,
Anderson Tractor Sales,andersontractor.net
Angus Valley Farm Supply,angusvalleyfarmsupply.com
"AnJ Event Rentals, LLC",anjeventrentals.com
AOS Rental & Services,aosrental.com
AP KUBOTA,apkubota.com
Apex Crane And Equipment,apexcrane1.com
Apex Crane Holdings Inc. (DBA Apex Crane),apexcraneservice.com
APEX PRO RENTALS,apexprorentals.com
Apex Trailer & Equipment Rental,apextrailerandequipmentrental.com
Apparatus Rents,apparatusrents.com
AR Equipment Repair,
Arcie Equipment Service,
Arka Energy Inc.,arkaenergy.com
Arlington Portable Toilet Rentals,
Arrow Lift Rentals,alr-tx.com
Arrow Rental,arrowrentaltx.com
"ARSI Construction Equipment, LLC",arsirentals.net
Art's Truck & Equipment Sales,artstruckscc.com
Art's Trucks & Equipment,artstrucks.com
"ASAP Equipment, LLC",asapequip.com
ASCO Equipment Inc.,ascoeq.com
Associated Equipment Co,profax-lenco.com
Associated Tool Specialties Co. (ATSCO),associatedtoolspecialties.com
ATEX Rentals,atexrentalstx.com
ATEX Services,atexservicestx.com
Atlanta Equipment Company,trenchbox.com
Atlas Crane Services,
"Atlas Truck Sales, Inc.",atlasboomtrucks.com
ATX Crane LLC,atx-crane.com
Audilet Tractor Sales Inc,audilettractor.com
Austin Equipment Rental,equipmentaustin.com
Austin Power Equipment,austinpowerequip.com
Austin Rent Way,austinrentway.com
Auto Machine Shop,
Avanza Equipment,avanzaequipment.com
Avila’s Heavy Machinery,avilasheavymachinery.com
AXIS Equipment,axiseq.com
Azjor Truck and Equipment Inc.,azjor.com
Aztec Rental & Sales,aztecrentalcenters.com
Aztec Rental Services,aztecrentalservices.com
"B-C Equipment Sales, Inc.",bcequipment.com
B&C Forklift,
B&K Equipment Solutions,bk-equipmentllc.com
B&R Equipment,brequipmentco.com
Backyard Carnivals LLC,backyardcarnivalsllc.com
Backyard Splash Rentals,backyardsplashrental.com
Bad Boy Mowers-Wichita Falls,badboyjosh.com
Bagley Tractor,bagleytractor.com
Balam Construction & Equipment Rentals,balamrentals.com
Bandit Industries Authorized Dealer,brabandt-equipment.com
"Bane Machinery, Inc.",banemachinery.com
Barbeques Galore,bbqgalore.com
Basic Components,basiccomp.com
"Basin Crane, LLC",basincrane.com
Basin Equipment,
Bass Pro Shops/Cabela’s Boating Center,bassproboatingcenters.com
"BAUER Equipment America, Inc.",bauer-equipment.com
Bawco Crane and Boom Repair,bawcoindustries.com
Bay Area Concrete and Rentals,bayarearentalsinc.com
Bay Area General Crane Services,bayareacrane.com
Baytown C & M Equipment Co,
Baytown Forklifts And Oil Change Services,
"BCS Happy Hoppers, LLC",bcshappyhoppers.com
"Beard Equipment Co., Inc.",beardequipco.com
Beaumont Tractor Company Inc.,beaumonttractor.com
Bell County Overhead Crane,bcoc.biz
Belltec Industries Inc,belltec.net
Belton Ag Equipment,
Benchmark Equipment,benchmarkequip.com
Benjamin Franklin Plumbing & Drain Services of Duncanville,duncanvilleplumber.com
Berend Bros. Wichita Falls,berendbros.com
Berend Turf & Tractor,berendturfandtractor.com
Berry Crane and Heavy Haul - Bay Ltd,berrycrane.com
Berry Crane and Heavy Haul - Bay Ltd,bayltd.com
Best Choice Appliance Leasing LLC,bcalease.com
BEST Rental Equipment,bestrentalequipment.com
BETCO Scaffolds,scaffold.com
Big Air Rentals,
Big B Crane,bigbcrane.com
Big Buck Crane Service,
Big Country Equipment,bigcountryequipment.com
Big D Heavy Equipment,bigdheavy.com
Big D Marine and Powersports,bigdmarine.com
Big Tex Agriplex,bigtexagriplex.com
Big Tex Tractor Co.,bigtextractor.com
Big Tex Trailer World - Rockwall,bigtextrailerworld.com
Bigge Crane and Rigging Co.,bigge.com
BigTex Party Rentals,
Bill Fullen Crane Services,
Bill Jones Equipment Company INC,usedbuckettrucks.com
"Bill's Tractor - San Antonio East, Adkins, Wilson County",billstractor.com
Bishop Farm Equipment,bishopfarmequipment.com
Bison Equipment Rental,bisonequipmentrental.com
Bison Pro Rental,bisonrental.com
Black Flame Construction,
Black Mountain Machinery,blackmountainmachineryinc.com
Blackland Equipment,blacklandequipment.com
Blackland Implement Company Inc,blacklandimplement.com
Blade Platforms - Aerial Work Platforms & Truck Mounted Lifts,bladeplatforms.com
Blanco Rentals,blancorentals.com
"BLUE PLANET MACHINERY, LLC.",blueplanetmachinery.com
Blue Ribbon Rentals,blueribbonrents.com
Blue's Crane Service LLC,bluescraneservice.com
Bluuluu Party,
BMS Heavy Cranes,bmscranesus.com
BNRB Construction & Equipment Rental,bnrbconstruction.net
Bob Ward Jr.Equipment Co,bobwardjrequipment.com
"Bobby Ford Tractor and Equipment, LLC",bobbyfordkubota.com
Bobcat Crane LLC,bobcatcontracting.com
Bobcat Crane LLC,bobcatcrane.com
Bobcat of Abilene,bobcatcce.com
Bobcat of Houston,bobcatofhouston.com
Bobcat of North Texas - Lewisville,bobcatofnorthtexas.com
Bolt Scooters Galveston,boltscootersllc.com
Bond & Bond Auctioneers LLC,bondauctioneers.com
Bond Equipment Co,bondequipment.com
Boom & Bucket,boomandbucket.com
Boone Construction Equipment Rental,
Border Outdoor Power,borderoutdoorpower.com
Border Tractor & Equipment,
BOSS Crane & Rigging,bosscrane.com
BOSS JCB,bossjcb.com
Bottom Line Equipment LLC,bottomlineequipment.com
Bounce And Snap,
Bounce House Brothers,bouncehousebrothers.rentals
Bounce 'N' More,bouncenmore.com
Bouncing For Fun Inflatable bounce house and party rental in Central Texas and Killeen Texas,bouncingforfun.com
Bourland Landscape Supplies & Outdoor Power Equipment,bourlandlandscape.com
Bozeman Machinery & Salvage,bozemanmachinery.com
BPH Equipment LLC,
Bradley Equipment,bradleyequip.com
Brand G Heavy Equipment Rentals,
BrandSafway LLC Brownsville,brandsafway.com
Brant's Equipment Repair & Sales,brantsequipment.com
Brauntex Rentals,brauntexrental.com
"Brazos Feed & Supply - Waco, Texas",brazosfeed.com
Brazos Valley Trailers,brazosvalleytrailers.com
BRICENO TRUCK PARTS,
BRIERCROFT EQUIPMENT RENTAL,briercroftequipment.com
Briggs Equipment,briggsequipment.us
Bright Event Rentals,bright.com
"Bright Sky Events, LLC",brightskyevents.com
brinca BRINCA,brincabrinca.org
Bristow Forklift & Equipment,
Brock’s Equipment,brocksequipment.com
Brookhollow Rental Co. Inc.,brookhollowrental.com
Brownsville City Porta Potty Rentals,
"Bryson Crane & Rigging, LLC",
BTM Equipment,
Buchanan's Bighorn Ranch,buchanansbighornranch.com
Buchanan Skidsteer Rentals,
Buffalo Equipment Rental,buffalorental.net
Builders Equipment & Supply Co,bescosupply.net
Bull Equipment USA,bull-equipment.com
Bulldog Crane & Rigging,bulldogcrane.com
BullDog Forklifts,bulldogforklift.com
Bullzeye Equipment and Tool Rental,bullzeyeequipmentrental.com
Burleson Outdoor Power Equipment,burlesonoutdoorpower.com
Butler Rental and Sales,butlerrental.com
C&A Equipment,caequiptx.com
C. C. Equipment of Texas,cceoftexas.com
C & C Professional Services Inc. dba Sherwood Lifting,
C&J Equipment Sales&Rentals,cjsaltcreek.com
C.M. Company Auctions,cmauctions.com
C&S Crane and Rigging LLC,cscraneandrigging.com
C&W Heavy Equipment Mechanic,cnwequip.com
Caldwell Construction Equipment Rental,
Callan Equipment Company,callanequipment.com
Camacho Tractor & Equipment Repair,camachotractor.com
Canal Tool & Equipment,aransasoutdoor.com
Candelaria Crane Service,candelariacraneservice.com
"Cantwell Power Systems, LLC",cantwellpower.com
Canyon Rental Equipment,
Capital Towing LLC,capitaltowingrgv.com
Caplinger's Crane & Equipment,craneandhoist.com
CAROL Rigging & Lifting Engineering,ccrlt.com
"Cartagena Texas, LLC",cartagenatx.com
Cartwright Trailer Sales & Service,trailer-semi.com
Cashway Rental,cashwayrental.com
CasterHQ,casterhq.com
Castillo's Quick tow LLC,
Castle Bounce House Rentals,
Caterpillar Logistics,caterpillar.com
Caterpillar Mining Products,mining.cat.com
Cattlemen's Trailer & Ag Supply LLC,cattlemenstrailer.com
Cazador Equipment Rental,cazadorequipmentrental.com
CBS Rental & Supply,
CE (Carrier Enterprise),carrierenterprise.com
Cedar Hill Portable Toilet Rentals,
Cedar Park Portable Toilet Rentals,
Cedarbrook Rentals,
Centex Material Handling,cmhandling.com
Central Lifts and Equipment,centralliftsequip.com
Central Texas Equipment,ctegroup.net
Central Texas Equipment Rental LLC,centraltexasequipmentrental.com
Central Texas Gold Exchange & Coins,centraltexasgoldexchange.com
Central Tractor,
Century HVAC Distributing,centuryhvac.com
Century Machinery Co Inc,century-rentals.com
Century Trucks & Vans,centurytrucks.com
"Certified Crane and Rigging Services, LLC",certifiedcranerigging.com
Champion Crane & Tractor Inc,championcrane.net
Champion Equipment,championequipmentco.com
"Champion Hoist & Crane, LLC",championhoistandcrane.com
Chapman Trailer Rentals,chapmantrailerrentals.com
Charge Equipment Rentals,chargeequipmentrentals.com
Chase Construction Equipment Rental,
Chase Construction Equipment Rentals,
Chavez Equipment LLC,
Chavez Rentals,chavezrentals.com
Cherokee Equipment Inc,cherokeeequipment.com
Chery Industrial,cheryindustrial.com
CHIV-AIR,
Choice Rentals Inc.,choicerentalsinc.com
CHR scissor Lift Rental,chrrental.com
Christian Tractor,
Circle 8 Crane Services,circle8services.com
"Cisco Equipment Rentals, LLC",cisco-equipment.com
Cisneros Bouncers n Water Slide Rental,
Citi-Wide Lift Inc,citiwidelift.com
CK Power,ckpower.com
"Classic Crane & Transport ,LP",classicoilfieldservices.com
Classic Turf Equipment,classicturfequipment.com
Clean Haven Porta Pottys Denton,
Clear Creek Equipment,ccerental.com
Cliff Jones Kioti Tractor,cliffjoneskiotitractor.com
CLM Equipment - Houston,clmequipment.com
Closner Equipment,closner.com
Cloud Store,cloudstore.co
CLS Equipment Co. Inc.,sewertools.com
CMC Construction Services,cmc.com
Coastal,coastalpowerandequipment.com
Coker Enterprises- trailer,coker-enterprises.com
College Station Portable Toilet Rentals,
Comal County Truck Sales,cctstrucks.com
Comal Tubes,comaltubes.com
COMAR Equipment Rentals,comarequipment.com
Combilift Depot,combilift-forklift.com
ComfortPro HVAC,comfortprohvac.site
Commercial Equipment Services,trukguy.com
Commercial Tool & Equipment Service Inc.,commtoolequip.com
Complete Crane Service,ccsrgv.com
Connect Rentals,connectrow.com
Conroe Portable Toilet Rentals,
Conroy Tractor,conroytractor.com
Consolidated Crane & Rigging,consolidatedcrane.com
Construction Edge Equipment LLC,construction-edge.com
Construction Specialties,conspecs.com
Construction Specialties,construction-specialties.com
Contender Equipment Rentals,contenderequipmentrentals.com
Contractors Access Equipment,contractorsaccess.com
Contractors-Tools.com,contractors-tools.com
Converse Industrial Equipment LLC,
Cook Equipment,cookequipment.net
Cooper Equipment Co,cooperequip.com
Coppell Portable Toilet Rentals,
Copper Hill Porta Potty,copperhillportapotty.cyou
Corpus Christi Equipment Co,corpuschristiequipment.com
Corridor Rentals and Events LLC,corridorrentalstx.com
Corso Machinery LLC,corsomachinery.com
Cortland Allen Station,cortland.com
County Home & Outdoors,countyhomeandranch.com
Covington's Nursery and Landscape,covingtonnursery.com
Cowboy Party Rentals,cowboypartyrentals.com
Cowboy Trailers and Equipment Rental,cte-tx.com
Crane Commercial Services,cranecommercial.com
Crane Depot,cranedepot.com
"Crane Masters, Inc",cranemastersinc.com
Crane Monsters Corp,cranemonsters.com
Crane Rental Division Inc,cranerentaldivision.com
"Crane Repair & Services, Inc.",cranerepairservicesllc.com
"Crane & Rig Services, Llc",craneandrig.com
Crane Wise Certifications,cranewisellc.com
CraneTek,cranetek.com
CraneWorks,crane-works.com
Craziest Adventure Rentals,craziestadventurerentals.com
Creed Equipment Rentals,creedequipmentrentals.com
Crocker Crane,crockercrane.net
Crocker Crane Rentals,crockercrane.com
Crockett Crane LLC,crockettcrane.us
Cross Timbers Equipment,equipmentplace.com
Ctp New Replacement Parts For Heavy Equipment,
Cureton & Son,curetonandson.com
D&Bcreationsaustin,
D C Truck & Equipment Sales,dctruckandequipment.com
D K Tractor Services,
D&L Farm and Home - McKinney,dandlfarmandhome.com
D MART PARTS,d-martparts.com
D & S Crane Service Inc,
"D's trucks, Parts & Equipment LLC",dstrucks.net
Dallas Forklift Service Inc,dallasforklift.com
Dallas Ladder,dallasladder.com
Dallas Wholesale Forklift Co,dwlift.com
"Dalrock Equipment and Trucks, LLC",dalrocket.com
Dalton Construction Equipment Rental,
Dan's Equipment Sales,desr-tx.com
Daniel Industries Power Equipment,dipowerequipment.com
Darr Equipment Co.,darrequipment.com
Darr Equipment Co.,liftmasters.net
David Duo Rentals LLC,davidduorentals.com
"David Services, Inc",davidservices.com
Davis Motor Crane Service,daviscrane.com
Davis Surplus buyers of electrical and mechanical Surplus,davissurplus.com
DBI Rentals,dbirentals.com
Deen Kubota,deenkubota.com
Deer Park Lawnmower,
Deer Park Rentals,deerparkrentals.com
DellO's Party Rentals,dellospartyrentals.com
Denton Industrial/Diss Inc,dentonforklift.com
Denton Portable Toilet Rentals,
Desoto Nursery & Grass,
DeWinne Equipment Co.,dewinne-equipment.com
DFW Forklift,dfwforkliftinc.com
DFW Industrial Equipment,
DFW Movers & Erectors - Garland,dfwmovers.com
Diamond B Tractors & Equipment,diamondbtractors.com
"Diamond Rigging and Crane Inc. - Baytown, TX",diamondriggingandcrane.com
Diamond Truck & Trailer Sales,
Diamondback Liquidator,diamondbackliquidator.com
Diamondback Rentals,dbackrentals.com
Dickson Equipment Co Inc,dicksonequip.com
Dietz Tractor Company,dietztractor.com
Discount Forklift Dallas/Fort Worth,discountforklift.us
Discount Lift Rentals LLC,bestforkliftrentals.com
Discount Skid Steer & Excavator Attachments,
Discount Tractor Sales & Services,discounttractorsales.com
Disruptive Rentals LLC,disruptiverentals.com
Ditch Witch Of Central Texas,ditchwitchctx.com
Ditch Witch PRO,ditchwitchpro.com
Ditch Witch Southwest,ditchwitchsouthwest.com
Ditch Witch Undercon,dwundercon.com
DLForklift Services,dlforkliftshouston.com
Doggett Freightliner | Great Dane Trailers,doggettfreightliner.com
Doggett | John Deere - Houston,doggettequipment.com
Domac Inc.,domacinc.com
Dominguez Party Rentals,dominguezpartyrentals.com
Don Van Orden Equipment Locators,dvoel.com
Dot's Rentals & Sales,dotsrentals.com
Double J Equipment,doublejequipment.com
Dowd's Vintage & Antique Tools,dowdstools.com
Down South Crane & Rigging,downsouthcr.com
Down South Equipment Sales LLC,dsetexas.com
Dragon Used Equipment,dragonusedequipment.com
Duncanville Feed,feederssupplycompany.com
Dup's Quality Equipment Sales,
Duran's Equipment,duransfamilyholdings.com
Dwello Home Services,calldwello.com
Dyer Equipment Sales Inc,dyerequipmentsales.com
E & E Equipment,ee-equipment.com
Eagle Forklift,eagleforklift.com
Eagle Hardware Farm & Ranch,eaglehardwarefarmandranch.com
Earthwise Rentals,earthwiserentals.com
"East Texas Inflatable & Party Rental, LLC.",etxinflatables.com
East Texas Truck Center,easttexastruckcenter.com
Easton Sales & Rentals,eastonheavyequipment.com
Easy Rent,easyrentwichitafalls.com
Easy tools rent,
Ecoer,ecoer.com
Ed Payne Commercial & Fleet Sales,paynedodgechrysler.com
EIG Equipment,eigequipment.com
El Paso Tool Rental - Central,eptoolrental.com
"El Paso Truck & Machinery, Inc.",
Elite Crane and Equipment LLC,elite-crane.com
Elite Material Handling,elitemh.com
"Elite Trailer Rentals, LLC",
Elizondo Crane Services,elizondocrane.com
Elkins Tractor Services,
Elliff Kubota,elliffkubota.com
Elliff Motors Pharr,elliffmotors.com
Elliott Equipment & Supply,elliott-equipment.com
Ellis Equipment Company,ellisequip.com
"Emkay Industries, Inc.",emkayind.com
Empire Equipment Rental LLC,empirerentalsolutions.com
Empire Seed & Irrigation Co,empireseedturfandirrigation.com
Energy Rental Solutions (ERS CAT),ers-cat.com
Entech Sales & Service,entechsales.com
Enterprise Equipment Co,
Epicenter Productions,epicenterproductions.net
Epiroc Drilling Solutions LLC,epiroc.com
Epperson Tractor,eppersontractor.com
Equipment co.,
Equipment Crane & Rigging,equipmentcraneandrigging.com
Equipment Depot - DFW,eqdepot.com
Equipment & Maintenance Solutions Llc,
Equipment & Parts Inc,equipmentandparts.com
"Equipment Pro, LLC",equipmentpro.com
Equipment Pros: Construction Equipment Rentals and Sales,equip-pros.com
EQUIPMENT RENTALS OF AMERICA,equipmentroa.com
Equipment Select USA - Material Handling,equipmentselectusa.com
Equipment Source of Texas,
Equipment Supply Co,irrigationdistributors.com
Equipment X,equipment-x.com
"EquipmentDealz, LLC",equipmentdealz.com
Equipro,equiprotx.com
Escobedo Cranes,escobedocranes.com
Essential Tools & Equipment Inc.,essentialtoolsequipment.com
Euless B&B Wrecker Service,eulessbbwrecker.guardianfleetservice.com
Event Guys LLC,myeventguys.com
Ewald Kubota,ewaldkubota.com
"Excalibur Rentals, Inc",excaliburrentals.com
Expedited Service Partners,expeditedpartners.com
EXPERT HEAVY EQUIPMENT INC. - SOLELY LOCATED IN TEXAS - NO AFFILIATIONS OUTSIDE TEXAS,experthe.com
"Expert Yard and Garden, LLC",expertyardandgarden.com
Express Crane & Rigging,expresscraneandrigging.com
Express Forklift Service,
EYS Rentals,
EZ Equipment Rental,ezequipmentrental.com
F.B. McIntire Equipment Co.,fbmcintire.com
F&G EQUIPMENT LLC,fgmaquinaria.com
"Fabcon Products, Inc.",fabconproducts.com
Farm Country,farmcountrytx.com
Farm Direct,farmtiresdirect.com
Farmer Equipment LLC,farmer-equipment.com
Fast Fleet Equipment Rentals,fastfleettx.com
Fastlane Equipment Sales LLC,fastlaneequip.com
Faz Equipment Co,
FC Construction Machinery Group,fcminiexcavator.com
Felder Group USA - South Division,felder-group.com
FEPO Machinery,fepomachinery.com
Ferguson Equipment Repair Group LLC,fergrepair.com
Fernandez Construction Equipment Rentals,
Firehouse Bounce,firehousebounce.com
Fissco Supply HVAC - Garland,fisscosupply.com
Five Star Ford North Richland Hills,5starford.com
Flanagan's Outdoor Power Equipment & Rental,flanagansope.com
Fletcher Family Rentals,
Flotex Forklift Service. Forklift Repair.,flotexforklift.com
Flower Mound Portable Toilet Rentals,
Flying V Rentals,flyingvrentals.com
Foreman Deployment,foremandeployment.com
Foreman's General Store - LSM Outdoor Power,foremansinc.com
Forge Truck Centers,forgetruckcenters.com
Fork-Co,fork-co.com
FORKLIFT BUYER AUSTIN,
Forklift Buyer TX,forkliftbuyertx.com
FORKLIFT ECONOMIC REPAIR,
Forklift mechanic mobile,
Forklift Mechanics,
Forklift Parts,forkliftpartslubbock.com
FORKLIFT PARTS PLACE,
Forklift Rental & Equipment,forkliftrentalandequipment.com
Forklift Rental Services Conroe,
Forklift Rentals DFW,mrforklifts.com
Forklift Rescue,forkliftrescue.com
Forklift Rio Grande Valley Parts,
Forklifts Repairs & Sales Inc,forkliftsrepairsandsales.com
Forklifts South Texas,forkliftssouthtexas.com
"Forklifts USA, Inc",
FoRRest Mobile Small Engine Repair LLC,fsermobile.com
Fort Worth Tractor and Turf,fortworthtractor.com
Fortis HD,fortishd.com
Four Brothers Outdoor Power,fourbros.com
Fox Rental,foxrents.com
Frank Kubacack Farms,
French Ellison Truck Center,frenchellison.com
Friday's Trailer Sales,fridaystrailersales.com
Friendswood Feed and Lawn,friendswoodfeed.com
Frisco HVAC Services,friscohvacservices.com
Frisco Lawn & Power Equipment,friscolawnandpower.com
Frisco Porta Potty Rentals,
Frontera Equipment,
Frontier Forklifts & Services,frontierforklifts.com
Frontier Tractor Parts Inc,frontiertractorparts.com
Frozen Fun Rentals,frozen-fun-rentals.odoo.com
FSK Equipment & Supply,fskequipment.com
Funtastic Moonwalks,funtastic-moonwalks.ueniweb.com
FWB Rentals,fwbrental.com
Gabby's Crane & Rigging,gabbyscraneandrigging.com
Galaviz Trailer Rental,dfwtrailerrental.com
Galveston Jet Skis,galvestonjetskis.com
Galveston Mobility,galvestonmobility.com
Galveston Portable Toilet Rentals,
"Galveston Rentals, Inc",galvestonrentalsinc.com
Galveston Slingshot Rentals,galvestonslingshotrentals.net
Galveston Wholesale Building Materials,galvestonwbm.com
"Game Equipment Service, LLC.",gamehesales.com
Garcia's used tractors for sale,garciasused-tractors.com
Garland Saw & Lawnmower,garlandsaw.com
Garys Engine Repair,
"GatesCo Medical Supply | Oxygen, CPAP, and Wheelchair Store",gatescomedicalsupplies.com
Gator Equipment Rentals,gator-rentals.com
GC Construction Equipment - Bobcat,gc-equipment.com
Gencon Generator Rental,
General Rental Center,rentalserviceamarillo.biz
Generator Supercenter,generatorsupercenterofdallas.com
Generator Supercenter of Austin,generatorsupercenterofaustin.com
Genius Crane & Conveyor company,
Genuine Sales Co,genuinesalesco.com
George Construction Equipment Rentals,
Georgetown Outdoor,gtnoutdoorpower.net
"Get It Up Crane Service, LLC",
Giant Equipment,sellyourtrucks.giantequip.com
Gibson Tractors and Farm Equipment,gibsontractorsandfarmequipment.com
GJM Equipment Sales,gjmequipmentsales.com
Global Crane & Services,globalcraneandservice.com
Global Truck And Trailer Repair,gttr.pro
GM Trucks & Equipment,gmtrucksinc.com
"GMS Medical | Home Medical Equipment Sales, Rentals & Repairs",gmsmedical1.com
GMT Machinery Llc,
GMW Equipment,gmwequipment.com
GMW JCB,gmwjcb.com
Goins Crane Service,goinscraneservice.com
Gold Hook Crane Services LLC,goldhookcraneservices.com
Golden Aerial Equipment Rental,
GORILLA EQUIPMENT RENTALS,gorillaequipmentrentals.com
gorilla Tool and dumpster,
Granbury Tractor and Turf,granburytractor.com
Grand Prairie Feed & Garden,grandprairiefeed.com
Grand Prairie Rental Center,
Grand Restaurant Equipment,
Grande Equipment Sales,grandeequipment.com
Grapevine Portable Toilet Rentals,
Gray Stone Equipment Rental,
"Great Moonwalks, Inc.",greatmoonwalks.com
Greater Austin Rental,gtxrentals.net
Greenside Equipment,greensidetx.com
Greer Construction Equipment Rentals,
Griffin Construction Equipment Rentals,
"Ground Zero Equipment Rental and Services, LLC",groundzeroequipmentandservices.com
Groves Equipment Rental Co Inc,grovesequipment.com
GRUPO UNIVERSAL INC.,
GT Crane Service LLC,gtcrane22.com
Gulf Coast Crane Services,gccrane.com
Gulf Coast Mobility,booking.gulfcoastmobility.com
Gulf Coast Tool & Rental,gctr.com
Gulf Highway Equipment,ghetx.com
Gulf Special Services Inc,
H&H Tractor & Lawn,hhtractor.com
H & J Equipment Sales & Rentals,
H&S Constructors Crane Service,hsconstructors.com
H&S Rentals,hsrentals.com
H2H Rentals,h2htrailerrentals.com
Haas Factory Outlet,hfodallas.com
Hager Motors,hagermotors.com
Hale Boys Trucking and Crane Service,haleboystruckingandcrane.com
Hall Enterprises: Tractor Sales,
Hall's High Lift Inc,
Hamra Rentals LLC,
HANGCHA Forklift,
Happy Face Party Rentals,happyfacepartyrentals.net
Harlan Brothers Rentals,
Harlingen Portable Toilet Rentals,
Harrell's,harrells.com
HBS Systems,hbssystems.com
Healthline Medical Equipment LLC,healthlinedme.com
Heartwood Tools,heartwoodtools.com
Heavy Duty Trailer Rentals,hdtrentals.net
Heavy Equipmechanics,heavyequipmechanics.com
Heavy Equipment Co.,heavyequipmentco.com
Heavy Equipment Depot,equipmentdepot.org
HEAVY EQUIPMENT RENTALS OF TEXAS,
Heavy Equipment Repair Sugar Land,heavyequipmentrepairsugarland.com
Heavy Supply,heavysupply.com
Heavyquip,heavyquip.com
Heights Lumber & Supply Inc.,heightslumbersupply.com
"Henderson Tractor and Implement, LLC",hendersontractor.com
"Hendrix Machinery, LLC",hendrixmachineryllc.com
Heritage Home Medical Equipment,hhmewf.com
"Hiab USA, Inc.",hiab.com
HiBoost Equipment,hiboostequipment.com
Hieline Medical,hielinemedical.com
HIGH FIVE SIGN & CRANE,highfivecrane.com
High Tech Industries,hightech-parts.com
Hightower Equipment Co.,hightowerequipment.com
Highway Equipment Sales,hwyequipmentsales.com
Hildebrant Equipment Rental,
Hill Country Outdoor Power,hillcountryoutdoor.com
Hill Country Tractor,mytexastractor.com
Hillside Rentals LLC,hillsiderentalstx.com
Hilti Distribution Center - Lewisville,hilti.com
Himes Equipment,himesequipment.com
Hines Aerial Equipment Rental,
HL Equipment,hlequipment.com
Hlavinka Equipment Company,hlavinka.com
Hogan Aerial Equipment Rental,
Hoist & Crane Service Group,hoistcrane.com
Holland Heavy Equipment Services,
Holt Cat,
HOLT CAT San Antonio,holtcat.com
HOLT Crane & Equipment San Antonio,holtcrane.com
Holt Industrial Rentals,
HOLT Manufacturing,holtmfg.com
HOLT Truck Centers Pharr,holttruckcenters.com
HOLT Used Retail Center - San Antonio,holtused.com
Hometown Equipment Rentals,hometownequip.com
HomeTown Landscape,hometownsprinklers.com
Hoover Skidsteer Rentals,
Hoss Crane & Rigging,
Hoss Machinery,hossmachinery.com
Hotsy Carlson Equipment - Bryan,hotsycarlson.com
House of Bounce 936,houseofbounce936.com
"Houston Crane, Inc.",houstoncraneinc.com
Houston Equipment Buyer,houstonequipmentbuyer.net
Houston Heavy Machinery,houstonmachinery.com
Houston Industrial Tires,houstonindustrialtires.com
Houston Motorsports Pasadena,texas-powersports.com
"Houston Track Lift, spider lift & equipment rental",trackliftrental.com
Howard-McAnear Equipment,howardmcanear.com
Howell Crane & Rigging Inc,howellcraneinc.com
Hoyer's Equipment Rental,hoyer-rentals.com
HRG Equipment,hrgbodies.com
HTX Material Handling,htxforklifts.com
Huddin Homestead Fun Farm,huddinfarm.com
Humdinger Equipment Ltd,humdingerequipment.com
Hunt County Farm Supply,huntcountyfarmsupplytx.com
Hunter Crane & Equipment Inc,huntercranes.com
Hunter Industries Ltd,hunterind.com
Huntsville Farm Supply LLC,huntsvillefarmsupply.com
Huntsville Portable Toilet Rentals,
Huntsville Rental Center,
Huntsville Truck and Tractor,huntsvilletruckandtractor.com
Hurricane Tool & Supply,hurricanetool.com
Hurst Autoplex,hurstautoplex.com
Hurst Autoplex Mitsubishi,hurstmitsubishi.com
Hurst Equipment,hurst-equipment.com
HVAC RNTL,hvacrntl.com
HW Part Store,hwpartstore.com
HWY 6 Rentals,
HYTORC of Texas - DFW,hytorctexas.com
I-30 Equipment Sales,i-30equipmentsales.com
I-Lift Inc The Forklift Store,
I10 Equipment,i10equipment.com
IAFSA USA INC.,iafsausa.com
Icon Crane & Equipment,iconcrane.com
IEG - Infrastructure Equipment Group,ieg.com
IFI Industrial Forklift Inc – Forklift Parts & Rentals,iforklift.net
Ike's Small Engine LLC,ikesllc.com
Impact Forklift Solutions,impactforklift.com
Imperial Equipment Industries Inc.,imperialequipmentindustries.net
In Stock Supply,
Ingersoll Rand Customer Center - Dallas,ingersollrand.com
Integral Lift Trucks,integrallift.com
Integrity Forklift Services,integrityforkliftservices.com
Intellirent,intellirentco.com
InTents Services,intentsservices.com
Interstate Trailers,interstatetrailers.com
"IP Truck - Hino, Isuzu, Cummins, Allison",iptruck.com
Iracer Machinery,iracerequipment.com
iRent,irentbtx.com
Iron Hub Equipment,iron-hub.com
Iron Rental & Supply,ironrentalsupply.com
Island Time Cabanas,islandtimecabanas.com
Isom Tractor,isomtractor.com
It's Jump-Tastic Bounce House Rentals,itsjump-tastic.com
ITAG Equipment,itagequip.com
J & F Repair Services,jandfrepair.com
J&J Equipment Services,
J-Met Equipment Rental,jmetequipmentrentaltx.hibuwebsites.com
J S Bridwell Agricultural Center,wfmpec.com
J&S Towing & Recovery,duncanvilletowing.com
J V Equipment,
J5 Tractors,j5tractors.com
JA&L Truck Sales,jltrucksalesllc.com
Jabo's Ace Hardware,jabosace.com
Jac Rentals,
Jack Rabbit Offroad - Huntsville,jrohuntsville.com
Jackson Bros Feed & Seed #2,jacksonbrosfeed.com
Jackson Feed & Seed Co.,
JAFFAR & SONS HEAVY EQUIPMENT USA LLC,
Jalisco Forklift LLC,jaliscoforklift.com
Jalisco tractors,
"JAMES BROS. IMPLEMENT COMPANY, INC.",jamesbro.com
Janecek Performance & Equipment,jpetrucks.com
Jark 1 Entertainment Audio Visual Production Company,jark1entertainment.com
Jasso Tractor Sales & Service,
JAX Rental & Equipment LLC,
Jc Forklift Sales Repair,
Jc's Tractor Services,
Jennifer Reed - GEICO Insurance Agent,geico.com
Jerico's Jumps,jericosjumps.com
JK Equipment Rentals,jk-er.com
JKL Trailers,jkltrailers.com
JKX Heavy Equipment Rentals LLC,jkxrentals.com
JL Heavy Equipment Service Inc.,
JNC Crane Service LLC,gazelle-gar-9lp7.squarespace.com
JNS Equipment Rental & Services,jnshouston.com
Joe's Discount Equipment Sales & Rental,
John Crane Pasadena,johncrane.com
John Deere Regional Distribution Center - Dallas,dealerlocator.deere.com
Johnson Equipment Company,jequip.com
Jon's Rental,jonsrental.com
Jones Tractor Sales & Services,
Joyce Crane,joycecrane.com
JR's Crane & Excavation Inc.,jrscranes.com
JRJ Equipment Rental,jrjrental.com
Jump Around Inflatables,
Jump In,jumpintx.com
Jumpers 4 Angels LLC,jumpers4angels.com
"Jumping Factory Party Rentals, LLC.",
Jumps R Us Rentals LLC,jumpsrusrentals.com
Jumpy Party DFW Rentals,jumpyparty.com
JV Equipment Inc.,jvequipment.com
K & L Clutch & Transmission,klclutch.com
"K & S Tractor Sales, LLC",kandstractor.com
Kaige Kubota Odessa,kaigekubota.com
Kalaco Equipment,kalacoequipmentodessa.com
Kelly Mudd Equipment Co LLC,muddequipment.com
Kelly Tractor & Equipment,kellytractor.net
Kenworth,
Kerr Tractor Southwest Ltd,kerrtractor.com
"Kevin's Forklift Services, Inc.",kevinsforkliftservice.com
Killeen Porta Potty Rentals,
Killeen Portable Toilet Rentals,
King Ranch Ag and Turf,kingranchagturf.com
Kingdom Cranes - Crane Rentals,kingdomcranes.org
Kingsville Trading,
Kinloch Equipment & Supply - Arlington Service Center,kinlochequip.com
"Kinloch Equipment & Supply, Inc. - Corporate Office & Pasadena Service Center",
Kioti of Ft Worth,kiotiofftworth.com
Kleiber Tractor & Equipment,kleibertractor.com
KLH Equipment,klhequipment.com
KMC Equipment,kmcequipment.com
KMJ Transportation Services,kmjtransportationservices.com
Knox Tractor Co. Inc.,knoxtractor.net
Kobelco Construction Machinery,kobelco-usa.com
Kometa Equipments,kometaequipments.com
Kubacak Farms,kubacakfarms.com
Kubota of Dallas,kubotaofdallas.com
Kubota Tractor Corporation,kubotausa.com
"KWIK Equipment Sales, LLC",kwikequip.com
"KZR Equipment Rentals, LLC",kzrrentals.com
l,
L & G Equipment Rentals Inc.,
L&H Crane Services,
L & T Services,lntservicesinc.com
LA Equipment Rentals,playinthedirt.com
Lacombe Crane & Rigging,lacombecraneandrigging.com
Lafar Events Party Rental,lafarevents.com
Laguna Crane Services,lagunacraneservices.com
Lakeview Power Equipment,lakeviewpower.com
Lancaster Portable Toilet Rentals,
Lance Rental,lancerental.com
Lance Rentals,
Landmark Equipment,landmarkeq.com
Landscape Supply,landscapesupplywaco.com
"Laramie Crane, LLC",laramiecranecompany.com
Laredo Country Store,bushlandranch.com
Laredo Implement Co Inc,
Laredo Trailer Supply,laredotrailersupply.com
Laredo Truck Parts,laredotps.com
Large Lift Trucks,largelifttrucks.com
"Larmar Industries, Inc",larmarindustries.com
Latson Parts & Equipment Sales LLC,latsonparts.com
Lawn-Land,lawnland.net
Leadfoot Rentals,leadfoot.co
League City Porta Potty Rentals Company,
Ledwell Machinery,bobcat.ledwellmachinery.com
Ledwell & Son Enterprises Inc,ledwell.com
Lee Cassam & Associates,cassam.com
"LeeAgra, Inc.",leeagra.com
Legacy Rentals and Equipment Co.,legacyrentsandeq.com
Lennox Stores (Parts Plus),lennoxpros.com
Leonard's Farm & Ranch Store,leonardsfarmstore.com
Lewis Crane & Hoist Inc,lewiscraneandhoist.com
LGH Houston Rental Center,rentlgh.com
LGMG North America,lgmgna.com
Lift-A-Ton,
"Lift It Crane Service, LLC",
Lift & Load Rentals,liftandloadrentals.com
Lift Mart International,liftmartintl.com
Lift Parts Express Abilene,forkliftpartsabilene.com
Lift Parts Express Amarillo,forkliftpartsamarillo.com
Lift Parts Express El Paso,forkliftpartselpaso.com
Lift Parts Express Killeen,forkliftpartskilleen.com
Lift Parts Express Laredo,forkliftpartslaredo.com
Lift Parts Express McAllen,forkliftpartsmcallen.com
Lift Parts Express Mesquite,forkliftpartsmesquite.com
Lift Parts Express Midland,forkliftpartsmidland.com
Lift Parts Express Plano,forkliftpartsplano.com
Lift Parts Express Round Rock,forkliftpartsroundrock.com
Lift Truck Services,411lift.com
Lift Truck Services & EP Machine Shop,epmachineshop.com
Lift Truck Supply,
LIFT365 Rentals,lift365.rentals
Little Bill Rentals,littlebillrentals.com
"LiuGong Construction Machinery N.A., LLC",liugongna.com
LKQ North Texas,locations.lkqcorp.com
LNL Trailer and Equipment,lnltrailerandequipment.com
LoAx Rentals,loaxrentals.com
Local Forklifts,localforklifts.com
Logan Aerial Equipment Rental,
"Lone Star Equipment and Tool Solutions, LLC",lsn2g.com
Lone Star Tractor and Equipment LLC,lonestartractorandequipment.com
Lone Star Truck & Equipment,lonestartruck-equipment.com
Lonestar Forklift,lonestarforklift.com
LoneStar Outdoor Power Equipment,lonestaroutdoorpower.com
LoneStar Rental Solutions Inc.,lonestarrentalsolutions.com
Lonestar Truck Group,lonestartruckgroup.com
Lonestar Weights,lonestarweights.com
Long Acre Equipment Co.,
Longhorn Equipment & Supply,longhornequipmentandsupply.com
Longhorn outdoor,longhornoutdoorpower.com
Longview Equipment,
Longview Portable Toilet Rentals,
Look Equipment Sales,lookequipment.com
Lowe Tractor & Equipment,lowetractortx.com
LPM Forklift Sales & Services,
Ls Tractor,
LSM Outdoor Power - Keller,lsmop.com
"LSR Equipment Enterprises, LLC",lsrenterprise.com
LTS Material Handling (formally Lift Truck Supply),ltsmh.com
LTX Equipment,ltxequipment.com
Lubbock Crane Services,houstonstowerservice.com
Lubbock Grader Blade,lubbockgraderblade.com
Lucas Cooling Services Team,lucascoolingservicesteam.site
Luckett Crane Services,luckettcraneservice.com
Lux Rentals Inflatables and More LLC,luxrentalstx.com
M.G. Bryan Equipment Company,mgbryan.com
M & P Machinery LLC,mypmachinery.com
"M&S Unlimited Services, LLC",
M&V Tractor Supply,
Machinery Monsters Corp,machinerymonsters.com
"Macias Feed & Pet Supply, LLC",
MAE Power Equipment,maepower.com
Magni America,magnith.com
Magnolia Equipment Rentals LLC,magnoliaequipmentrentals.com
Mahan Rental Ranch,
Mainland Tool & Supply,mainlandtool.com
Making/Raymond,
Maldonado's Equipment Co,mequipmentco.com
Malin | A Raymond Company,malinusa.com
Mammuth Forklift,mammuthamericas.com
Manitex Inc.,tadano.com
Maquilainc - Forklifts & Industrial Racks,
Margaritas Express,margaritasexpress.com
Marks Heavy Equipment,markshe.com
Mars Lancaster- Equipment,
Marthe Machinery Trader,marthemachinery.com
"Martin Equipment, Inc.",martinequipment.us
Martin Equipment Rebuilders,martinrebuilt.com
Martin Farm & Ranch Supply Inc,martinfarmandranch.com
"Maruyama US, Inc.",maruyama-us.com
Material Handling Solutions LLC,e-rackonline.com
Material Handling Specialists,mhsus.com
Max Trucks & Equipment LLC,maxtrucks.net
MB GLOBAL RENTALS,mbglobalrentals.com
"MBA Equipment Rental, LLC",mbaequipmentrental.net
MC Heavy Equipment,mcheavyequipment.com
Mc Master New Holland Inc,mcmasternewholland.com
McCoy's Building Supply,mccoys.com
McCoy's Lawn Equipment Center,mccoyslawn.com
McGee Tractors,mcgeetractor.com
McKinley Farms & Tractor Sales,tommymckinley.com
McKinney Portable Toilet Rentals,
MCR Crane & Rigging Support LLC,mcrcrane.net
McRay Crane & Rigging Inc,mcraycrane.com
MDM Scaffolding,mdmscaffolding.com
MDR Equipment,mdrequipment.com
MDR Rentals,mdrrentals.com
Medical Equipment Repair,repairprousa.com
Mega Equipment and Cranes Inc.,megaequipmentandcranes.com
Mendez Skidsteer Rental,
Merritt Construction Equipment Rentals,
Mesquite Portable Toilet Rentals,
Metal Supermarkets Lancaster,metalsupermarkets.com
Metro Scissor Lift and Equipment Repair,metroscissor.com
MG Machinery LLC Buda TX,mgmachineryllc.com
MG Truck Sales & Equipment LLC,mgtrucksalesequipment.com
MHC Kenworth - El Paso,mhc.com
Mi-Jack Products Inc.,mi-jack.com
Mico Cranes & Equipment of Texas LLC,micoequipment.com
Mid-Valley Equipment,
Midland Equipment LLC,midlandequipmentllc.com
Mighty Lift,mightylift.com
Mike's Westside Rental,mikesrental.com
Miller Bowie Supply,millerbowiesupply.com
Miller Crane Works Inc.,millercraneworks.com
Miller Equipment Company,millerequipco.com
Mills Equipment,millsequip.com
MinuteMan Rentals,minutemanrentalslh.com
Minuteman Rentals,minutemanrentalstx.com
Mission Portable Toilet Rentals,
Mitchell Crane,mitchellcrane.com
Mobile Crane Services Inc,mobilecraneservices.com
Mobility City,mobilitycity.com
Modern AG Parts,modernagproducts.com
Modern Crane Services,threegarcias.com
Modern Sales & Service,
Momentum Rental and Sales,momentumrentalandsales.com
Monk JCB,monkjcb.com
Monkey Mania Rentals,monkeymaniarentals.com
Montgomery Cranes,montgomerycranesllc.com
MONTGOMERY HEAVY EQUIPMENT,heavyequipmenttx.com
Moore Rental Service Inc,moorerentalservice.com
Motor & Mower Supply,motorandmowersupply.com
MR EQUIPMENT RENTAL,mrequipmentrental.com
Mr Troy's Tractor & Trailer Repair,
MSG LEASING,msgleasing.com
MTY Heavy Equipment Inc,
"Muddy Bottoms Equipment Rental, LLC",muddybottomsrental.com
"Mueller, Inc.",muellerinc.com
MULLER EQUIPMENT SALES,mullerequipment.com
Murdoch's Ranch & Home Supply,murdochs.com
Mustang Cat - Houston,mustangcat.com
MVP EQUIPMENT SALES & RENTALS LLC,mvpeq.com
MVR-TX Construction,mvr-tx-construction.com
MW Rental & Services Inc (Main),mw-rentalsservices.com
MY Equipment,my-equipment.com
MY TEAM Home & Commercial Services,
N.C.S / Crane Service LLC.,ncscraneservicellc.com
Narrow Aisle Inc,narrowaisleinc.com
"National Equipment Dealers, LLC",nedealers.com
National Trailer Source,nationaltrailersource.com
Native Outdoors,nativeoutdoors.com
Nelson Equipment Ltd.,nelson-equipment.com
New Braunfels Portable Toilet Rentals,
New Texas Entertainment,newtexasentertainment.com
Newline Interactive,newline-interactive.com
Nexxis,nexxis.com
Niece Equipment,nieceequipment.com
Nimble Crane LLC,nimblecrane.com
Nitro Equipment Rental & Sales,
Nobster's Crane & Hot Shot,nobsterscrane.com
Noes Electric & AC Service LLC,
Nor-Tex Tractor,texarkananewholland.com
Nor-Tex Tractor,nortextractor.com
Norman Smith's Equipment Co,nsequipment.com
Normangee Tractor & Implement Co,normangeetractor.com
North Richland Hills Portable Toilet Rentals,
"North Texas Crane Service, Inc",northtexascrane.com
"North Texas Equipment Services, LLC",northtexasforklift.com
North Texas Farm & Garden,
North Texas Mobility Lifts,
"North Texas Tractor & Equipment, Inc.",northtexastractor.com
"NTEC Construction Equipment, Inc.",ntecinc.com
NTX Forklift LLC,
NTX Wrecker Service,ntxwrecker.com
Nueces Farm Center Inc / Williamson Co. Equip / CASE IH,
Nueces Power Equipment,nuecespower.com
Nuga Diesel Truck & Trailer Parts,nugadiesel.com
NWC Services,nwcservices.net
O'Day Rental & Supply,odayhardware.com
O'Shea Equipment Company,osheaequipment.com
OES Equipment,oesonline.com
Oil City Tractors,oilcitytractors.net
OMi Crane Systems,omicranes.com
On Point Contractors,onpointdfw.com
On Track Solutions,
One Stop Equipment Sales,onestopequipmentsales.com
Online Crane Rental,
Opifex LLC,
Orozco's Crane Towing & Recovery,orozcoscraneandtowing.com
Outdoor Equipment Outlet,outdoorequipmentoutlet.com
Outdoor Recreation - Sheppard AFB,82fss.com
Outdoor Warehouse Supply,outdoorwarehousesupply.com
Oxford Crane Inc.,oxfordcrane-tx.com
P & H Equipment Inc,phequipment.com
P&P Rentals and Supply,pandprentals.com
Pacific Truck Sales LLC,pacifictrucksales.net
Paige Tractors Inc.,paigetractors.com
Parker's Building Supply,parkersbuildingsupply.com
Parkway Systems,parkwaysystems.com
Partes Odessa cubano,meaps20.com
Partners Crane TX LLC,partnerscranetx.com
Party Rents of Galveston,
Party Time Inflatables and Party Rentals,
Patriot Sign & Crane,patriotsignandcrane.com
Patterson Rental Tools,pattersonservices.com
Paul Rental Works,portapottyrentalrowlett.com
Peña's Implement Co.,
Pena Forklift Services,penasforkliftservice.com
Penney's Tractor Services,
Perca Equipment,percaequipment.com
PERDEL Equipment & Excavation Co.,perdelllc.com
Performance Truck Baytown,performancetruck.com
Permian Equipment Rentals,
Permian Equipment Rentals,uptimerentals.co
Permian Equipment Rentals,permianequipmentrentals.com
Permian Machinery Movers Inc,permianmachineryinc.com
Permian Tractor Sales Inc,permiantractor.com
Petro Dumpster Rental,petrodumpsterrental.com
PHARR HEAVY EQUIPMENT LLC,pharrheavyeq.com
Pharr Portable Toilet Rentals,
PikaLift by Machenburg LLC,pikalift.com
Pittsburg Tractor,pittsburgtractor.com
Plano Power Equipment,planopower.com
PlantMates,plantmates.com
Platinum Forklift Specialist,
Platinum Truck & Trailer Repair,platinumrepairstx.com
Platinum Trucks & Equipment,
Play Party Inflatables,playandpartyinflatables.com
"Plumber True Services of Allen, TX",plumbertrueservices.com
Poole Feed Supply,poolefeed.com
Porta Potty Rentals College Station City,
Porta Potty Rentals Odessa,
Power Haus Equipment,powerhausequipment.com
Powerhouse Trailer Rentals,powerhousetrailerrentals.com
PowerRig Machinery,powerrigmachinery.com
PR Equipment,prequipmentsales.com
Prairie Star Porta Potty,prairiestarportapotty.cyou
Prairie Star Portable Toilet Rentals,prairiestarportabletoiletrentals.cyou
Precision Material Handling,precisionmhtx.com
Preferred Climate Solutions,preferredclimatesolutions.com
Preferred Rental,prequipmentrental.com
"Premier Outdoor Equipment, LLC.",premieroutdoorequipment.com
"Prime Equipment - Buda, TX",primeequiptx.com
Prime Equipment Rentals,primerents.com
Prime Equipment & Sales,primeequipmentsales.com
PrimeWave Rentals,primewaverentals.site
Pro Equipment Sales,proequipmentsales.com
Pro Fast Bin Dumpster Rental,profastbindumpsterrental.com
Pro Star Rental Belton,prostarrental.com
Production Equipment Sales,productionequipmentsales.com
Professional Turf Products,proturf.com
PROLIFT EQUIPMENT Forklift Sales Rent & Buy in Dallas,prolift-equipment.com
Pronto Crane,prontocranehouston.com
Proserv Crane - Corpus,
Proserv Crane Group,proservcrane.com
ProsRent,prosrent.com
Protec Equipment Resources,protecequip.com
Providence Equipment,providence-equipment.com
PT Scissor Lift Rental,
Pul-Way,
Pul-Way,pulway.com
Pulsar Construction Services & Rentals,pulsarconstructionservices.com
Purvis Industries,purvisindustries.com
Quality forklifts In Dallas tx,
Quality Rentals Delivered,roofrepairservices.net
Quality Used Equipment of South Texas,usedequiptx.com
Quick Crane Service,elcorgv.com
Quipco Global Inc,quipcoglobal.com
Quorena Portable Restroom Rentals,quorenaportablerestroomrentals.us
R.B. Everett & Company,rbeverett.com
"R.P.M. Parts and Small Engine, Inc.",rpmpartsandsmallengineinc.stihldealer.net
R&R Equipment Rental,rrequipmentrental.com
R&R Lift,rrlift.com
"R2R Moonwalk and Party Rentals,LLC",r2rmoonwalkrentals.com
Raley Equipment,raleyequipment.com
RAM Forklift Service & Repairs LLC,ramforkliftrepairs.com
"Ram Industrial Equipment, Inc.",ramindustrial.net
Rama Forklift Services,
Ranch Tractor,ranchtractor.com
Ranchers Supply,rancherssupplyamarillo.com
Ranger Lift Trucks,rangerlifttrucks.com
Recappers Equipment Co,recappers.com
Recovery Equipment,
Red Merrell Toolz Equipment Rental,redmerrelltoolzequipment.com
Redbird Skateland,redbirdskateland.com
RedRiver Equipment Rentals,
Redtail Equipment Rental,redtailrental.com
Reese Equipment Rental,
Refrigeration and Environmental Systems,systemrefrigeration.com
Rehfeld Equipment Co,rehfeldequipment.com
Reid's Triple T,reidtx.com
Reliance Medical Equipment & Supplies,reliancemedicalinc.com
Rent Equip - South Austin,getrentequip.com
Rental King LLC,rentalkingllc.com
Rental One - San Marcos,r1equip.com
Rental Stop,rentalstops.com
Rental World,rentalworld.com
Rentals To Go,portablerestroomrentals.com
"Rentex Audio Visual & Computer Rentals - Dallas, TX",rentex.com
Rescue Cooling Rentals,rescuecoolingrentals.com
Restora Portable Toilets,restoraportabletoilets.cyou
Restoration Equipment Services,
"Reubicon International, Inc",reubicontractorparts.com
RGV Heavy Supply,rgvheavysupply.com
RH Equipment Rentals,
Rhino Machinery,rhinomachinery.com
Richardson Portable Toilet Rentals,
Richardson Saw & Lawnmower,richardsonsaw.com
Richmond Equipment,richmondequipment.com
Rick's Beach Rentals,waterboyrentals.com
Rightway Equipment Rentals,rightwayequipmentrentals.com
Ring Power Utility | Truck | Crane,utc.ringpower.com
Rite-Way Lift Repair LLC,ritewayliftrepair.com
River Bend Crane & Rigging,
"Rivera's Machinery, Inc.",mynewtractor.com
RJ POWER,rjpower.com
RMS Equipment Services: Heavy Equipment Repair and Service,rmsservices.us
RNB Equipment Plus,rnbequip.com
Roach Feed & Seed,roachfeed.com
Roberto'S 'Pluma' rent / Tow bar / crane,
Roberts Tractors,robertstractors.net
Robertson Equipment & Salvage,
Roca Equipment LLC,rocaequipment.com
Rock On Party Rentals,rockonpartyrentals.com
Rockin J Rentals,rockinjrentals.com
Rockin JL Waste Management LLC,rockinjlwm.com
"Rockin' Moose Sales, LLC",rockinmoose.com
Rocky Hill Equipment Rentals Inc - San Antonio,rockyhillequipmentrentals.com
Rodenbaugh's Flooring America Kitchen Bed and Bath,rodenbaughs.com
Rodeo Mechanical Bull Rentals,rodeomechanicalbulls.com
Rogers Equipment & Construction Home,rectxk.com
Rojas Aerial Equipment Rental,
Rojas Heavy Equipment LLC,
Rolling E Enterprise,rollingeenterprise.com
Rolling Plains Implement Co.,rollingplainsimplement.com
ROMCO Equipment Co.,romco.com
Ron Hoover Equipment of Corpus Christi,ronhooverequipment.com
Roper Inc.,roperinc.com
Round Rock Tool Depot,roundrocktexas.gov
Rowlett Portable Toilet Rentals,
ROWMEC EQUIPMENT,rowmec.com
Roy's Trucks & Equipment,roystrucks.com
Royal Equipment Inc,royaleq.com
RPM Rentals Forklifts,rpmrentals.us
"RSVP the Occasion, LLC",rsvptoc.com
Rucker Equipment Company,ruckerequipment.com
"Rutherford Equipment Services, LLC",rutherfordes.com
RWS Crane & Rigging,rwscrane.com
Ryan's Party Rentals LLC.,rentryans.com
S and M Cranes LLC,sandmcranes.com
S&S Equipment Sales LLC,ssequipmentsales.com
S & S Rentals,sandsrentals.net
S & S Truck Sales,sstrucksales.wixsite.com
Saedoria,saedoria.com
Saenz Material & Handling,saenzmaterialhandling.com
Safe Site Toilet Rentals - Frisco,
Safezone Equipment Rentals,
San Angelo Portable Toilet Rentals,
San Marcos Forklift Battery,
San Marcos Lions Club Tube Rental,tubesanmarcos.com
San Marcos Portable Toilet Rentals,
"San Marcos Powersports, LLC",sanmarcospowersportsllc.com
Sandifer's LP Gas & Service Company Inc,sandiferslp.com
Sandyland Equipment,sandylandequipment.com
Saski Crane & Equipment Rental,
Saunders Aerial Equipment Rental,
sazdrrty,
SB CRANE,
SBM Earthmoving & Construction,sbmearthmoving.com
Scaffolding Rental of North Texas,scaffoldingnorthtx.com
Schaffer Equipment,schafferequip.com
Scharff Crane Rental,scharffcrane.com
Scheels,scheels.com
Scherer Kubota,schererkubota.com
Schneider Truck Sales,schneidertrucks.com
Scooter's Lawnmower,scooterslawnmower.net
Scott-Macon Equipment - Corpus Christi,smequipment.com
SCS Fleet Services,scsfleetservices.com
SEBA Party Rentals,
Second Hand Sports & Game Swap LLC,shsdfw.com
Seconds & Surplus,secondsandsurplus.com
Service First Material Handling,sfmh-houston.com
Shearer Supply Fort Worth,shearersupply.com
Sherman Construction Equipment Rental,
Shirley Equipment Company Inc.,shirleyequipment.com
Shoppa's Farm Supply,sfstractor.com
Shoppa's Material Handling,shoppasmaterialhandling.com
Shorty's Rental and Feed,shortysrentalcenter.com
Sierra Mountain,
"Sierra Oilfield Services, Inc.",sierraoilfieldservices.com
Silver Line Supply LLC,silverlinesupplyllc.com
Simply Seated Rents & Events,simplyseatedrentsandevents.com
SIRRI TRACTORS LLC,newandusedtractors.com
SitePro Rentals,siteprorentals.com
Skid Steer Houston,skidsteerhouston.com
Skid Steer Rentals,skidsteer-rentals.com
Sky High Party Rentals,skyhighpartyrentals.com
Sky High Promotions,
Sky High Rentals,skyhighrgv.com
Skyblack Rentals,skyblackrentals.com
Smart's Truck & Trailer Equipment Inc,smartstruck.com
Smith Ag Solutions,smithagsolutions.com
Smith Outdoor Power Equipment,smithoutdoorpowerequipment.com
Smith & Son Farm Equipment Inc,smithandsonsinc.com
Solutions Pest & Lawn,solutionsstores.com
Somers & Watson Machinery,swmrents.net
"Sonoma, Inc. Building Supplies & Equipment Rentals",sonomainc.net
South East Tx Heavy Equipment & Truck,
South K Outdoor Power Equipment & Sales,skoutdoorpower.com
South Plains Implement - Lubbock John Deere Dealer,southplainsimplement.com
South Point Equipment & Rental Services,
South Star JCB Lewisville,southstartxjcb.com
South Texas Crane Service,stxcrane.com
South Texas Overhead Cranes & Hoists,stxcranes.com
South Texas Rentals LLC,
South Texas Tractor & Equipment Supply LLC,southtexastractor.com
South Texas Truck & Equipment,southtxtrucks.com
Southeast Forklifts of Houston - Used Forklift Equipment Sales,southeastforklifts.com
Southeast Texas Industries,
Souther Equipment,southerequipment.com
Southern Crane Works,southerncraneworks.com
Southern Field Maintenance - Victoria,sfmvictoria.com
Southern Jeweled Wedding & Event Rentals,southernjeweled.com
Southern Plains Equipment,southernplainseq.com
Southern Star Tractor & Turf,southernstartractor.com
Southern Tractor,southerntractors.net
Southwest Equipment,southwestdozer.com
Southwest Equipment,southwestequipment.com
Southwest International Trucks Arlington,southwestinternational.com
Southwest Lift,
Southwest Materials Handling Company,swmhc.com
Southwest Mower Services Center,southwestmower.com
Southwest Scaffolding & Supply,swscaffolding.com
Southwest Trucks and Equipment - Bobcat,swtruckequipment.com
Southwestern Industrial Contractors & Riggers Inc,southwesternindustrial.com
Space kids llc,spacekidsllc.com
"Sparta Crane and Drilling, LLC",spartacad.com
Special Crane Service,specialcrane.com
Specialty Equipment Company,seco-tx.com
Specialty Equipment Rentals,
Specialty Equipment Rentals LLC,1serentals.com
Specialty Heavy Commercial Equipment,specialtyhce.com
Spectacular Event Rentals,spectaculareventrentals.com
Speedy Clean Rentals,
Splintered Oak Equipment - Rosenberg (formerly Rosenberg Tractor),rosenbergtractor.com
"Sprint Rentals, Inc.",sprintrent.com
Stack Equipment LLC,stackequipment.com
Stag Power Rentals,stagrentals.com
Star Heavy Equipment Inc,starheavyequipment.com
Star party rentals LLC,star-partyrentals.com
Star Tractor Ltd,startractor.com
Starr Tractor & Equipment,
States Rentals,statesrentals.com
Stellar Rentals Texas,stellarrentalstexas.com
Stellatera Rental Equipment,stellatera.com
Sterling Crane LLC,sterlingcrane.com
Sterling Crane USA,sterlingcraneusa.com
Stiles Machinery,stilesmachinery.com
"Stine Equipment, LLC",stineequipment.com
Stonebridge Equipment Rentals,bluelineequipmentrental.site
STOP Equipment,stopequipment.com
Storm Lawn & Garden,stormlawnandgarden.com
Stover Equipment Co Inc,stoverequipment.com
StrongHold Equipment & Services,
Stuard Crane,
Suarez Bros. Crane and Heavy Haul,sbcrane.com
Suarez Truck Parts & Service LLC,
Sugar Land Portable Toilet Rentals,
Summit Event & Tent Rentals - Sugar Land,eventrentalstx.com
Sun City Equipment,
SUN LIFT RENTAL,
Sunbelt Lawn Equipment,slerepairs.com
Sunbelt Material Handling,sunbeltmh.com
Sunbelt Tractor & Equipment Company,sunbelttractor.com
Sunshine and Lemmons Party Rentals,
Sunward America,sunwardamerica.com
Superior Equipment & Supply,superiorroofingequipment.com
Superior Fork Lift Inc,superiorforklifthouston.com
Swamp Frog Rentals,swampfrogrentals.com
T&G Construction Materials,
T-N-C Power Equipment Inc,
Tailift Material Handling USA Inc,tailift-usa.com
Tall City Trailers & Equipment Rental,tallcitytrailersllc.com
Talon Equipment,talonequipment.com
"TASK Equipment Rental, LLC",taskequipmentrental.com
Task Force Services Austin,taskforceservices.com
TASK Forklifts USA,taskforklifts.com
Tatum Crane Inc,tatumcraneinc.com
Taurox Attachments,taurox.com
Taylor Rental Ctr,taylorrentalplano.com
Taylor's Rental,taylors.rentals
Taylor Sudden Service,taylorsuddenservice.com
"TEC, Inc. (Tatum Excavating Company, Inc.)",tatumexcavating.com
Tejas Equipment Rentals,tejasequipment.com
Tellus Equipment,tellusequip.com
Temple Portable Toilet Rentals,
"Terry County Tractor, Inc. - Brownfield",terrycountytractor.com
Tesa Trucks | Used Trucks from Trusted Brands,tesatrucks.com
Tesmec USA,tesmec-usa.com
Tex Equipment Buyers,texequipmentbuyers.com
Tex Industries Apex,
Texarkana Outdoor Power Equipment,txkope.com
TEXARKANA TENT LLC - Tent & Event Rental's,texarkanatent.com
Texas Adventure Powersports,texasadventure.com
Texas Attachments,
Texas BCS,texasbcs.com
Texas City Feed & Supply,texascityfeedandsupply.com
Texas Contractors Equipment Inc.,texconeqp.com
Texas Crane Repair,texascranerepair.com
Texas Crane Services,texascraneservices.com
Texas Entertainment Group,texasentertainmentgroup.com
Texas Equipment Company,texasequipmentco.com
Texas Equipment Emporium,texas-ee.com
"Texas Equipment Solutions, LLC",txequipmentsolutions.com
Texas Equipment Source,txequipmentsource.com
Texas Equipment Trader LLC,texasequipmenttrader.com
Texas Event Solutions,texaseventsolutions.com
Texas Farm Store / Texas Ag Equipment,texasagequipment.com
Texas Final Drive,texasfinaldrive.com
Texas First Supply - Fort Worth Central Warehouse,texasfirstrentals.com
Texas Forklift Service,texasforkliftservice.com
"Texas Heavy Equipment Repair, LLC",txheavyequipment.com
"Texas Lift & Haul, LLC",txlifthaul.com
Texas Outdoor Equipment,texasoutdoorequipment.info
Texas Outdoor Power Equipment,texope.com
Texas Party Adventure,texaspartyadventure.com
Texas Southern Crane Services,texassoutherncrane.com
Texas Sumo Game Rental Frisco,
Texas Tool & Equipment,texas-tool.com
Texas Tool Traders,texastooltraders.com
Texas Tractor Country,texastractorcountry.com
Texas Truck Equipment,texastruckandequipment.net
"Texas Warehouse Equipment & Supply, Inc.",twesupply.com
Texla Equipment,texlaequipment.com
"Texlift | Electric Forklifts, Loaders, Warehouse Equipment & Floor Scrubbers",texlift.com
Texstar Sales-Construction & Agriculture Equipment,texstarequipment.com
The Bounce and Party Company,bounceandpartyco.com
The Bouncy Kingdom,thebouncykingdom.net
The Colony Portable Toilet Rentals,
The Firehouse,firehousetexas.com
The Nice Machine,thenicemachine.com
The Solar Cowboys,thesolarcowboys.com
The Used Equipment Guy,usedequipmentguy.com
The Warehouse Rentals and Supplies,twrs.com
"The Yard Mule Store, LLC",theyardmulestore.com
"Thed Easley's, Inc. dba: Easley's Crane Service",easleyscrane.com
Thee Scrappers Crane LLC,theescrappers.com
ThermoCurrent AC Repair Conroe,thermocurrentacrepairconroe.site
Thomas Fleet Sales,thomasfleetsalesllc.com
Thornton's Crane Service,thorntonscraneservice.com
Tiger Rentals,tigerindustrialrentals.com
Tilghman Crane & Transport,tilghmanct.com
Tim's,tims.keeq.io
Timber Portables,
Time Matters Entertainment,timemattersentertainment.com
Titus Crane Services,tituscrane.com
TK Equipment,tkequip.com
TKO Equipment Co,tkoequipment.com
TNT Crane & Rigging,tntcrane.com
TNT Truck Parts,tnttruckparts.net
Tool Mart Inc,toolmarthou.com
Tool Rental,
TOP Equipment,topequipment.net
Top Gunn Equipment Rentals Inc,topgunn.net
Top Gunn Outdoor Power,austinoutdoorpower.com
Top Pro towing llc,
"Torre Crane, LLC",torrecrane.com
Total Source Equipment Rentals,totalsourcerentals.com
Toyota Lift of Houston,toyotalift.com
Toyota Lift of South Texas,doggett.com
Tractor Townes,tractortownes.com
Trailer Hitch Depot,trailerhitchdepot.org
"Trailer & Machinery Solutions, International",trailerandmachinerysolutions.com
Trane Rental Services,trane.com
Transit & Level Clinic,transitlevelclinic.com
"Transnational Equipment Supply, Inc",transnationalequipment.com
Travis Co Equipment Specialists,
Travis Tractor & Lawn Equipment,travistractor.com
tredjfkdjkjd,
Tri-Pak Machinery Inc,tri-pak.com
Tri-Star Trailers & Equipment Sales,tristarsatx.com
"Triangle Equipment, Inc.",triangleequip.com
Triangle Forklift Repair Service,
Triple H Outdoor,triplehoutdoor.com
Triple-S Steel (formerly Industrial Material Corp),industrialmaterial.com
Trophy Tractor Inc.,trophytractor.com
Truck Accessory Outlet,truckaomansfield.com
Truck Equipment Resource,terfleet.com
Truck Techz,trucktechz.com
Trucks and Machinery inc,trucksandmachinery.net
Trucks & Equipment,
Trumble Crane and Rigging,trumblecrane.com
"TTJ Equipment, Inc - Longview",ttjequipment.com
Tuffy Products,tuffyweb.com
Turf and Soil Management,turfandsoil.net
Turf Equipment & Supplies Inc,turfequipmentandsupplies.com
TurfMaker Corporation,turfmaker.com
Tuscola Tractor & Equipment Sales,tuscolatractorsales.com
TwoTen Equipment,twotenequipment.com
TX Rental Guy,txrentalguy.com
TX Street Equipment LLC,
TYCO Truck & Equipment LLC,
Tyler Portable Toilet Rentals,
Tyler Power Equipment,tylerpowerequipment.com
U Rent em,
U Rent It Sales & Service,urentitsalesandservice.com
U.S. Shoring & Equipment Co.,usshoringandequipment.com
UBEO Business Services,ubeo.com
Ultimate Crane Services LLC,ultimatecrane.com
Unarco Material Handling Inc,unarcorack.com
Underwood Equipment Company,underwoodequipmentcompany.godaddysites.com
Uni-Tec Trade Inc.,unitecusa.com
United Access,unitedaccess.com
United Ag & Turf,unitedagandturf.com
United Heavy Equipment,unitedheavyduty.com
Universal Equipment Rentals & Sales,universalequipmentrentalandsales.com
Universal Trucks & Equipment,utequipment.com
Upright Forklift Repair,uprightforklift.com
US 281 Truck & Trailer Services LLC,us281trucktrailerservices.com
US Farm Innovations,usfarminnovations.com
Us Heavy Machinery LLC,usheavymachinery.com
Usamex Machinery,usamexmac.com
UsedEquipment,usedequipment.com
"Utility Trailer of Texas, Inc",utilitytrailers.com
Utopian Party Rentals,docs.google.com
UVC Powersports,uvcpowersports.com
V-Bar Equipment Company,vbarequipment.com
V&F Truck Sales Equipment,
Valley Farm Equipment Services,
Valley Liftman,valleyliftman.com
Valley Outdoor Power Equipment,vope-inc.com
Valley Welding Services,
ValTan Equipment Rentals,
"Vanquish Crane & Construction, LLC",vanquishcrane.com
VARS Equipment,
Vermeer Baler Sales,
Vermeer Texas-Louisiana,vermeertexas.com
"Versalift - Waco, TX",southwest.versalift.com
Victoria Crane Works,victoriacraneworks.com
Victoria Equipment Auction,victoriaequipmentauction.com
"Victoria Farm Equipment Co., Inc.",victoriafarmeq.com
Victoria Farm & Ranch Supply Co.,
Victoria Portable Toilet Rentals,
Vieth Tractor & Implement,viethtractor.com
"Viking Crane Service, LLC",vikingcraneservices.com
Viking Fence Supply Store and Commercial Contractor,rentviking.com
"Vince Hagan Company, Concrete Batching Plant Mfg.",vincehagan.com
VM Rentals Waco,vmrentalswaco.com
Vn Tractors Inc.,
Vogel Tractors,vogeltractors.com
W&B Service Co,wbservice.com
W W Equipment Sales Co,buckettrucksales.com
Waco Machinery and Parts,wacomachineryandparts.com
Wales Crane & Rigging Service,walescraneandrigging.com
Wallace Tractors & Equipment,
Waller County Equipment,wallercountyequipment.com
Warehouse Equipment Solutions,warehouse-equipment-solutions.com
Warren CAT,warrencat.com
"Warrior Crane Service, LLC",warriorcrane.com
Waste Equipment Rentals & Sales,wasteequipmentrs.com
Waters AG Storage Containers,watersagstorage.com
Waukesha Pearce Industries - (WPI),wpi.com
WCTractor Bryan,wctractor.com
WCTractor Waco,wctkubota.com
Well Equipped Rentals Llc,wellequippedrentals.com
West Texas Crane Techs Inc,
Western Equipment | Amarillo,west-equip.com
Western Trailer Equipment & Manufacturing,wtabilene.com
Westhaven Porta Rentals,
Wharton Tractor Co.,whartontractor.com
Where To Buy Heavy Equipment,interstateheavyequipment.com
Whitley Steel Building Supply,whitleysteelbuildingsupply.com
Wichita Falls Portable Toilet Rentals,
Wichita Falls Trailer Rental,wichitafallstrailerrental.com
Wichita Industrial Sales,wichitaindustrial.com
Wildcat Cranes Inc,
"Wilko Industrial, LLC",wilkoindustrial.com
Williamson County Equipment,wmcoequip.com
Wilson Company - Hydraulic Equipment Supplier,wilson-company.com
Wilson Equipment El Paso,wilsonequipmentelpaso.com
Windstar Equipment & Auctions LLC,windstarequipment.com
Wiseman Hardware,
"Witch Equipment Company, Inc.",witchequipment.net
WL Crane Sales & Repair,wlcranesales.com
Wofford Crane and Transportation,woffordcrane.com
Wood Construction Equipment Rental,
Workhorse Rentals LLC,workhorserentals.com
World of Organics Garden Supply,worldoforganicsandhydroponics.com
World Supply Inc,
World Wide Equipment Sales,worldwideequip.com
Worth NA LLC,worthequipment.com
WOWCO Equipment Company,wowco.com
WOWCO Rental LLC,
Wrecker Warehouse of Texas LLC,wreckerwarehouseoftexas.com
WRI Tractors,writractors.com
Wylie Implement & Spray Center,wyliesprayers.com
"Wylie Implement & Spray Center, Brownsville",
Wylie Outdoor Power,wylieoutdoorpower.com
Wylie Portable Toilet Rentals,
Xpress Atrium & Spider Lift Rentals,xpressliftrentals.com
"Xpress Auto and Truck Supply, LLC",
XPS Xpress - Dallas Epoxy Floor Store,xpsxpressdallas.com
Yamham Machinery Truck & Equipment,
Yanmar Tractors Texas,yanmartractorstexas.com
Yard Card Queen - West Allen,yardcardqueen.com
"Yard Mule Specialists, Inc",ymstexas.com
Yellowhouse Machinery Co.,yellowhouse.com
"Yellowstone Crane & Rigging, Inc.",yellowstonecrane.com
Yongsheng Equipment America LLC,en.yongshengzg.cn
York Construction Equipment Rentals,
zaszasertr,
Zayer Machinery,
Zeeke’s Rentals LLC,zeekesrentals.com
Zephyr Cranes,zephyrcranes.com
Zimmerer Kubota & Equipment - Denton,zimmererkubota.com
Zuniga's Forklift Repairs,zunigaforkliftrepairs.com
1Source Rentals,1sourcerentals.com
801 Equipment Rentals,801equipmentrentals.com
Abby Home Medical,abbyhomemedical.com
"Ace Rents, Inc. - Lindon",acerents.net
Activ Powersports,activpowersports.com
Advanced Machinery Systems,advanced-machinery.com
Adventure Heights All-Abilities Park,spanishfork.gov
Affinity Home Medical,affinityhomemedical.com
African Machinery,africanmachinery.com
"AG EQUIPMENT, INC.",agutah.com
AJ Motion Sports – Union Square,ajmotionsports.com
Al's The Chain Saw King,thechainsawking.net
All Equip Rental,allequiprental.com
All In Fun,allinfun.biz
Alpine Equipment,alpineeq.com
Alpine Home Medical,alpinehomemedical.com
AmazEvent Party Rentals,amazeventpartyrentals.com
American Air Sports,americanairsports.com
American Equipment Systems,amquipinc.com
American Excavating,americanexcavatingut.com
Andrus Towing - Cars & Heavy Duty Semi Truck Recovery,andrustow.com
ARMUP Equipment,armupequipment.com
Ascent Diesel Formerly ASC Warehouse,ascentdiesel.com
Asere party rentals,
Atlas Machinery Company,atlasmachinery.us
ATLAS Rigging & Transfer,atlasrigging.net
B T Crane,
Bee Ready Event and Party Rentals,beereadyrentals.com
Beehive Equipment - Official Bobcat Dealer,beehive-equipment.com
Beehive Rental & Sales LLC,beehiverentalandsales.com
Belmoove Heavy Equipment Parts,belmoove.com
Big B Equipment Inc,bigbequipment.com
Biograss Sod Farms & Biograss Nurseries,biograss.com
Birdies Power Equipment,birdiespowerequipment.com
Bison Trailer Rentals,bisonrentalsutah.com
BL Pallet Racking,blpalletrack.com
Black Cliffs Equipment - Heber,blackcliffsequipment.com
Black Out Entertainment,blackoutentertainment.rocks
Black Peak Equipment,blackpeakrentals.com
Blacksmith Rentals,blacksmithrentals.com
Blue Collar Haulers Dumpster Rentals,bluecollarhaulers.com
Bluelinerents.com,bluelinerents.com
Bo Construction and Equipment Rental,
Bobcat of Cache Valley,bobcatofcachevalley.com
Bonneville Equipment of Sandy,bec1.com
Boothe Music,boothemusic.com
Bouncin Bins Services & Inflatable Booking Pros - Salt Lake City,utah.bouncinbins.com
Boyce Equipment & Parts Co,boyceequipment.com
Bragg Crane Service - Salt Lake City,braggcrane.com
Brazzen USA,brazzen.com
Brigham Implement Co,brighamimplement.com
Bronson Crane,bronsoncrane.com
Bulwark Equipment Rentals,bulwarkequipment.com
Burton Lumber - Layton,burtonlumber.com
"Buttars Tractor - Tremonton, Inc",buttarstractor.com
Cache Equipment,cacheequipment.com
Caldora Portable Restroom Rentals,caldoraportablerestroomrentals.us
Cameron Crane Service,
Canyon Party Rental,canyonpartyrental.com
Canyon View Dumpsters,canyonviewdumpsters.com
Cat® Compact at Wheeler Machinery Co. Sandy,wheelercat.com
Cate Equipment Co,cateequipment.com
"Cate Machinery Company, LLC",catemachinery.com
Century Equipment Company,centuryequipment.com
CK Equipment Rentals,ckequipmentrentals.com
Clearfield Sales & Roofing Equipment,rentaconveyor.com
Cleasby Manufacturing of Utah,cleasbyutah.com
Cold Water Crane,coldwatercrane.com
Construction Equipment Service,mobile-equipment-repair-services.square.site
Craft Supplies USA,woodturnerscatalog.com
CraneOps,craneops.co
Croft Sales & Service,croftnow.com
CSJ Equipment LLC,csjequipment.net
Curb Cart Concrete Lehi- Ready Mix Concrete Trailers,curbcartconcrete.com
Dallas Green - Farm and Home,dallasgreen.com
Dawson Portable Toilet Rental West Jordan,dawsonportabletoilet.com
Day Power Equipment,daypowerequipment.com
Delta Crane Services,
Diamond Event & Tent,diamondevent.com
Diamond rental,
Dickson Crane & Rigging,dicksoncrane.com
Dillon Toyota Lift Salt Lake City,dillontoyotalift.com
Dogface Equipment Sales,dogfaceequipment.com
Doug Smith Chevrolet,dougsmithchevrolet.com
Doug Smith Sales,
Dresser Rentals,
Dumps Easy Construction Site Services,dumpseasy.com
Dynamic Heavy Rentals,
E-QUIP LLC,
EH Equipment.,ehequipmentrentals.com
Elevate Party Rentals,elevatepartyutah.com
Elevated Equipment Rental,rentelevated.com
"Ellis Equipment Company, Inc.",ellisequipment.com
Enniss Crane,
Equipment and trailer Rental Young Truck and Trailers,
Equipment Sales Inc,equipmentsalesinc.com
Equipment Source,equipmentsourceut.com
EquipmentShare,equipmentshare.com
Evergreen Soils,evergreensoils.com
Evermore Rentals,evermorevintagerentals.com
Extreme Diesel and Heavy Equipment Repair Inc.,extremedieselutah.com
Fjord Crane Services,fjordcrane.com
Fleet Equipment Services,
Flipside Fun,flipsidefun.com
Freedom Machinery,freedom-machinery.com
Frontier Trailers & Roping Supply,ropingsupply.com
G & S Crane Service,gscranes.com
General Implement Distributors,generalimp.com
Global Remarketing Heavy Equipment & Truck Sales,globalremarketing.net
GoEquipMe,goequipme.com
Hang-M-High Crane Services-W Haven,hangmhighcraneservice.com
HangTime Rentals,hangtimerentals.com
"Heavy Equipment Solutions, LLC",
"HERMANSEN'S EQUIPMENT, INC.",hermsequipment.com
Hobby Tractors,hobbytractors.com
HOJ Innovations,hoj.net
Holland Equipment Co,hollandeq.com
Honest Engine Sales & Service,honestenginesales.com
Howe Rental & Sales,howerentals.com
Howe Rents of Ogden,
Hoystal Bluffdale,saltcitycraneservice.com
Hurricane Equipment Rentals,hurricane-rentals.com
IFA Country Store,ifa.coop
IFA Country Stores,ifacountrystores.com
iFIT,ifit.com
Industrial Lift Services,
Industrial Supply Company,indsupply.com
Industrial Tool and Supply,industrialtoolandsupply.com
Intermountain Bobcat of Salt Lake City,imbobcat.com
Intermountain Health Home Medical Equipment - Murray,intermountainhealthcare.org
Ipaco Inc.,ipacoinc.com
iRent LLC,irentutah.com
Iron Horse Equipment Rentals,ironhorse-rentals.com
J&J Nursery and Garden Center,jjgardencenter.com
Jakes Rentals,jakesrentals.com
Jayko Crane,jaykocrane.com
Jc Crane Co,
Jenson Crane Services,jensoncompanies.com
"JOHNSON TRACTOR & IMPLEMENT, INC.",jtractor.com
Jordan Garden Center,jordangarden.com
JTS Forklift Service,jtsforklift.com
Jumptown,jumptownutah.com
Jurassic Machines,jurassicmachine.com
Kenworth Sales,kenworthsalesco.com
Kimball Equipment Company,kimballequipment.com
Komatsu,komatsueq.com
Landscape Supply of Utah,landscapesupplyofutah.com
Larsen Crane Inc,larsencrane.com
"Laser tag Adventures (Backyard Parties, LLC)",utahlasertagadventures.com
Layton Portable Toilet Rentals,
Lift Right Sales & Service LLC,
Lift Trucks Plus,saltlakecityforklifts.com
Logan Porta Potty Rentals,
Lund Equipment Rental,lundequipment.com
M & R Equipment Co,mrequip.com
Mama Bears Bounce Houses,mamabearsbouncehouses.com
Mammoth Machinery,
Mammoth Machinery,mammothmachinery.com
Mardian Equipment Co Inc,mardianequipment.com
Mason Machinery,masonmachinery.com
Maw Equipment Inc.,
Maxwell Equipment Company,maxwellequipment.com
McKool'z Toolz Equipment Rental,mckoolztoolz.com
Medical Equipment Outlet,medicalequipmentoutlet.net
Mobile Equipment Repairs,mobileequipmentrepairs.com
Monkey Men Heavy Equipment Rentals,
Moore Machine Tools,mooremt.com
Mountain Crane Service,mountaincrane.com
Mountain West Power Equipment | Formerly RMT Equipment,mwpowerequipment.com
Mower Medic,mowermedicllc.com
MTS Utah - Mountain Truck Source,mountaintrucksales.com
Murray Automotive & Mower Shop,
Murray Porta Potty Rentals,
Nationwide Trailer & Equipment,nationwidetrailer.com
NBR Equipment,nallybrothersrental.com
Nelson Intermountain Crane,
Northern Utah Ag,northernutahag.com
Northwood Rentals,northwoodrentalsonline.com
Old Fort Ogden Leasing LLC,
On The Grind,onthegrind.pro
Out of the WOODS Enterprises/Woods crane service,woodscranes.com
Pacific Tri-Star Inc.,pacifictristar.co
Paragon Pro Rentals,prorentals.com
Party Pulse Rentals,partypulserentals.com
Patriot Rentals,nextequipment.com
Patriot Rentals - Salt Lake County Location,patriotrentalsutah.com
Peak JCB - Salt Lake City,peakjcb.com
Pehrson's Power Equipment,pehrsonspower.com
Perry Industrial,perryind.com
Peterson Equipment Co,petersonequipment.com
Phoenix Rental and Service,
Plan-it Rentals,planitrentals.com
Platinum Equipment Rental,utahper.com
Powder River - Livestock Handling Equipment,powderriver.com
Premier Truck Group of Salt Lake City,premiertruck.com
Provo Portable Toilet Rentals,
PS Enterprise,
Quality Rent & Lease,qualityrentandlease.com
Rasmussen Equipment,raseq.com
Real Forklift Repair LLC,
Red Finch Rental,redfinchrental.com
Red Rock Equipment Rentals,redrockrentalsutah.com
REIC Rentals,reic.com
Renegade Rentals LLC,renegaderentals.com
Rent A Monkey Tree Service,rentamonkey.com
Rent Event Utah,renteventutah.com
Rental Link,
Rental Square,rentalsqr.com
Rhino Rentals LLC,
Right West Valley City HVAC Services,rightwestvalleycityhvacservices.site
Riverton Hardware,rivertonhardware.com
Rocking B Equipment,rockingbequipment.com
Rocky Equipment Rentals,rockyhdrentals.com
Rocky Mountain Rental,rockymountainrental.com
Rocky Mountain Warehouse Solutions,rockymountainws.com
Rogue Bros Party Rentals,roguebrosutah.com
Rolling Equipment Rentals,rollingequipment.co
Roy Portable Toilet Rentals,
Royce Industries,buyroyce.com
Ruesch Machine,rueschmachine.com
"Rugged Equipment, LLC",ruggedeq.com
Rush Crane Service,rushcraneservice.com
Salt Booths,salt-booths.com
Salt Lake Flatbed & Car Hauler Rentals | Big Load Trailers,trailerrentalsaltlake.com
Sandy Portable Toilet Rentals,
ScaffoldBox Riverton,scaffoldbox.com
Simple Excavation Services,simpleexcavation.com
Sinco 5 Star Equipment,
Soft Serve Rental UT,
South Fork Hardware (not affiliated with Ace),southforkhw.com
South Jordan Portable Toilet Rentals,
South Valley Equipment,southvalleyequipment.com
South Valley Rentals/ Repair,svalleyrentals.com
SpeedyRental,getspeedyrental.com
Spillman & Crane Accounting,spillmancrane.com
Spindler Crane Service,spindlercrane.com
St George Table and Chair Rentals,forms.gle
Standard Plumbing Supply,standardplumbing.com
State Machinery,statemachineryut.com
"Statewide Equipment Sales, Service & Rentals",statewideequipment.com
Steedman Rental Llc,
Steve Regan Company,steveregan.com
Stoic Equipment Services,stoicequipmentservices.com
Stotz Equipment,stotzeq.com
Summit Crane & Rigging,summitcraneut.com
"Suncore Construction and Materials, Inc.",suncoremasonry.build
Sunpro - Springville,sunpro.build
Sunset Party Rentals,sunsetpartyrentalssg.com
Superior Equipment,superioreq.com
Taurus Trailer Sales & Service,taurustrailer.com
Taylorsville Portable Toilet Rentals,
"The Tool Hall, LLC",thetoolhall.com
Titania Rental Services,
Tower Crane,towercranesprovo.com
"Towlift, Inc. Salt Lake City Facility",towlift.com
Traffic Safety Rentals,trafficsafetyrentals.com
Trailer Source,trailersourceutah.com
Tran Construction Equipment Rentals,
Transport Service And Repair Heavy Equipment Repair,stgeorgerepair.com
Triple7Crane,
Truck Crane Rental,truckcranerental.com
Truck Equipment Ent LLC,truckequipmententerprises.com
"Turf Equipment & Irrigation, Inc.",turfequip.com
UBounce,ubounceutah.com
United investments,unitedinvestments.net
Universal Rent-All,universalrentall.com
"Urban Cowboy Rentals, LLC",urbancowboyrentals.com
UT forklift services,
Utah County Equipment & Supply,ucformrentals.com
Utah Equipment Rentals,utahequipmentrents.com
Utah Forklift Company,
Utah Motor Company,utahmotor.com
Utah Pic A Part,utpap.com
Utah's Crane & Rigging Service Salt Lake City Northern Utah,
Utah Truck Country,utahtruckcountry.com
Utah Valley Turf Farms,utahvalleyturf.com
"Valley Crane, LLC",valley-crane.com
Valley Forklift,valleyforkliftutah.com
Valley Implement & Motor Co,valley-implement.com
"Ventures Truck Parts & Equipment, L.C.",venturestruckparts.com
Versi Rentals,versirentals.com
Vogel Crane Service,vogelcrane.com
Wagstaff Crane & Rigging,wagstaffcrane.com
Wardle Equipment Rentals,wardleequipmentrentals.com
Wasatch Equipment Rental,wasatchequipmentrental.com
Wasatch Trailer Sales Layton,wasatchtrailer.com
West Jordan Portable Toilet Rentals,
West Valley City Portable Toilet Rentals,
Western Equipment Solutions LLC,westernequipmentsolutions.com
Western Stairlifts - Northern Utah,westernstairlifts.com
Western States Equipment,mywse.com
Wilkinson Supply Inc,wilkinsonsupplyinc.com
Wimmer's Sewing & Vacuums 360,sewandvac.com
Young New Holland,youngnewhollandutah.com
Young Powersports Layton,youngpowersportslayton.com
Young Tractors Utah,youngtractorsutah.com
Young Truck and Trailer Logan,youngtruckandtrailerlogan.com
Young Truck & Trailer - Equipment & Trailer Center,youngtruckandtrailer.com
ZURCHERS Party + Costumes + Balloons,zurchers.com
"2407EXPRESS,LLC",
360 Rentals,
501 Rental,501rental.com
A&A Rental Station,anarentalstation.com
A. M. Davis Inc.,amdavislift.com
AAA Entertainment,aaaentertainmentevents.com
AAA Party Rentals,aaapartyrentals.com
Abingdon Equipment Co,abingdonequipmentcompany.com
ACE Tool & Equipment,toolrental.com
Ace Vacuums,acevacuums.com
"ADD Equipment, Inc.",addequipment.com
Affordable Forklift Repair Llc,
Affordable Lifts,affordablelifts.com
Affordable Trucks & Equipment,atesales.net
Agribusiness Service Inc,agribusinessservice.com
"All Small Engine & Equipment Service & Repair, Inc.",
"Alto-Hartley, Inc.",altohartley.com
American Rental,american-rental.net
"Americare Medical Supplies & Services, Inc.",americaremedsupplies.com
AP Lawn Mower Repair,aplawnmower.com
Apex Trailers LLC,apex-trailersllc.com
"Appalachian Equipment & Supply of Virginia, Inc.",
Appcon Equipment,
Atlantic Lift Systems,atlanticliftsystems.com
Atlas Crane Co Inc,
"Atlas Sales & Rentals, Inc.",
Audio Visual Actions - Professional Video Filming,avactions.com
Aztec Rental,aztecrental.com
B&M Crane LLC,b-mcranes.com
B & S Rentals,
Bage Industries,
Baker Equipment and Materials,bakerconcrete.com
Bass Crane Service,basscrane.com
Bay Equipment Co,bayequip.com
Beach Lawn and Garden,vabeachlawnequipmentandrepairs.com
Beach Power Mobility - Scooter Rentals & Sales,beachpowermobility.com
"Bee Line Towing, Transport & Heavy Duty",beelinetransportinc.com
Bell Aerial Equipment Rental,
"Beltsville Construction Supply, Inc",bullrunpower.com
"Berger Truck Sales, LLC",bergertrucks.com
"Beverage Tractor & Equipment, LLC.",beveragetractor.com
Blankenship Skidsteer Rental,
Blue Ridge Ag Supply,blueridgeagsupply.com
Boone Tractor,boonetractor.com
Brooke Rental Center,brookerentalcenter.com
"Browning Equipment, Inc.",browningequipment.com
BT’s Tractors & Lawnmowers,btlawnmowersandtractors.com
Budget Lifts Inc,budgetlifts.com
Buy Used Telehandlers,buyusedtelehandlers.com
Canhelco,canhelco.com
"Capital Equipment Sales, Inc.",capequipsales.com
Capital Repair Services,capitalrepairservices.com
Cargotec Crane & Elec Services,
Carlyle & Anderson Inc,
Carter Machinery,cartermachinery.com
Cashman Equipment Corp,4barges.com
Cave Hill Corporation,cavehillcorp.com
"Cecil's Tractors, Inc.",cecilstractors.com
Celebration & Co,coandcelebration.com
Central Virginia Rental,cvrrental.com
Central Wrecker Service,centralwreckerva.com
CFE Equipment Corporation,cfeequipment.com
"Chaney Enterprises - Danville, VA Concrete and Block Plant",chaneyenterprises.com
Coastal Equipment Corp.,coastalequipment.net
Coastal Material Handling - Forklift and Racking,coastalmhe.com
Coastal Virginia Crane & Rigging LLC,coastalvacrane.com
COI Crane Service,coicraneservice.com
Come to You Lawn Mower Repair,
Compere Boom Lift Rental,
Confident Equipment,confidentequipment.com
Construction Equipment Parts,ceparts.com
Construction Materials Group,cmgpro.com
"Coric Equipment, Inc",allstateequipment.com
Craft Forklift,craftforklift.com
Crane America Services Inc,
Crane Rental Services LLC,cranerentalservicesllc.com
Crane Service Company,craneserviceco.com
"Crane Surveying, LLC",
Crane Tech Solutions LLC,cranetechsolutions.com
Cranemasters,cranemasters.com
Crewe Tractor & Equipment,crewetractor.com
Crofton Industries,crofton.com
Crutchman Truck Accessories,crutchman.com
"CSE, Inc.",cseonline.net
Cub Cadet Outlet of Yorktown,ccoutlet.us
Cville Tool Library,cvilletoollibrary.com
D & B Rental Sales & Services,dandbrentals.com
Danville Portable Toilet Rentals,
Danville Tree Care Inc,
David White Crane Service LLC,davidwhitecraneservice.com
Dean Steel Erectors,deansteel-dse.com
Delmarva Overhead Crane-Hoist,
Diamond Equipment Contracting,
Diamond-Goodson Equipment Co,
Diamondback Tool Co. Inc.,toolbelts.com
Diaz High Equipment Inc.,diazheinc.com
Dickinson Equipment,dickinsonequipmentinc.com
"Ditch Witch Of Roanoke, Inc.",ditchwitchroa.com
DJ's Restaurant Equipment,djsrestaurantequipment.com
Dynamic Towing Equipment & Manufacturing,dynamicmfg.com
E & S Equipment LLC,eandsequipmentllc.com
"E.T. Gresham Company, Inc.",etgresham.com
"Eaheart Industrial Service, Inc.",eaheart.com
East Coast Truck & Trailer Sales,ectts.com
EasyLift Equipment Rental,
Electro Mechanical Handling Inc,emhinc.com
Empower Mobility,empowermymobility.com
Equipment Specialist & Supplies,
Equipment Specialists Inc,esitrucks.com
Equipment Works Inc,equipmentworksinc.com
Excel Equipment,excelequipment.com
Excel Truck Group - Roanoke,exceltruckgroup.com
"Exel Enterprises, LLC",exel-us.com
Extreme Crane,extremesteelcrane.com
"Fairdale Farm Tractor & Equipment Co., Inc.",fairdalefarmtractor.com
Fairfax Crane and Rigging,fairfaxcrane.com
Farmers Feed & Seed Co,homelandfeed.com
Farmland Equipment Corporation,farmlandequip.com
Federal Crane Service,
Federal-Mogul Corporation,tenneco.com
Ferrara Equipment Co.,ferraraequipment.com
FORKLIFT,forkliftvirginia.com
Forklift Parts 4 Less LLC,forkliftparts4less.com
Friel Equipment Company,frielequipment.com
G M Epps Farm Supply Co,
Gault Electric LLC,gaultelectric.com
General Rental Center,suffolkgeneralrental.com
Geoquip Manufacturing Inc.,geoquipusa.com
George's Restaurant Equipment,georgesre.com
Gerdau Metals Recycling - Charlottesville,www2.gerdau.com
GF EQUIP SALES LLC,gfequipsales.com
Gingerich Outdoor Power Specialist LLC,gingerichoutdoor.com
Glenn Williams Equipment Sales,glennwilliamsequipmentsales.com
Global Rigging-Transport,globalrigging.com
"GME Medical Supply, Inc.",aerocareusa.com
Graham Construction Equipment Rentals,
Grand Rental Station,trygrs.com
Grandview Equipment,grandviewequipment.com
Green Hill Equipment LLC,greenhillequip.com
Green Wave Watersports at Buckroe Beach,greenwavewatersports.com
"GT Rental, LLC",
GWH Crane Rental Inc.,
H and H Truck Center,handhtruckcenter.net
H&W Crane Rental,hw.construction
Hailey’s Outdoor,haileysoutdoors.com
Hampton City Porta Potty Rentals,
Hampton Roads Crane & Rigging,hamptonroadscrane.com
Hampton Roads Equipment,
Harbor Freight,harborfreight.com
Harrington Construction Equipment Rental,
Harrisonburg Portable Toilet Rentals,
"Hartman Equipment, Inc.",hartmaneq.com
Haulotte,haulotte-usa.com
Hawkins-Graves Inc,hawkinsgraves.com
Heavener Rental,heavenerrental.com
Heavy-Duty Equipment Repair LLC,
Heavy Equipment Solutions,heavyequipmentsolutions.net
Heavy Fleet Products,heavyfleet.com
Heavy Machine Services,
Hensley Forklift Parts & Service,hensleyforklift.com
Hitachi,hitachi.com
Hoist & Crane LLC,hoistcranellc.com
Horizon Equipment Rental,horizonequipmentrentals.com
Hughes Marine Service Inc,hughesmarineservice.com
HYTORC Virginia-Industrial Bolting Systems,hytorc.com
Indian River Equipment Company,indianriverequipment.com
Ironworks Trading Corporation,ironworkscorp.com
J B Heavy Equipment Repair Inc,
J & J Truck Sales Inc,jandjtrucksales.com
James River Equipment and Supply Co.,jamesriversupply.com
James T. Davis Equipment Division,jamestdavis.com
Jewell Machinery,jewellmachinery.com
JGR Equipment Rental & Sales,jgrequipment.com
Joe Johnson Equipment,jjei.com
Johnson Fitness & Wellness Store,johnsonfitness.com
Kamco Building Supply,kamcosupply.com
Kenco Trucks and Equipment,kencotrucks.com
Kimmet Aerial Lift Rental,
King Equipment Rentals LLC,kingequipmentrentals.com
Krafft Service Corporation,krafftservice.net
"Kreider Four Seasons Equipment, Inc.",kfse.biz
KTR Equipment LLC,ktrequipment.com
"Kubota of Lynchburg, Inc.",kubotaoflynchburg.com
Kubota Rentals of Lynchburg,kubotarentalsoflynchburg.com
Land & Coates,landandcoates.com
Leesburg Buick GMC,leesburgsbuickgmc.com
Leggett Equipment Rentals LLC,
Leo Construction Co,leoconstruction.us
Liebherr USA Co.,liebherr.com
Link-Belt Mid-Atlantic,linkbeltma.com
Locator Online,locatoronline.com
"Lockwood Brothers, Inc.",lockwoodbrothers.com
Lucketts Excavating Inc,luckettsexcavating.com
Lynchburg Crane Services,lynchburgcrane.com
Lynchburg Renting LLC,lynchburgrenting.com
"M & L Rentals, Inc. t/a Landa of Tidewater",
M & M Equipment Services Inc,mandmequipmentservices.com
Machinery Dealers National Association,mdna.org
"Magic Bounce Danville, LLC.",magicbouncedanville.com
Martin Hardware Co,martinhardwareinc.com
"Martin Horn, Inc.",martinhorn.com
Mazzella,mazzellacompanies.com
McMichael's Equipment Company,mcmichaelsequipment.com
Mechanical Equipment Sales Inc,mechanicalequipmentsalesinc.com
Mechanicsville Power Equipment,mperental.com
Mega Rentals Inc,megarentals.com
Meyer Construction Equipment Rental,
"Mid Atlantic Crane Rental, Inc",
Mid-Atlantic Truck & Equipment,mate.inc
"Milam Rental, LLC",milamrental.com
Milam's Equipment Sales,milamequipmentsales.com
Milam's Truck Sales Inc,milamtrk.com
MillerBuilt Outdoor Equipment,millerbuiltoutdoorequipment.com
Mint Spring Equipment,mintspringeq.com
Mitchell's Towing and Recovery,mitchellstowingandrecovery.com
Moneysworth Beach Equipment Rental and Linen Rental,rentbeachequipment.com
Monkey Business Bounce House Rentals,monkeybizfun.com
Murphy Skidsteer Rentals,
Myers & Rhodes,myersandrhodes.com
N C Power Equipment,ncpowerequipment.com
"Neff Crane Service, Inc.",
NES RENTALS,nesrentals.com
"New Deal Lighting And Grip, LLC",newdeallightingandgrip.com
New River Equipment Rental,nrerental.com
New River Valley Rent-All,nrvrentall.com
NNSY - Outdoor Equipment Rental,navymwrnorfolkshipyard.com
Norfolk Barge Company,norfolkbargeco.com
Norfolk Truck Center,norfolktruckcenter.com
Northern Tool + Equipment,northerntool.com
Occasions on the go,
Outdoor Power Equipment,ope-va.com
Outdoor Power Equipment Institute,opei.org
Outdoor Power Equipment Sales and Service,sawsandmowers.com
Overstreet Hardware and Rental,overstreethardware.com
P Bradley & Sons,pbradleyonline.com
Party People Rentals,partypeopleva.com
Party Rentals of Virginia,partyrentalsofva.com
Phillips Equipment Corporation,phillipsequipmentcorp.com
Phoebeautiful Party Rentals and Gifts LLC,
Piedmont Crane Service,piedmontcraneservice.com
Piedmont Power LLC,piedmontpower.com
Port Equipment Specialists,pescrane.com
Portrail Crane Service,portrailcraneservice.com
Potomac Truck Center Tidewater DBa TMI Truck & Equipment,tmitruck.com
"Powell’s Truck & Equipment, Inc.",powellstruck.com
Power Line Rent-E-Quip Inc.,plrei.com
Power Mechanical Inc,powermechanical.com
Power Zone,powerzoneinc.com
Powerhouse Equipment,powerhouseva.com
Powers Tractor & Equipment Co,powerstractor.com
Precision Truck & Equipment Services LLC,
Prillaman's Crane & Rigging Inc.,prillamanscraneandrigging.com
Pro-Fit Ski & Mountain Sports,pro-fitski.com
"ProWood, LLC",prowood.com
R&J Tool Rental,rjtoolrental.com
Random Rentals LLC,randomrentalsva.com
Region Rents,
Region Rents Sales & Service,regionrentssalesandservice.com
"Rehabilitation Equipment Professionals, Inc.",rep-inc.com
Rent-Alls of Roanoke,
Rent-E-Quip,rentequip.org
Rent E Quip,rentequipsouthhill.com
"Rental Works of Arlington, VA",rentalworksarlington.com
RentEquip,rentequiphere.com
Rice Tractor Salvage-Sales,
Richmond Heavy Equipment,
Richmond Machinery & Equipment Co. Inc,richmondmachinery.com
Ride Rental Cars,riderentalcars.com
Ridgeview Equipment,ridgeviewnh.com
"Riggers, Inc.",riggersinc.com
Riner Rentals,rinerrentals.com
River Ridge Materials Handling,riverridgemh.com
River Technologies LLC,rivertechnologies.biz
Road Runner Wrecker Service,roadrunnerwreckerservice.com
"Robert's Farm Equipment, Inc.",robertsfarmequipment.com
Robertson Electric,robertsonelectric.com
Rockingham New Holland,rockinghamnh.com
Rocky Mount Tractor,rockymounttractor.com
"Roger Fowler Sales & Service, Inc. Tractor and Mower Sales",rogerfowlersequipment.com
Romar Elevators,romarelevators.com
Rough Terrain Equipment,
Ruckersville Rentals & Equipment Sales,
Sammy's Rental Inc.,sammysrental.com
Schwartz Aerial Lift Rental,
Scott Turf Equipment LLC,scottturfequipment.com
Select Equipment LLC,selectequipmentllc.com
Sellers Brothers Inc,sellersbrothersinc.com
Sellers' Forklift Co,
Shade Equipment Company,shadeequipment.com
Shenandoah Valley Equipment Inc,shenvalleyequip.com
Shore Equipment Co,shoreequip.com
SiteReach,sitereachsolutions.com
SM Excavations & Hauling LLC,smexcavationsandhaulingva.com
Solideal On-Site Service,solideal.com
Solo Inc,us.solo.global
"Southern Material Handling, Inc.",smhinc.com
Southern Office Machine Co,
Southern States - Chesapeake Association Inc.,chesapeakeassociation.com
Southern States Purcellville,southernstatespurcellville.com
Southwestern Equipment Inc,southwesternequipment.com
Spivey Services,spivey-services.com
Stateline Trailer Rentals,statelinetrailerrentals.com
"Staunton Tractor, Inc",stauntontractor.com
Sterling Meadows Trailer Sales,sterlingmeadowstack.com
Stevenson Tractor Inc,stevensontractor.com
STI Turf Care Equipment,smithturf.com
Strong's Industrial Services,strongsindustrial.com
Sundance Machinery LLC,sundancemachinery.com
"Superior Equipment Sales, Inc.",seshvac.com
"Surry Equipment, Massey Ferguson / Napa Auto Parts",surryequipment.com
T & J Farm Equipment Sales Inc,tandjfarmequipment.com
Taylor-Forbes Equipment Company,taylor-forbes.com
The New Haven Companies,newhaven-usa.com
The Rent Spot,therentspot.com
Theros Equipment,
"Tidewater Crane & Contracting, Inc.",tidewatercrane.com
Tidewater Power Equipment Company,tpeco.com
Toro,409546.go.toro.com
Trissel Equipment Sales,trisselequipment.com
Truck & Equipment Corp.,truckequip-va.com
TW Perry,twperry.com
Tylo Equipment Co,tyloequipment.com
Uperio USA,uperiousa.com
US Crane & Rigging,uscraneandrigging.com
US CRANE SERVICE INC,
VA Crane Rental Inc.,vacranerental.com
VA Heavy Equipment,vaheavyequipment.com
"Valley Power Products, Inc.",satohparts.com
Valley Restaurant Equipment,restaurantequipmentbyvalley.com
Virginia Contractors Supply,vcs-va.com
Virginia Equipment,virginiaequipment.com
Virginia Equipment & Development,vedcivil.com
Virginia Equipment Distributors Inc,virginiaequipment.org
Virginia Equipment Sales LLC,
Virginia Industrial Cleaners,viceva.com
Virginia Maryland Tractor,vatractor.com
Virginia Outdoor Power Equipment Co.,vopec.com
Virginia Outdoors Center,virginiaoutdoorcenter.com
Virginia Track & Equipment Co,
W.I. James Trucking Inc.,
W.O. Grubb Crane Rental-Richmond,wogrubb.com
Wall-Lift Inc,wall-lift.com
Warrenton Equipment,warrentonequipment.com
Wechsler Boom Lift Rental,
West End Crane Rental Inc,
White Line Truck Equipment,whitelinetruckequipva.com
Wilbar Truck Equipment Company,wilbar.com
Wilson Lawn & Garden,wilsonlawnandgarden.com
Winchester Equipment Company,winchesterequipment.com
Woodstock Equipment Co.,woodstockequipment.com
Wyatt Heavy Equipment,wyattheavyequipment.com
Xavior Porta,
Yorktown Feed Seed 'N More,yorktownfsm.com
802Crane,802crane.com
Ackerman equipment,ackequip.net
All Around Rental Equipment,allaroundrental.com
BP WASTEWATER SERVICES OF VT,bpwastewater.com
Brochu & Son Crane Service,brochuandsoncrane.com
Brown's Rental Service,brownsrentalservice.com
CCR Sales & Service,ccrsalesvt.com
"CCS Constructors, Inc.",ccsconstructors.com
Champlain Valley Equipment - Middlebury,champlainvalleyequipment.com
"Classen's Crane Service, LLC",classenscraneservice.com
Crane Associates,craneassociates.us
Desrochers Inc. Crane & Excavating,desrochersinc.com
"Dion Equipment Sales, Inc",dionequipmentsales.com
DR Power Equipment,drpower.com
Elodais Equipment Rental EER,rainorshinerental.com
FarmPrо Machinerу,farmpro-machinery.com
Finke Equipment of VT,finkevt.com
Franklin Rental Sales Center,franklinrentalsales.com
G. Stone Commercial,gstonecommercial.com
Got That Rental,gotthatrentals.com
"Green Mountain Crane Service, LLC",greenmountaincraneservice.com
Guerrina Crane Service LLC,guerrinacrane.com
Hutch Crane Services,hutchcrane.com
J&S Sales and Service,jandssalesandservice.com
Jackson Enterprises LLC,jacksonenterprisesvt.com
Johnson Hardware & Rental,jhrvt.com
Machinery Advisors Consortium,machineryadvisors.org
"Mayo Crane Rental, LLC",mayocraneservice.com
"Mercy's Farm Equipment, Inc.",mercyfarmequipment.com
Milton Rental & Sales Center Inc.,miltonrentalandsales.com
Newport Rental Center,
Northeast Farm Service & Trailer Sales I Vermont,nefsvt.com
Northern Sky Lifts,802lifts.com
Northern Toyotalift,northerntoyotalift.com
Outdoor Gear Exchange,gearx.com
Patrick's Equipment,patricksequipmentvt.com
Peakline Rental & Repair,peaklinerental.com
Pete's Equipment Sales & Rentals Inc.,petesequipmentvt.com
Porta Potty Rentals South Burlington,
Shattuck Truck and Equipment,shattucktruckandequip.com
Skirack,skirack.com
Stop & Go Heavy Duty Equipment Rentals,stopandgoheavyduty.com
"Tibbits Equipment Services, Inc.",tibbitseq.com
"TMS VT, LLC",
"Tool Barn, Inc.",renttoolbarn.com
Top Line Rentals LLC,
Tree Top Equipment Repair,treetopequip.com
Valley Crane Services,
Vermont Rigging,riggingvt.com
Wood's CRW Corporation,woodscrw.com
1450 Marvin Rd NE Tool Rental,
410 Rentals,410rentals.com
425 EventRental,425eventrental.com
4K Equipment LLC,4kequipment.com
509 Jumpers,509jumpers.com
A Plus Power Equipment,apluspowerequipment.biz
A to Z Rental,rentatoz.com
Aaberg's Tool & Equipment Rental,aabergsequipment.com
ABM Equipment,abmequipment.com
Access Medical Equipment Renton,accessmedicalequipment.com
Ace Equipment Rentals,aceequipmentrentals.com
Active Excavator Rentals - Excavator Rentals for Contractors in Sno-King Area,activeexcavators.com
Adams Tractor Spokane,adamstractor.com
ADCS,
Addison Construction Supply,addisonsupply.com
AFresh - Respiratory Therapy Services & Equipment,afreshcares.com
Agco Corporation,agcocorp.com
AgriShop Auburn Ace Hardware,acehardware.com
AgriShop Tacoma Ace Hdwe,agrishopace.com
AMB Tools & Equipment,ambtools.com
American Medical Rental & Supply,americanmedicalrental.com
American Scaffold,americanscaffold.com
Anakuma USEDX excavator service and sale,usedx.com
Anusha Party Rentals,anusharentals.base44.app
Aqua Quip - Shoreline,aquaquip.com
"ARG Industrial, Everett",teamarg.com
Arrow Construction Supply,arrowfamilyofcompanies.com
Aulick Industries,aulick.com
Aurora Rents Shoreline,aurorarents.com
Avrio Surfaces,avriosurfaces.com
B.A. Fischer Sales Co,bafischer.com
B and B Trailers,bandbtrailers.com
Barnett Implement Co,
Basin Feed & Supply,basinfeedandsupply.com
Basta Boatlifts,bastaboatlifts.com
Baxter And Daughters Equipment Co,baxteranddaughtersequipment.com
Bayside Equipment Rentals,baysideequipmentrentals.com
Beaulac Rentals LLC,
Bellevue Portable Toilet Rentals,
Bellingham Portable Toilet Rentals,
Bennett Rentals,bennettrentals.net
Berco of America Aftermarket,
"Berg Equipment & Scaffolding Co., Inc.",bergscaffold.com
Best Seedling LLC,bestseedling.com
Big Blue Rents,
Big Bounce Bros,bigbouncebros.com
Big West Equipment Inc,
Birch Equipment Rental & Sales,birchequipment.com
BLUELINE EQUIPMENT CO.,bluelinemfg.com
BMS Lift Truck Service LLC,bmslifttruck.com
Bobcat of Seattle,leebobcat.com
Bottom Line Loss Control,bottom-line-training.com
Boulder Equipment Inc,boulderequip.com
Bounce-N-Battle,bouncenbattle.com
Breathe Federal Way AC Repair's LLC,
Bremerton Portable Toilet Rentals,
Brent Rents,brentrents.com
Brim Tractor Company,brimtractor.com
Brokk Inc,brokk.com
Bruckner's Truck & Equipment,brucknertruck.com
Bryant Tractor & Mower Inc,bryantstractorandmower.com
BSR Heavy Equipment LLC,bsrheavyequip.com
"Bubba Rents, Inc.",bubbarents.com
Bunce Rental Inc,buncerental.com
Burrows Tractor,ssnh.com
"Burrows Tractor, Inc.",burrowstractor.com
Buz's Equipment Trailers Inc,
C&D Equipment,
Cam's Rentals,camsrentals.com
Canopy West Truck Accessories,canopywest.com
Capital Equipment Inc,capitalequipmentinc.com
Carer Electric Forklift Solutions,carerforklifts.com
"Cascade Engine Center, LLC.",cascadeengine.com
Cascade Tractor Supply,cascadetractorsupply.com
"Cascade Trader, Inc.",cascadetrader.net
Case Construction Equipment Parts & Services,
Celebrations Rentals & Events,celebrationsstore.com
Central Machinery Sales Inc - HQ,centralmachinerysales.com
Central Washington Equipment,centralwashingtonequipment.com
Central Welding Supply,centralwelding.com
CESCO Medical,cesco-medical.com
Chinook Equipment Rentals,
Chinook Equipment Solutions,chinookequipmentsolutions.com
Chuk's Rental,chuks-rental.com
Clark County Lawn & Tractor,cclawnandtractor.com
ClearFlow Plumbing & Drains Sammamish,plumbingsammamishwa.com
Cline Rents LLC,clinerents.com
Co-op Supply Inc.,co-opsupplyinc.com
"Coastline Equipment, Inc.",coasteq.com
Coffey Truck & Equipment Inc.,coffeytruckandequipment.com
Columbia Crane,columbiacrane.com
Commercial Sales Inc.,commercialsalesinc.com
Construction Parts PNW LLC,constructionpartsllc.com
Construction Supply Co Inc,cscbellingham.com
Correct Equipment Inc,correctequipment.com
CORT Party Rental,cortpartyrental.com
Crane's Castle Brewing,cranescastlebeer.com
Cranes 4 Rent Inc,
"CraneTech, Inc.",crantechusa.com
Creekside Equipment Rentals LLC,creeksiderents.com
"Cross Country Equipment, LLC",
Cunningham Equipment Services Inc.,cunninghamequip.com
Custom Crane Works LLC,customcraneworks.net
"D&D Tri-Rivers Excavating, Inc.",ddtririvers.com
"DAN'S TRACTOR, INC.",danstractor.com
Darling Sons Equipment Sales & Rentals,darlingsons.com
Daweco Machinery LLC,daweco.net
Deer Mountain Equipment,deermtnequip.com
"Discount Construction Rental & Supply, Inc.",
Double J Excavating Inc.,doublejexcavating.com
Dunn Lumber - Kirkland,dunnlumber.com
Eastside Equipment Rentals,eastsideequipmentrentals.com
Eastside Event Rentals of Bellevue,eastsideeventrentalswa.com
Eastside Saw & Sales,eastsidesaw.com
Edmonds Portable Toilet Rentals,
EFC Equipment Feed & Pet,efcpetstuff.com
Electric Train Shop,electrictrainshop.com
Elevate Event Rentals,elevatemyrentals.com
"Entertainment Warehouse, Inc.",youreventstore.com
"Equipment Experts, Inc.",equipmentexpertsinc.com
Equipment Rental Co,
Equipment Rental LLC,
Equipment Sales Co Inc.,equipmentsalescoinc.com
Equipment Sales & Surplus,equipmentsalesandsurplus.com
"Equipment Source, Inc.",equipmentsourceinc.com
Equipment Unlimited,equipmentunlimited.com
Eterra Attachments,eterra-usa.com
Everett Portable Toilet Rentals,
Evergreen Tractor LLC,evergreen-tractor.com
Excavators Northwest,excavatorsnorthwest.com
Faber Crane,mvcrane.com
Fairbank Animal Farm,fairbankfarm.com
Farm House Equipment,farmhouseequipment.com
Farmers Equipment Co,farmersequip.com
Federal Way Portable Toilet Rentals,
Fiesta Rentals,
Fleet Service Auto & Truck,fleetserviceauto.com
Ford Crane Inc,fordcrane.com
Fountain Truck Rental,fountainmotor.com
Freedom Equipment Rentals,freedomequipmentrentals.com
Gear Share,
Gensco Inc.,gensco.com
Gentech Washington Inc,gentechwashington.com
Geotech Environmental Equipment: Washington Service Center,geotechenv.com
Global Lift Equipment Bellevue,usedforkliftsbellevue.com
Good Sales & Rentals,goodsalesrentals.com
Granite Construction Supply & Sign Shop,gcsss.shop
Great Northern Equipment,greatnorthernequip.com
Greenshields Industrial Supply & Hydraulic Shop,gshields.com
"GSR Rentals, Inc",gsrrentals.com
"Handy Andy Rent-A-Tool, Inc.",handyandyrentatool.com
Hardware Sales,hardwaresales.com
Hardware Sales Rentals,hardwaresalesrentals.com
Harry's Lawn & Power Equipment,harrysonline.com
HD Fowler Company,hdfowler.com
Heaverlo NW Auctions / Heaverlo NW Equipment,heaverloauctions.com
"Heavy Equipment Supply Source, LLC.",hessource.com
Hil Financial,hilfinancial.com
Hirschler Manufacturing Co,hirschler.com
Hobart Service,hobartcorp.com
HobbyTown,hobbytown.com
Horizon Distributors,horizononline.com
Horse Heaven Crane Service,horseheavencraneservice.com
Horsepower Machine,
Huzel Rentals LLC. Seattle Jetski,huzelrentals.com
IA Equipment LLC,iaequipment.com
Image Crane Service,imagecrane.com
"Industrial Inspection & Services, LLC",industrialinspect.com
Information Design Inc,
Ingram Construction Equipment Rentals,
Integrity Forklift And Electrical Equipment Repair,
International Equipment Sales,intlequipmentsales.com
Iron Gate Machinery - Heavy Equipment Rental,irongatemachinery.com
Iron Horse Equipment Sales,ironhorseeq.com
Issaquah Honda Kubota,issaquahhondakubota.com
J & I Power Equipment,jnipe.com
Jack's Tractor Service,jackstractor.com
Jashan Event Services,jashanservices.com
Jennings Equipment,jenningsequipment.com
Jet City Equipment,jetcityequipment.com
"Jim's Pacific Garages, Inc.",jimspacificgaragesinc.com
JJ RIGGS EQUIPMENT,jjriggsequipment.com
KC HELP Knights Community Hospital Equipment Lend Program - Bremerton,kchelpkitsap.org
Kellz Equipment,kellzequipment.com
Kennewick Portable Toilet Rentals,
Kent Truck,kenttruck.com
Kenworth Truck Company,kenworth.com
KIE Supply Corp,kiesupply.com
Kincy Crane,kincycrane.com
Kiperts Tractor and Trailer Sales,kiperts.com
Kitsap Diesel & Generator Repair,kitsapdieselgenerator.com
Kitsap Tractor & Equipment,kitsaptractor.net
Korum Commercial Vehicle Center,korumford.com
Kuker-Ranken Incorporated,kukerranken.com
"L&M Truck Sales, Inc",lmtrucks.com
Lake Spokane Rentals,lake-spokane-rentals.pointofrentalcloud.com
Lampson International,lampsoncrane.com
Leavitt Cranes,leavittcranes.com
Lee Johnson Chevrolet,leejohnsonchevrolet.com
LeepRentals,leeprentals.com
Leitz Farm Supply & Equipment Sales,leitzfarmsupply.com
Lennon Crane and Equipment Co.,lennoncrane.com
Lew Rents,lewrentsinc.com
Lew Rents West,lewrentswest.com
LGH Lifting Gear Hire,
LGS Events and Party Rental,lgsevents.com
Liberty Lawn and Saw Shop LLC,libertylawnandsaw.com
Lift Parts Express Kent,forkliftpartskent.com
Lift Parts Express Tacoma,forkliftpartstacoma.com
Lift Parts Express Vancouver,forkliftpartsinvancouver.com
Link Equipment LLC,linkequipment.com
Mac Crane & Equipment Repair,
Mann's Hitch &Truck,mannswelding.com
Maple Grove RV Sales and Service,maplegroverv.com
Mason Construction Equipment Rentals,
Mason County Excavator Rental,masoncountyexcavatorrentals.com
Mayfield's Hoisting Service,mayfieldshoisting.com
MCB Rentals,rentmcb.com
"MCK Tool & Supply, Inc.",mcktoolandsupply.com
MER Equipment,merequipment.com
Meridian Equipment & Auction Co.,meridianeq.com
Mid Columbia Forklift Inc,midcoforklift.com
MidCo Material Handling,midcolumbiaforklift.com
Mighty Arm Excavation,mightyarmexcavation.com
Mike's Performance Equipment LLC,
Miller's Rent-All,millersrentall.com
Millican Crane Services,millicancrane.com
Mitsubishi Forklift Trucks,
MJ Event Rentals,mjeventrentals.biz
Modern Machinery Co,modernmachinery.com
Morgan Crane Co.,morgancranecompany.com
"Morrow Equipment Company, L.L.C.",morrow.com
MSHH Donor Closet,mshh-donorcloset.com
MSHS Pacific Power Group,pacificpowergroup.com
Mud Bay,mudbay.com
"My PlayCenter, LLC",mpcpartyrental.com
N C Machinery,ncmachinery.com
Needit Rentals,needitrental.com
Nelson Truck Equipment - Kent,nelsontruck.com
Norcan Parts & Equipment,
Norlift Material Handling & Construction,norlift.com
North Tech Equipment Repair,
North West Handling Systems,nwhs.com
Northern Equipment Rentals,northernrents.com
Northwest Barricade and Signs LLC,nwbarricade.com
Northwest Equipment Group Headquarters,nwequipmentgroup.com
Northwest Equipment Sales & Rentals,nwequip.net
Northwest Equipment Services,northwestequipmentservices.com
Northwest Forklift Inc,nwforklift.com
Northwest Power Equipment,nwpowerequipment.com
Northwest Rentals Center Inc,nwrentalstores.com
Northwest Tower Crane,nwtowercrane.com
Northwest Tractor Works,
NorthWest Tractors,nwtractors.com
Northwest Truck Repair & Salvage,nwtruck-rs.com
NW Construction Supply Inc,nwconstructionsupply.com
NW Industrial Tool,northwestindustrialtool.com
Ohana Kai Watersports at Seattle's Southport,southport.ohanakaiwatersports.com
Ohana Kai Watersports | Jet Ski Rental at Vasa Park on Lake Sammamish,vasapark.ohanakaiwatersports.com
Ohana Kai Watersports | Lake Sammamish Jet Ski Rental,ohanakaiwatersports.com
Olympia Portable Toilet Rentals,
Olympic Elevator Company,olympicelevator.com
Olympic Equipment Rentals & Outdoor Gear Sales,olympicequipmentrentals.com
Olympic Trailer & Truck,olympictrailer.com
OneCall Plumber - Redmond,onecallplumber.shop
Origin Edmonds HVAC Services,originedmondshvacservices.site
Orion Equipment,orion-equip.com
Outdoor Recreational Gears,orgears.com
Over The Top Events,overthetopeventsandrentals.com
Overland Truck Store | Off-Road Garage | 4x4 Outfitters,overlandstore.com
Pacific Commercial Equipment,
Pacific Nail & Staple Inc,
Pacific Rim Complete Restoration,restoreyounow.com
Pacific Rim Equipment Rental,pacificrimequipmentrental.com
Pacific Shorz Sports,pacificshorzsports.com
Pacific Torque,pacifictorque.com
Paco,pacoequip.com
Papé Kenworth,papekenworth.com
Papé Machinery Agriculture & Turf,agriculture.papemachinery.com
Papé Machinery Construction & Forestry,construction.papemachinery.com
Papé Material Handling,papemh.com
Parkrose Hardware,parkrosehardware.com
Partstop,partstop.net
Party Hoppers Everett | Party & Bounce House Rental,partyhoppers.net
Pasco Rentals,pascorentals.com
PC Spark - IT Tech Support Kitsap Computer Repair Services,pcspark.com
Peninsula Feed & Power Equipment,penfeed.com
People Come First Construction Group,pcfgroup.com
Peters & Keatts Equipment,petersandkeatts.net
Petersen Equipment Sales Co,
"Pioneer Builders Supply Co., Inc.",pioneer-rooftop.com
PIYB Rentals,piybrentals.com
PL Equipment Rental,plequipmentrental.com
PNW Machinery LLC,pnwmachinery.com
Ponce & Co.,
Porta Potty Rentals Federal Way City,
Porta Potty Rentals Spokane Valley,
"Portland Tractor, Inc. - PTI",portlandtractor.com
Precision Porta Potty Vancouver,precisionportapotty.com
"Precision Turf Equipment, LLC",precision-turf.com
Premier Rentals,premierrentals.com
Pro Truck and Equipment,pro-truck.com
"Puget Sound Equipment Sales, Inc",pugetsoundequipmentrentals.com
Puget Sound Truck Sales,pugetsoundtrucks.com
Ranch & Home,ranch-home.com
Rankin Equipment Co,
Rawls Tree Service,rawlstreeservice.com
Red Door Party Rentals,reddoorpartyrentals.com
Redmond Fineline Hvac,finelinehvac.com
Redmond Vacuum,redmondvac.com
Rent1 Equipment Rentals,rent1usa.com
Renton Portable Toilet Rentals,
RHODES CRANE,rhodescrane.com
Richard Crane Real Estate,cranekeys.com
Richland Portable Toilet Rentals,
Ridge Equipment Rentals,ridgerentalsllc.com
Rippa Spokane LLC,rippaspokane.com
Russell Crane Service Inc,russellcrane.com
Sammamish Portable Toilet Rentals,
Sanson Machinery Group,sansonmachinery.com
Schoenfeld Farm Tractor & Equipment,schoenfeldfarmandtractor.com
Scholten's Equipment,scholtensequipment.com
scotts forklift repair llc,site-1dgfxo0j4.godaddysites.com
Seattle Boat Company - Newport,seattleboat.com
Seattle Equipment Rentals,equipmentseattle.com
Seattle Forklift Battery,
Seattle Restaurant Rentals,srscooks.com
Seattle Tractor Parts & Equipment,seattletractor.com
Sellen Warehouse & Equipment Rentals,rentals.sellen.com
Sherlock Equipment Sales,sherlockequipment.com
Shoreline Mowers And Saws LLC,
Shoreline Portable Toilet Rentals,
Shoreline Tool Library,seattlereconomy.org
Shoreline Tree Service Pros,shorelinetreeservices.com
Sign Gypsies Puget Sound,
Siskun Power Equipment,siskun.com
SITECH Northwest,sitechnw.com
Skid Steer Solutions,skidsteersolutions.com
Sky Nursery,skynursery.com
"Skyline Machinery Sales, Inc.",skylinemachinery.com
Snell Crane Service,snellcrane.com
Snowy River Equipment Sales LLC,snowyriverequipmentsales.com
Solaris Attachments,solarisattachments.com
Sound Equipment Rental and Sales,soundequipmentrentals.net
Specialty Mobility,specialtymobility.com
Spokane Crane & Machinery Movers,spokanecrane.com
"Spokane Forklift & Construction Equipment, Inc.",spokaneforklift.com
Springer Equipment LLC,se-rental.com
SR Affordable Equipment,srequipment.net
SS Equipment New Holland,sseqinc.com
SS Trailer & Equipment Rentals,sstrailerrentals.net
St John Hardware & Implement,stjohnhardware.com
St Martin Topsoil & Trucking,
Statewide Forklift Certification School,sfcert.com
Stax Wheels Sammamish Automative LLC,
Stedfort Rentals LLC,stedfort-rentals-llc.pointofrentalcloud.com
streamproav,streamproav.com
Stronghold Equipment LLC,strongholdequip.com
SULLIVAN EXCAVATORS,sullivators.com
Sumner Lawn N Saw,sumnerlawn.com
Sun Rental Center,sunrentalcenter.com
Sunset Machinery,
SWS Equipment,swsequipment.com
T & S Sales Inc,nwgrainaugers.com
Tacoma Diesel & Equipment,tacomadiesel.com
Ten Acres Rental & Supply,tenacresrental.com
The Fitness Outlet,thefitnessoutlet.com
The Grange Supply,grangesupply.com
The Materials Handling Store,
The Truck Shop South,thetruckshop.com
The Truck Shop Tractors & UTV's,mahindranw.com
Three Rivers Mini Excavation,threeriversminiexcavation.com
THS (Total Handling Solutions),thsolutions.net
TND Event Rentals and Supplies,tndeventrentals.com
Total Rentals,totalrentals.com
Town & Country Tractors Inc.,townandcountrytractor.com
Toyota Lift Northwest,toyotaliftnorthwest.com
"Track Equipment Company, LLC",trackequipment.net
Trackman Inc,trackmanpartsandservice.net
"Transport Equipment, Inc.",transportequip.com
Tri-cities Forklift Repairs & Service,tricitiesforklift.com
Truck Rentals Co,truckrentalsco.com
True Grit Equipment LLC,truegritequipment.com
U.S Tractor & Equipment,ustractorequipment.com
V-Force Party Rentals,vforcepartyrentals.com
Valley Equipment and Truck Inc,valleyequipmentandtruck.com
Van's Equipment Company,vansequipmentco.com
Van's Tractor Work,
Vent Auburn AC Repair LLC,
Vermeer Mountain West,vermeermw.com
Vetco Electronics,vetco.net
VF Tractor,vftractor.com
VIQAN Heavy Equipment Parts,viqan.com
Vista Equipment,vistaequipment.com
Voltage Trucks and Equipment,voltagetrucksandequipment.com
Washington Trailer Center,washingtontrailercenter.com
WEMCO,wemcoinc.com
West Rents Equipment,westrentsequipment.com
Western Crane Inc,westerncrane.com
Westmore Crane & Rigging,westmoreconstruction.com
WFC Whatcom Farmers Co-Op,chsnw.com
Whatcom Sound,whatcomsound.com
Whatcom Tent and Event Rentals,whatcomeventrentals.com
Wilco Farm Store,farmstore.com
Willis Construction Equipment Rentals,
Winsupply of Bremerton,winsupplyofbremerton.com
Wolverine Equipment LLC,wolverineequipment.com
X-Cel Feeds Inc,xcelfeeds.com
"Yakima Crane, Inc.",
Yakima Forklift LLC,
Yakima Implement & Irrigation,yakimaimplement.com
Yakima Portable Toilet Rentals,
11071 W National Ave Tool Rental,
1st Choice Vac Solutions,1stchoicevacsolutions.com
A-1 Express Rental Center,a1expressrental.com
A&A Equipment repair,aaequipmentrepair.com
A&J Mobility,aandjmobility.com
"A. Kalmerton Welding Supplies, LLC",akalmertonweldingsupplies.com
A1 Crane Service,a1craneservicellc.com
About Time Moving Systems LLC,abouttimemoving.com
"Accentu, Inc.",accenturentals.com
Access Mobility Products,accessmobilityproducts.com
Ace automotive equipment,aceautoeqp.com
Aerial Work Platforms,
Aerial Work Platforms Inc.,
Agromatic,agromatic.net
Ahern Gross Plumbing Contractors,aherngross.com
Alex Lyon & Son Auctioneers,lyonauction.com
All Lift Cranes LLC,allliftcranes.com
"All-Lift Systems, LLC.",all-liftsystems.com
All Seasons Power Equipment,allseasonspe.com
"All Star Mobility, LLC",allstarmobilityllc.com
Allied Equipment Inc,
Allstate Peterbilt of Eau Claire,allstatepeterbilt.com
American Erecting & Iron Works,aeaiwi.com
American Peak,americanpeak.rentals
American State Equipment,amstate.com
Annens Machinery Ranch Inc,annensmachineryranch.com
API Construction,apimilwaukee.com
Appleton Marine Inc,appletonmarine.com
Area Rental & Sales,arearentalwi.com
Aries Industries Inc,ariesindustries.com
Aring Equipment Company Inc.,aringequipment.com
Art's Cameras Plus,artscameras.com
Associated Crane Installations,assocci.com
"Associated Machinery Sales, LLC",
"B&B Rentals of Green Bay, LLC",
Badger Contractors Rental & Supply,badgercontractorsrental.com
"Badger Event Rentals, LLC",badgereventrentals.com
Badger Ladder LLC,badgerladder.com
Badger Machine & Equipment,badgermachine.com
Badger Toyotalift,badgertoyotalift.com
Badger Truck Refrigeration Inc. (BTRAC),btrac.com
"Ballweg Implement Co., Inc.",ballweg.biz
Bane-Nelson Inc,banenelson.com
Baribeau Implement Company Inc.,baribeauimplement.com
Barlament Erection Crane Rentals,
"Bay Verte Machinery, Inc.",bayverte.com
Beacon Rentals Sales & Service,beaconequiprentals.com
"Beaver Machine, Inc.",beavermachineinc.com
Beechwood Rentals,beechwoodequipmentrentals.com
"Beloit Auction & Realty, Inc.",beloitauction.com
Beloit Special Machining,bsmci.com
Berco of America Inc,berco.com
Big Iron Equipment,bigironequipment.com
Big Joe Forklifts,bigjoeforklifts.com
"Big Red Machinery Movers, Inc.",bigredmovers.com
Big Sky Crane Co,bigskycrane.com
BILD Accessibility Specialists,bildnow.com
Bill's Power Center,billspowercenter.com
Blain's Farm & Fleet,farmandfleet.com
Bobcat of Janesville,bobcatofjanesville.com
Bobcat of Madison,bobcatofmadison.com
Bobcat Plus,bobcatplus.com
Bothun’s Equipment Rental,bothunsequipmentrental.com
Brabazon Pump & Compressor - Green Bay,brabazon.com
Briggs & Stratton,briggsandstratton.com
Brookfield Party Rental,madfoxparty.com
Brookfield Portable Toilet Rentals,
Brooks Tractor Inc,brookstractor.com
Bruggink's Inc,brugginks.com
Buit Mobility Solutions,buitmobility.com
Bushman Equipment Inc.,bushman.com
C.G.Cranes,cgcranes85.com
C Spielvogel Sons Inc,
Canopy Cops Tree Service LLC,canopycops.com
Capital City Equipment LLC,capitalcityequip.com
Carlson Equipment Rental,rentcarlson.com
Caroline Implement,
CASE Tractor CNHi Racine Plant,caseih.com
Cedarmont HVAC Repair Waukesha,
Central Wisconsin Equipment,centralwiequipment.com
Cherokee Garage Inc,cherokeegarage.com
Chippewa Valley Equipment Inc.,cvequipment.com
CNH International,cnh.com
Conger Industries Inc.,conger.com
Coon Valley Dairy Supply Co,coonvalleydairysupply.net
Cornerpost Rental Services,
Coulee Rentals And Sales,couleerentalsandsales.com
Country Equipment Service,countryequipmentservice.com
CPR Services,cprservicesinc.com
Craker Crane Service,crakercraneservice.com
Crane 1 Services,crane1.com
Crane Engineering,craneengineering.net
Crane Finance,
Crane Plumbing Services,craneplumbingservices.com
Crane Production Systems,craneprosys.com
Crane Services Inc,craneserviceswi.com
D & B Construction Equipment,dbequip.com
"D&D Farm Supply, Inc.",ddfarmsupply.com
"D & H Sales & Service ""Sheboygan's Largest Power Center""",sheboyganpowercenter.com
Dahl's Crane Service LLC,dahlscraneservice.com
Dahl Toyota Sheboygan,dahltoyotasheboygan.com
Dawes Rigging & Crane Rental/All Crane,dawescrane.com
DeBauche Truck & Diesel - Idealease,debauchetruck.com
Dematic Corporation,dematic.com
Discount Mobility Products LLC,discountmobilityproducts.net
Doral Equipment Rental,doralequipmentrental.com
Douglas Hardware & Rental,douglashardwareracine.com
Down To Earth,downtoearthgardencenter.com
Dreamscape Outdoors,dreamscapeoutdoors.net
DSG Sheboygan,dsgsupply.com
Earthworx Excavating,earthworxwi.com
East Side Farm Equipment Sales,eastsidefarmequipment.com
EasyLift Scissor Lift Rental,
Eau Claire Lawn Equipment,eclawn.com
Ed Priebe Sales & Services LLC,edpriebesales.com
Elevated Equipment Rentals,elevatedrentals.com
Elite Equipment Service,eliteequipmentservice.com
EPIC Rental,epicrentalwi.com
Equipment Now- Your trusted local partner for Equipment Rentals and Sales in Burlington!,equipnowrental.com
Equipment Rental Eau Claire Inc.,
Equipment Rentals,eqrents.com
Equipment Source LLC,equipmentsrc.com
Equipment Specialist,eqspecial.com
"Equipment Supply, Inc.",equipmentsupplywi.com
"Equipment Wholesalers of MN, LLC",
EquipRent LLC,equiprentwi.com
ERIK'S - Bike Board Ski,eriksbikeshop.com
Fabick Cat - Milwaukee,fabickcat.com
Farrell Equipment & Supply - Eau Claire,farrellequipment.com
Feldmann Sales,feldmannsales.com
Fergusons Orchards,fergusonsorchard.com
Fertilizer Dealer Supply,fertilizerdealer.com
"Fischer Construction, LLC",dirtdumps.com
Fischer's Fleet Services Inc,fischersfleetservice.com
Fond Du Lac Equipment Rental & Repair,fdlrental.com
"Forklift Management Specialists, LLC",forkliftmgmt.com
Forklift Trader of WI LLC Property Management Company,
Forklifttrader,forklifttrader.com
ForMyBelarus,
Fox Cities Crane & Fab Inc,foxcitiescrane.com
Fox Cities Party Rental,foxcitiespartyrental.net
Fox Valley Truck,foxvalleytruck.com
Gallegos Construction Equipment Rental,
Gardner Denver Thomas Products,thomaspumps.com
Garski Truck and Equipment Inc.,garskitruck.com
Gat Supply Inc- Tenor Construction Supply & Rental,gattenor.com
Gemplers,gemplers.com
General Rental,genrental.com
Gibbsville Implement Inc.,gibbsvilleimplement.com
Gielow's Outdoor Power Equipment,gielows.com
Giuffre Bros. Cranes Inc.,giuffre.com
Gordie Boucher Nissan of Greenfield,bouchernissangreenfield.com
"Grand True Value Rental of Appleton, WI",grandrentalappleton.com
Greenfield Porta Potty Rentals,
Greenfield Portable Toilet Rentals,
Greenwood Equipment,greenwoodequipment.com
Groundworks Equipment Rental,groundworksequipmentrentals.com
Gruett's Power Center,gruettsinc.com
Guell Stump Grinding and Tree Service,920nostump.com
Gunnink Equipment,gunninkequipment.com
H & N Crane Service Inc,handncrane.com
"H & W Equipment, Inc.",
Handy Equipment Rentals LLC,handyeqrents.com
Harris Ace Hardware,harrisace.biz
Heavy Equipment Repair LLC,
Heavy Truck & Equipment,
Hellenbrand Implement,hellenbrandimplement.com
Hello Flashy Photo Booth,helloflashy.com
Hennes Services Inc,hennes.us
Hennessey Implement,hennesseyimplement.com
Hexco Motorsports,hexcomotorsports.com
High Quality Equipment Rental,highqualityequipmentrental.com
High Star Supply Co,highstarsupplywi.com
Highway C Service Inc,hwycservice.com
Hitek Equipment Inc,askhitek.com
House of Harley-Davidson,houseofharleydavidson.com
Ideal Crane Rental,
"Ideal Crane Rental, Inc.",idealcranerental.com
Industrial Bolting,industrialtorquetools.com
Interstate Sound,interstatesound.com
Iron Patriot Equipment,ironpatriotequipment.com
J&D Manufacturing Inc,jdmfg.com
J.F. Ahern Co.,jfahern.com
J&J Crane and Rigging,jjcraneco.com
"Jack Cleven, Inc.",jackcleveninc.com
Jack & Dick's Feed & Garden,feedandgarden.com
Jackson Rents llc,
Jacobson Crane Services,jacobsoncraneservice.com
Jacobson & sons small engine repair and welding services llc,
Janesville Porta Potty Rentals,
Jay's Ag & Turf,jaysagandturf.com
JB Hullah Feed & Supply,jbhullahfeedandsupply.com
JCB Construction Equipment,fairchildjcb.com
JE Borst Equipment Services,jeborst.com
Jeff's Tractors & Machinery,jeffstractorsandmachinery.com
Joe's Power Center,joespowercenter.com
John W Cable & Sons Inc,
Johnson Tractor - Janesville,johnsontractor.com
Joses rental equipment,
Jump N Jax,jumpnjax.com
Jump Rentals LLC,
Kalscheur Implement Co. Inc.,kalscheur.com
Kelbe Brothers Equipment,kelbebros.com
Kenjay Fiedler Excavating Inc,
Kenosha Auto & Tools & Supply,5startools.com
Kenosha Portable Toilet Rentals,
Kimps Ace Hardware,kimpshardware.com
Kimps Rental,rentals.kimpshardware.com
Kintop Repair LLC,
Kitz & Pfeil Power Center,kandppower.com
Kitz & Pfeil True Value Hardware,kitzandpfeil.com
KLA Construction Equipment,klaconstructionequipment.com
Klink Equipment LLC,klinkequipment.com
Knauf Excavating,knaufexcavating.com
Kohler Generator Warehouse,kohlerpower.com
Kriete Truck Center - Milwaukee,krietetrucks.com
Kriha's Tractor Equipment and Powersport Repair,
Krone Wisconsin,
KS Equipment & Rental LLC,ksequipmentrentals.com
KSI Crane Services,ksiconstruction.com
Kundinger Parts & Service Center,kundinger.com
Kunes Buick GMC of Greenfield,kunesgreenfield.com
Kunes GMC of Beloit,kunesgmcbeloit.com
L F George Inc,lfgeorge.com
L & L Equipment Sales,
"L&R Lawn Equipment & Repair, Inc",mowandsnow.com
"La Crosse Seed, A DLF Division",us.dlf.com
Lakeside Trucks,lakesidetrucks.com
Lang Equipment LLC,langequipmentllc.com
LEE'S RENT IT,leesrentit.com
Legacy Lift Services LLC,legacyliftservices.com
"Lift Products, Inc",liftproducts.com
LIFT-X LIFT SERVICES,lift-x.com
"Liftpro, LLC",liftprowi.com
Lincoln Contractors Supply - Milwaukee South,lcswi.com
Lindstrom Equipment Inc,lindstromequipment.com
LMS Equipment,lmsjcb.com
Lochen Equipment,lochenequipment.com
Lochen Equipment,mowtownequipment.com
"Lulich Implement, Inc.",lulichimplement.com
Luxemburg Implement Co Inc,luximpl.com
M Schettl Sales - Green Valley,mschettlsales.com
M Schettl Sales INC,mschettlsalesinc.com
MacArthur Equipment LLC,macarthurequipment.com
Machine Service Inc,machineservice.com
Machine Tool & Equipment Inc,machinetoolwi.com
Machinery & Factory Industrial Supply,
Madison Medical Rental,madisonmedicalrental.com
Mahindra Tractors,mahindrausa.com
Maple-Lawn Equipment,
Maple Springs Farm LLC,msfparts.com
Mariner Equipment Rental,marinerequipmentrentals.com
Martin Hardware Inc,martinhardware.com
Maximum Equipment Repair Services LLC,
Maxon Equipment Inc.,maxonequipment.com
MC Services - Waukesha Managed IT Services Company,mcservices.com
McCutchin Crane & Rigging,mccutchincrane.com
Medical Equipment Sales Associates,overstockme.com
"Mega Rentals, Inc.",fwdtm.com
Mega Rentals Inc.,megarentalsinc.com
Merrill Tool & Equipment Rental,mterents.com
Metz Machines (Sales and Service),metzmachines.com
Michaels Truck Equipment Inc,michaelstruckequipment.com
Michels Used Equipment,michelsusedequipment.com
Mid-State Equipment - Janesville,midstateequipment.com
Middleton Power Center,middletonpower.com
Midstate Outfitters,midstatecaps.com
"Midwest Equipment and Services, LLC",midwestequipment.biz
Midwest Machinery Co.,mmcjd.com
Miller-Bradford & Risberg Inc,miller-bradford.com
"Miller Implement Co., Inc. - Fond Du Lac",millerimplement.com
Miller Tractor Sales & Service LLC,millertractor.com
Milwaukee Tractor and Equipment,milwaukeetractor.com
Mississippi Valley Equipment-Repair,
MJ Equipment - SkyTrak,skytrak.com
"MKE Crane Inspection & Repair, LLC",mkecrane.com
Modern Crane Services,moderncraneservice.com
"Monroe Equipment, Inc.",monroeequipment.com
Mr. Holland's Home Services,mrhollandsheatingandair.com
MT Service&Rentals,mtrentalservice.com
Mtl Manufacturing & Equipment Inc,mtlequipment.com
Music Go Round,musicgoroundgreenfield.com
Muskego Crane Services Inc,
"Nelson Bros. Power Center, Inc.",nelsonbrospowercenter.com
Nest Equipment Repair,nestequip.com
NHR Rentals,nhrrentals.com
"NMC-Wollard, Inc.",wollardintl.com
North Country Tractor,northcountrytractor.us
Northeast WI Crane Service,northeastwicraneservice.com
Northern Crane and Rigging,northerncraneandrigging.com
Northern Equipment Company,northernequipment.com
Northland Equipment Co Inc,northlandequipment.com
Northwoods Equipment LLC,northwoodsequipmentllc.com
Nygaard Crane Service LLC,6a11b1f30b597.site123.me
Oshkosh Equipment Sales,oshkoshequipment.com
Packerland Portables,packerlandportables.com
Packerland Rental LLC,
Parker Power Equipment,parkerpowerequipmentllc.com
Party'd Up Rentals llc,partyduprentals.com
Paulson Specialties,paulsonspecialties.com
Peerless Industrial Equipment Corporation,peerlessusa.com
Peters Crane Service,peterscraneservice.com
Peters Crane Services,peterscrane.com
"Pettit Trucks & Equipment, LLC",pettittrucks.com
Pioneer Park,cvaemc.com
Pit-Stop Portables,rentapotty.net
Plan B Equipment Rentals,planbequipmentrentals.com
Porta Potty Rentals New Berlin,
Porta Potty Rentals Wausau,
"Portland Implement, Inc.",portlandimplement.com
Power Sports Abrams | Motorsports Marine John Deere Sales and Service Green Bay Wisconsin,powersportsabrams.com
Powers Equipment Auctions Inc.,powerseqauctions.com
Prager Ventures LLC,pragerventures.com
Premier Rental,rent.premier-rental.com
"Proven Power, Inc",provenpower.com
"Putzmeister America, Inc.",putzmeister.com
"Quality Truck Care Center, Inc",qualitytruckcarecenter.com
Quasius Equipment Inc,qrents.com
"R.H. Batterman & Co., Inc.",rhbatterman.com
R4S Rentals,r4srentals.com
Racine Forklift Co.,racineforkliftco.com
Racine General Industrial Supply,
Racine Portable Toilet Rentals,
Racking Deals,rackingdeals.com
RainMaster Lawn Systems,rainmasterlawn.com
"RB Scott Company, Inc",rbscott.com
RC Equipment,
Rehlko Power Systems,rehlko.com
Reliable Rental Services,reliablerentalservices.com
Reliable Water Services LLC,reliablewater247.com
Rent-It LLC,rentitmonroe.com
Rew Motors Inc.,rewmotorsinc.com
"Reynolds Rigging and Crane Service, Inc",reynoldscrane.com
"RH Equipment & Services, Inc.",rhequipment.com
Riesterer & Schnell,rands.com
Ritchie Implement Inc,ritchiesinc.com
"RLO Sign, Inc.",rlosign.com
Rock County Truck Accessories LLC,rockcountytruckaccessories.com
Sandhill Crane Services,
Schroeder Implement,
Schultz Power Equipment,schultz-power.com
SCM Rentals,rentscm.com
"Service Motor Company, Inc.",servicemotor.com
Sheboygan Porta Potty Rentals,
Sherper's,sherpers.com
Silha Frank & Sons Excavating Inc,silhaexcavation.com
Simpson's Tractor Inc,simpsonstractorwi.com
"Skidloaders Plus Sany, Gehl, Manitou, Nifty Lift Equipment Sales, Service, Rentals",skidloadersplus.com
Skyline Crane Service,skyline-crane.com
Skyrise Equipment Rental LLC,
Slama Equipment - Hillsboro,slamaequipment.com
Slater Inc,slater-inc.com
"SLE Technologies, Inc. - Wisconsin",sletechinc.com
Soper Contractors LLC,
Sound Check Entertainment,soundcheckentertainment.net
St. Joseph Equipment Inc. - Norwalk,stjosephequipment.com
St Lawrence Equipment Inc,stlawrenceequipment.com
Straveler's Sport Center,
Streich Equipment Co Inc.,streichequipment.com
Strojny Implement Co,strojnyimplementwi.com
Sunrise Farm Equipment,
Superior Crane Corporation - Healy Manufacturing Group,superiorcrane.com
Swiderski Equipment Inc.,swiderskiequipment.com
Swiderski Power Inc.,swiderskipower.com
T & A Industrial Distributors,taindustrial.com
T&T Machinery Inc,saveonequipment.com
Tents 4 Events,tents4eventsparties.com
The Homesteader's Store,homesteadersstore.com
The Power Tool Store,thepowertoolstore.com
The Rental Company LLC.,therentalcompanyllc.com
The Tree Fella Co.,treefellaco.com
"The Vollrath Company, LLC",vollrathcompany.com
"Thill Track & Tractor Service, Inc",thilltractor.com
"Third Coast Equipment, Inc.",thirdcoastequipment.com
Thomas Hribar Truck & Equipment Co,hribarcorp.com
Thomas Outdoor Supply,thomasoutdoorsupply.com
Timber Supply and Rental LLC,timbersupplyandrental.com
Top Choice Party Rentals and Linens,topchoicerentals.com
Tractor Central - Chippewa Falls,tractorcentral.com
Truck Equipment Inc.,truckequipinc.com
Turbo Equipment Rentals LLC,turboequipmentrental.com
TWL Powersports & Marine Sheboygan,twlsheboygan.com
TWL Powersports Oshkosh,teamwinnebagoland.com
UCI Sales Inc,
Ulrich Equipment LLC,ulrichequipment.com
Union Trailer & Power Equipment,uniontrailer.com
United Medical Supply Store,unitedmedicalss.com
Valley Equipment Inc,
Valley Truck Leasing Sheboygan,valleytruckleasingnl.com
Vermeer Wisconsin - Appleton,vermeerwisconsin.com
Village Tractor & Repair of Appleton,villagetractorandrepair.com
W S Machine & Tool,wsmachine.com
Wacker Neuson America Corporation,wackerneuson.com
Wagner Excavating Inc,wagnerexcavatinginc.com
Waldschmidt & Sons Inc,wtcm.net
Wally Schmid Excavating Inc.,wallyschmidexcavating.com
Waukesha Portable Toilet Rentals,
Waukesha Trailer Rentals LLC,waukeshatrailerrentals.com
Wausau Equipment,wausauequipment.com
Wausau Portable Toilet Rentals,
Weiss Implement Inc,
West Allis Portable Toilet Rentals,
Weyers Equipment,weyersequipment.com
Whealon Towing and Service Inc,whealontowing.com
Wilkinson Construction Equipment Rental,
William's Inc,
Wilson Skidsteer Rentals,
Wintech Engine & Machine,
Wisconsin Aerial Lift Service LLC,walsrents.com
Wisconsin Contractor's Supply,wisconsincontractorssupply.com
Wisconsin Custom Machinery,wcmusa.com
Wisconsin Fun Factory,wisconsinfunfactory.com
Wisconsin Metalworking Machinery,wismet.com
Wolfe Ridge MFG,wolferidgemfg.com
"Wolter, Inc.",wolterinc.com
Wood Street Rental,woodstreetrental.com
YES Equipment & Services - Madison Division,yesequipment.com
YES Equipment & Services - Milwaukee Division,yesjcb.com
YMX Logistics,ymxlogistics.com
Zientara Fleet Equipment Inc.,zientaraco.com
A+ Equipment Rental LLC,aplusrentalwv.com
A To Z Rentals - Special Events,azrentwv.com
ABC Construction Equipment Rentals,
Adams Equipment Co,adamsequipco.com
Advantage Power Equipment - NEW LOCATION,apewv.com
All Crane Eqiupment Rental,
Allen Stephens Farm Machinery,as-machinerywv.com
American Equipment,
"Appalachian Equipment Solutions, Inc",aesolutionswv.com
Beckley Crane,beckleycrane.com
Best Deal Equipment,best-deal-equipment.com
Bobcat of Beckley,aegequip.com
Boggs Supply Company and Rental Center,boggssupply.com
"Bosley Rental & Supply, Inc.",bosleyrentals.com
Bridgeport Equipment,bridgeportequip.com
Burns JCB West Virginia,burnsjcb.com
C & A Tree Service,candatreeservice1.com
C D Farley Tractor & Equipment Inc,
C&T Forklift Repair,
Charleston Portable Toilet Rentals,
City Crane & Equipment Inc,
Commercial Trucks & Equipment Inc.,
Cooper Machinery Services,cooperservices.com
"Crane Edge, LLC",craneedge.com
Crane Excavating & Rental Equipment,
Crane Man Inc,cranemaninc.com
Crede Tractor Sales & Service,credetractorpower.com
D & G Equipment Sales,dandgequipment.com
Eagle Equipment USA,eagleequipmentusa.net
"Eastern Equipment, LLC",easternequipmentllc.com
Equipment Sales Company,
Force TK- Charleston,forcetk.com
Greens Equipment Group Kubota Kawasaki,greensequipmentgroup.com
Hogan's Crane Service,hoganscranewv.com
Hooten Equipment Company LLC,hootenequipmentcompany.com
Huntington Porta Potty Rentals,
"iLR | iLease & Rentals, LLC.",ilrpros.com
"Industrial Supply Solutions, Inc.",weareissi.com
J.H. Fletcher & Co,jhfletcher.com
Jefferson Rentals,jefferson-rentals.com
Jimco Equipment Rentals Inc,jimcoequipmentcorp.com
"Johnston Equipment, LLC",johnstoneq.com
JSC Enterprises,jscentinc.com
Kenny Queen's,kennyqueenhardware.com
Knight's Farm Supply,knightsfarmsupply.com
L & L Crane Services,llcraneservices.com
Leslie Equipment,lec1.com
Matheny Truck Group,mathenymotors.com
Morrison Crane & Fabrication llc.,morrisoncraneandfabrication.com
MPE Rentals,mperentals.com
Nettles Equipment,nettlesequipment.com
NexAir Heating & AC Repair,nexairhomeservices.com
"One Way Septic Tank Service / Rent-A-Kann, LLC",onewayseptic.com
Panhandle Rental Center,
PARCS Superstore #1 - Kubota,parcs.com
Rogue Rentals,roguerentalswv.com
Romney Crane Rental Inc,
Service Pump & Supply,servicepump.com
Shamblin Brothers Farm Supply,shamblinbrothersfarmsupply.com
Spin My Party,spinmyparty.com
"STATE EQUIPMENT, INC.",stateequipment.com
Sunset Outdoor Supply,sunsetoutdoorsupply.com
The Rental Party,therentalparty.com
Tri-County Rental,tricountyrentalandsales.com
"Trucks, Inc.",trucks-inc.com
West Virginia Tractor Co,wvtractor.com
WV Mobile Gaming,wvmobilegaming.com
Z-tech,ztechwv.com
307 Rents LLC,307rents.com
Able Equipment Company,able-equipment.com
Ace Rentals & Equipment Sales,
Appliance & Furniture RentAll,af-rentall.com
Bar-S Services Inc.,barsinc.net
Big Horn Lift Truck & Equipment,bighornlifttruck.com
Big Horn Machinery,bighornmachinery.com
Black Hawk Crane & Rigging,blackhawkcrane.com
Black's Fork Equipment Rentals LLC,blacksforkrentals.com
Bloedorns-Casper,bloedornlumber.com
Bobcat Of Casper,bobcatofcasper.com
Bobcat of Rock Springs,bobcatofrocksprings.com
Brown Co.,gobrownco.com
C D K Rentals,
C&K Equipment Sales Inc.,cksales.net
Carlson's Equipment Co Inc,carlsonequipment.com
Casper Portable Toilet Rentals,
Cheyenne Kubota,cheyennekubota.com
Colon Construction Equipment Rentals,
DB Equipment,wyopressurewashers.com
Dewalt Lift Truck LLC,dewaltlifttruck.com
DirtE Equipment,dirteequipment.com
Discount Crane Services,discountcraneservice.com
"Drilling Tools International, Inc.",drillingtools.com
Equipment Parts Source Inc,epsstore.com
Equipment USA,
Floyd's Truck Center Inc,floydstrucks.com
Flying Irons Crane & Rigging,sehnertsystems.com
Frontier Outdoor Power,frontieroutdoorpower.com
Halladay GMC,halladaygmc.com
Heart Mountain Equipment,heartmountainequipment.com
"Heartland Kubota, LLC",heartlandkubota.com
High Country Crane Service,highcountrycraneservice.com
Hood's Equipment & Sprinkler,hoodsequipment.com
Hughes Truck and Equipment Repair,hughestruck.com
Jackson Group Peterbilt Cheyenne Wyoming,jgpete.com
JL Cranes,
JW Equipment Rental and Sales,jwequipmentllc.com
Kistler Tent & Awning Co,kistlertent.tapgoods.com
Komatsu Equipment,
Les Rentals,lesrentals.net
"Limitless Motorsports Rentals, LLC.",limitlessrentals307.com
Local Lawn Care LLC,locallawncarecasper.com
M & K Rentals Tool and Equipment,mandkrentals.com
MGH Enterprises LLC,mghenterprises.co
Navigator Energy Rentals,
"Northwest Contractors Supply, Inc",northwestcontractorssupply.com
Prichard Crane Services,
Pro-Kote Engineering & Supply,pro-kote.com
ReRentals,
Ridge Equipment & Truck Repair,ridgeequipment307.com
Rocky Mountain Equipment Brokers,rockymountainequipment.com
Rocky Mountain Equipment & Rental,rmerentals.com
Rocky Mountain Hoist Services Inc.,rockymountainhoist.com
Rose Bros Inc,
Ryno's Rental,rynosrentals.com
SB Equipment Rental,sbequipmentrental.com
SKV LLC,skvllc.com
Snowy Range Equipment Rental LLC,snowyrangerental.com
Source Equipment,sourceequipment.net
Stabil Drill Specialties,stabildrill.com
Swing Trucking Inc. & Crane Service,swingtrucking.com
T & T Cranes LLC,tandtcranes.com
TAKKION,takkion.com
TBK Equipment Rental and Sales,tbkrental.com
Teton Rental Center,tetonrental.com
Tower Country Equipment,towercountry.com
Tractor Guys Inc,tractorguysinc.com
Tri-State Truck & Equipment Inc,volvopenta.com
Tycoon Oilfield Services and Trucking / Hotshot / NDT Inspection,tycoonoilfield.com
Utility Trailer Interstate,utilitytrailer.net
Vovlift,vovlift.com
Wastach Equipment Rentals,wasatchequipmentrents.com
Wazze Crane,
"Welding and Machine, Inc.",
Wyoming Machinery Company,wyomingcat.com
Wyoming Rents,wyomingrents.com
Z Mill Inc - Ag Equipment Dealership,zmillinc.com
